Time;Name;Page;Referrer;Load Generator;Response code;Assertions;Time;Size;Population;Virtual User;
1706275049824;GET https://www.nft.marketplace.team/suppliers/details;/suppliers/details;;localhost:7100;200;1 Assertion failed;0.302;31950;DMP-1.5-Dryrun;DMP 1.5 Supplier Registration - Working on AWS NFT#83 - Actions#1;
1706275442110;GET https://www.nft.marketplace.team/suppliers/details;/suppliers/details;;localhost:7100;200;1 Assertion failed;0.301;32212;DMP-1.5-Dryrun;DMP 1.5 Supplier Registration - Working on AWS NFT#216 - Actions#1;
1706275632052;GET https://www.nft.marketplace.team/suppliers/details;/suppliers/details;;localhost:7100;200;1 Assertion failed;0.467;31957;DMP-1.5-Dryrun;DMP 1.5 Supplier Registration - Working on AWS NFT#78 - Actions#1;
1706276094879;GET https://www.nft.marketplace.team/suppliers/details;/suppliers/details;;localhost:7100;200;1 Assertion failed;5.8;32348;DMP-1.5-Dryrun;DMP 1.5 Supplier Registration - Working on AWS NFT#431 - Actions#1;
1706276207814;GET https://www.nft.marketplace.team/suppliers/details;/suppliers/details;;localhost:7100;200;1 Assertion failed;4.78;32287;DMP-1.5-Dryrun;DMP 1.5 Supplier Registration - Working on AWS NFT#67 - Actions#1;
1706276663873;GET https://www.nft.marketplace.team/suppliers/details;/suppliers/details;;localhost:7100;200;1 Assertion failed;8.78;32148;DMP-1.5-Dryrun;DMP 1.5 Supplier Registration - Working on AWS NFT#218 - Actions#1;
1706276737334;GET https://www.nft.marketplace.team/suppliers/frameworks/g-cloud-14/submissions/cloud-hosting/280918/edit/pricing/education-pricing;/suppliers/frameworks/g-cloud-14/submissions/cloud-hosting/281140/edit/pricing/price;/suppliers/frameworks/g-cloud-14/submissions/cloud-hosting/${pServiceId}/edit/pricing/price;localhost:7100;504;0 Assertion failed;60;723;DMP-1.5-Dryrun;DMP 1.5 Supplier Registration - Working on AWS NFT#6 - Actions#1;
1706276740779;GET https://www.nft.marketplace.team/suppliers/frameworks/g-cloud-14/submissions/cloud-hosting/281020/edit/backups-and-recovery/backup-and-recovery;/suppliers/frameworks/g-cloud-14/submissions/cloud-hosting/281140/edit/backups-and-recovery/bac;;localhost:7100;504;0 Assertion failed;60;723;DMP-1.5-Dryrun;DMP 1.5 Supplier Registration - Working on AWS NFT#353 - Actions#1;
1706276749285;GET https://www.nft.marketplace.team/suppliers/details;/suppliers/details;;localhost:7100;504;0 Assertion failed;60;723;DMP-1.5-Dryrun;DMP 1.5 Supplier Registration - Working on AWS NFT#224 - Actions#1;
1706276750205;GET https://www.nft.marketplace.team/suppliers/frameworks/g-cloud-14/declaration/reuse;/suppliers/frameworks/g-cloud-14/declaration/reuse;;localhost:7100;504;0 Assertion failed;60;723;DMP-1.5-Dryrun;DMP 1.5 Supplier Registration - Working on AWS NFT#405 - Actions#1;
1706276972692;GET https://www.nft.marketplace.team/suppliers/details;/suppliers/details;;localhost:7100;200;1 Assertion failed;22.3;32219;DMP-1.5-Dryrun;DMP 1.5 Supplier Registration - Working on AWS NFT#307 - Actions#1;
1706277041456;GET https://www.nft.marketplace.team/suppliers/frameworks/g-cloud-14/submissions/cloud-hosting/280983;/suppliers/frameworks/g-cloud-14/submissions/cloud-hosting/281140/edit/separation-between-users;/suppliers/frameworks/g-cloud-14/submissions/cloud-hosting/${pServiceId}/edit/separation-between-users/virtualisation;localhost:7100;504;0 Assertion failed;60;723;DMP-1.5-Dryrun;DMP 1.5 Supplier Registration - Working on AWS NFT#302 - Actions#1;
1706277042313;POST https://www.nft.marketplace.team/suppliers/frameworks/g-cloud-14/declaration/edit/data-protection;/suppliers/frameworks/g-cloud-14/declaration/edit/data-protection;;localhost:7100;504;0 Assertion failed;60.1;723;DMP-1.5-Dryrun;DMP 1.5 Supplier Registration - Working on AWS NFT#378 - Actions#1;
1706277042741;POST https://www.nft.marketplace.team/suppliers/frameworks/g-cloud-14/declaration/edit/grounds-for-mandatory-exclusion;/suppliers/frameworks/g-cloud-14/declaration/edit/grounds-for-mandatory-exclusion;;localhost:7100;504;0 Assertion failed;60;723;DMP-1.5-Dryrun;DMP 1.5 Supplier Registration - Working on AWS NFT#209 - Actions#1;
1706277043245;GET https://www.nft.marketplace.team/suppliers/frameworks/g-cloud-14/submissions/cloud-hosting/280969/edit/staff-security/government-security-clearances;/suppliers/frameworks/g-cloud-14/submissions/cloud-hosting/281140/edit/staff-security/staff-sec;/suppliers/frameworks/g-cloud-14/submissions/cloud-hosting/${pServiceId}/edit/staff-security/staff-security-clearance-checks;localhost:7100;504;0 Assertion failed;60;723;DMP-1.5-Dryrun;DMP 1.5 Supplier Registration - Working on AWS NFT#277 - Actions#1;
1706277043920;GET https://www.nft.marketplace.team/suppliers/frameworks/g-cloud-14/submissions/cloud-hosting/281018;/suppliers/frameworks/g-cloud-14/submissions/cloud-hosting/281140/edit/scaling/usage-notificati;/suppliers/frameworks/g-cloud-14/submissions/cloud-hosting/${pServiceId}/edit/scaling/usage-notifications;localhost:7100;504;0 Assertion failed;60;723;DMP-1.5-Dryrun;DMP 1.5 Supplier Registration - Working on AWS NFT#359 - Actions#1;
1706277044743;POST https://www.nft.marketplace.team/suppliers/frameworks/g-cloud-14/declaration/edit/grounds-for-mandatory-exclusion-taxes;/suppliers/frameworks/g-cloud-14/declaration/edit/grounds-for-mandatory-exclusion-taxes;;localhost:7100;504;0 Assertion failed;60;723;DMP-1.5-Dryrun;DMP 1.5 Supplier Registration - Working on AWS NFT#408 - Actions#1;
1706277046573;POST https://www.nft.marketplace.team/suppliers/frameworks/g-cloud-14/submissions/cloud-hosting/280929/edit/documents/service-definition-document-url;/suppliers/frameworks/g-cloud-14/submissions/cloud-hosting/281140/edit/documents/service-defini;;localhost:7100;504;0 Assertion failed;60;723;DMP-1.5-Dryrun;DMP 1.5 Supplier Registration - Working on AWS NFT#222 - Actions#1;
1706277046615;GET https://www.nft.marketplace.team/suppliers/frameworks/g-cloud-14/submissions/cloud-hosting/280930;/suppliers/frameworks/g-cloud-14/submissions/cloud-hosting/281140/edit/energy-efficiency/energy;/suppliers/frameworks/g-cloud-14/submissions/cloud-hosting/${pServiceId}/edit/energy-efficiency/energy-efficiency;localhost:7100;504;0 Assertion failed;60;723;DMP-1.5-Dryrun;DMP 1.5 Supplier Registration - Working on AWS NFT#225 - Actions#1;
1706277093664;GET https://www.nft.marketplace.team/suppliers/details;/suppliers/details;;localhost:7100;200;1 Assertion failed;1.75;32220;DMP-1.5-Dryrun;DMP 1.5 Supplier Registration - Working on AWS NFT#562 - Actions#1;
1706277122429;POST https://www.nft.marketplace.team/suppliers/frameworks/g-cloud-14/submissions/cloud-hosting/281098/edit/service-scope/system-requirements;/suppliers/frameworks/g-cloud-14/submissions/cloud-hosting/281140/edit/service-scope/system-req;;localhost:7100;504;0 Assertion failed;60;723;DMP-1.5-Dryrun;DMP 1.5 Supplier Registration - Working on AWS NFT#55 - Actions#1;
1706277124100;GET https://www.nft.marketplace.team/suppliers/frameworks/g-cloud-14/declaration/edit/group-or-consortium;/suppliers/frameworks/g-cloud-14/declaration/edit/ultimate-parent-company;/suppliers/frameworks/g-cloud-14/declaration/edit/ultimate-parent-company;localhost:7100;504;0 Assertion failed;60;723;DMP-1.5-Dryrun;DMP 1.5 Supplier Registration - Working on AWS NFT#249 - Actions#1;
1706277442976;POST https://www.nft.marketplace.team/suppliers/frameworks/g-cloud-14/declaration/edit/group-or-consortium;/suppliers/frameworks/g-cloud-14/declaration/edit/group-or-consortium;;localhost:7100;504;0 Assertion failed;60;761;DMP-1.5-Dryrun;DMP 1.5 Supplier Registration - Working on AWS NFT#564 - Actions#1;
1706277442992;GET https://www.nft.marketplace.team/suppliers/frameworks/g-cloud-14/declaration/edit/grounds-for-mandatory-exclusion;/suppliers/frameworks/g-cloud-14/declaration/edit/key-subcontractors;/suppliers/frameworks/g-cloud-14/declaration/edit/key-subcontractors;localhost:7100;504;0 Assertion failed;60;723;DMP-1.5-Dryrun;DMP 1.5 Supplier Registration - Working on AWS NFT#542 - Actions#1;
1706277445662;GET https://www.nft.marketplace.team/suppliers/frameworks/g-cloud-14/declaration/edit/grounds-for-discretionary-exclusion;/suppliers/frameworks/g-cloud-14/declaration/edit/grounds-for-mandatory-exclusion-taxes;/suppliers/frameworks/g-cloud-14/declaration/edit/grounds-for-mandatory-exclusion-taxes;localhost:7100;504;0 Assertion failed;60;723;DMP-1.5-Dryrun;DMP 1.5 Supplier Registration - Working on AWS NFT#322 - Actions#1;
1706277446888;GET https://www.nft.marketplace.team/suppliers/frameworks/g-cloud-14/submissions/cloud-hosting/281140/edit/user-support/phone-support;/suppliers/frameworks/g-cloud-14/submissions/cloud-hosting/281140/edit/user-support/email-or-ti;/suppliers/frameworks/g-cloud-14/submissions/cloud-hosting/${pServiceId}/edit/user-support/email-or-ticketing-support;localhost:7100;504;0 Assertion failed;60;723;DMP-1.5-Dryrun;DMP 1.5 Supplier Registration - Working on AWS NFT#287 - Actions#1;
1706277448728;POST https://www.nft.marketplace.team/suppliers/frameworks/g-cloud-14/declaration/edit/grounds-for-discretionary-exclusion;/suppliers/frameworks/g-cloud-14/declaration/edit/grounds-for-discretionary-exclusion;;localhost:7100;504;0 Assertion failed;60;723;DMP-1.5-Dryrun;DMP 1.5 Supplier Registration - Working on AWS NFT#488 - Actions#1;
1706277549308;POST https://www.nft.marketplace.team/suppliers/frameworks/g-cloud-14/submissions/cloud-hosting/280945/edit/documents/service-definition-document-url;/suppliers/frameworks/g-cloud-14/submissions/cloud-hosting/281140/edit/documents/service-defini;;localhost:7100;504;0 Assertion failed;60;723;DMP-1.5-Dryrun;DMP 1.5 Supplier Registration - Working on AWS NFT#45 - Actions#1;
1706277550211;GET https://www.nft.marketplace.team/suppliers/frameworks/g-cloud-14/declaration/edit/health-and-safety;/suppliers/frameworks/g-cloud-14/declaration/edit/data-protection;/suppliers/frameworks/g-cloud-14/declaration/edit/data-protection;localhost:7100;504;0 Assertion failed;60;723;DMP-1.5-Dryrun;DMP 1.5 Supplier Registration - Working on AWS NFT#457 - Actions#1;
1706277551183;POST https://www.nft.marketplace.team/suppliers/frameworks/g-cloud-14/submissions/cloud-hosting/281164/edit/service-scope/service-constraints;/suppliers/frameworks/g-cloud-14/submissions/cloud-hosting/281140/edit/service-scope/service-co;;localhost:7100;504;0 Assertion failed;60;761;DMP-1.5-Dryrun;DMP 1.5 Supplier Registration - Working on AWS NFT#333 - Actions#1;
1706277551234;POST https://www.nft.marketplace.team/suppliers/frameworks/g-cloud-14/submissions/cloud-hosting/281028/edit/governance/board-level-service-security;/suppliers/frameworks/g-cloud-14/submissions/cloud-hosting/281140/edit/governance/board-level-s;;localhost:7100;504;0 Assertion failed;60;723;DMP-1.5-Dryrun;DMP 1.5 Supplier Registration - Working on AWS NFT#365 - Actions#1;
1706277552813;POST https://www.nft.marketplace.team/suppliers/frameworks/g-cloud-14/submissions/cloud-hosting/281026/edit/availability-and-resilience/outage-reporting;/suppliers/frameworks/g-cloud-14/submissions/cloud-hosting/281140/edit/availability-and-resilie;;localhost:7100;504;0 Assertion failed;60;723;DMP-1.5-Dryrun;DMP 1.5 Supplier Registration - Working on AWS NFT#362 - Actions#1;
1706277559053;POST https://www.nft.marketplace.team/suppliers/frameworks/g-cloud-14/declaration/edit/ultimate-parent-company;/suppliers/frameworks/g-cloud-14/declaration/edit/ultimate-parent-company;;localhost:7100;504;0 Assertion failed;60;723;DMP-1.5-Dryrun;DMP 1.5 Supplier Registration - Working on AWS NFT#379 - Actions#1;
1706277561753;GET https://www.nft.marketplace.team/suppliers/frameworks/g-cloud-14/submissions/cloud-hosting/281180;/suppliers/frameworks/g-cloud-14/submissions/cloud-hosting/281140/edit/service-features-and-ben;/suppliers/frameworks/g-cloud-14/submissions/cloud-hosting/${pServiceId}/edit/service-features-and-benefits/service-features-and-benefits;localhost:7100;504;0 Assertion failed;60;723;DMP-1.5-Dryrun;DMP 1.5 Supplier Registration - Working on AWS NFT#330 - Actions#1;
1706277562394;GET https://www.nft.marketplace.team/suppliers/frameworks/g-cloud-14/submissions/cloud-hosting/280995/edit/operational-security/protective-monitoring-approach;/suppliers/frameworks/g-cloud-14/submissions/cloud-hosting/281140/edit/operational-security/pro;/suppliers/frameworks/g-cloud-14/submissions/cloud-hosting/${pServiceId}/edit/operational-security/protective-monitoring-type;localhost:7100;504;0 Assertion failed;60;723;DMP-1.5-Dryrun;DMP 1.5 Supplier Registration - Working on AWS NFT#124 - Actions#1;
1706277562482;POST https://www.nft.marketplace.team/suppliers/frameworks/g-cloud-14/declaration/edit/what-it-means-to-be-on-g-cloud-14;/suppliers/frameworks/g-cloud-14/declaration/edit/what-it-means-to-be-on-g-cloud-14;;localhost:7100;504;0 Assertion failed;60;723;DMP-1.5-Dryrun;DMP 1.5 Supplier Registration - Working on AWS NFT#455 - Actions#1;
1706277562690;GET https://www.nft.marketplace.team/suppliers/frameworks/g-cloud-14/submissions/cloud-hosting/create;/suppliers/frameworks/g-cloud-14/submissions/cloud-hosting/create;;localhost:7100;504;0 Assertion failed;60;761;DMP-1.5-Dryrun;DMP 1.5 Supplier Registration - Working on AWS NFT#158 - Actions#1;
1706277563274;GET https://www.nft.marketplace.team/suppliers/frameworks/g-cloud-14/submissions/cloud-hosting/281155/edit/service-scope/system-requirements;/suppliers/frameworks/g-cloud-14/submissions/cloud-hosting/281140/edit/service-scope/service-co;/suppliers/frameworks/g-cloud-14/submissions/cloud-hosting/${pServiceId}/edit/service-scope/service-constraints;localhost:7100;504;0 Assertion failed;60;761;DMP-1.5-Dryrun;DMP 1.5 Supplier Registration - Working on AWS NFT#107 - Actions#1;
1706277563347;POST https://www.nft.marketplace.team/suppliers/frameworks/g-cloud-14/submissions/cloud-hosting/281176/edit/service-features-and-benefits/service-features-and-benefits;/suppliers/frameworks/g-cloud-14/submissions/cloud-hosting/281140/edit/service-features-and-ben;;localhost:7100;504;0 Assertion failed;60;723;DMP-1.5-Dryrun;DMP 1.5 Supplier Registration - Working on AWS NFT#306 - Actions#1;
1706277564026;POST https://www.nft.marketplace.team/suppliers/frameworks/g-cloud-14/declaration/edit/immediate-parent-company;/suppliers/frameworks/g-cloud-14/declaration/edit/immediate-parent-company;;localhost:7100;504;0 Assertion failed;60;761;DMP-1.5-Dryrun;DMP 1.5 Supplier Registration - Working on AWS NFT#397 - Actions#1;
1706277564085;GET https://www.nft.marketplace.team/suppliers/frameworks/g-cloud-14/submissions/cloud-hosting/280940/edit/pricing/free-or-trial-versions;/suppliers/frameworks/g-cloud-14/submissions/cloud-hosting/281140/edit/pricing/education-pricin;/suppliers/frameworks/g-cloud-14/submissions/cloud-hosting/${pServiceId}/edit/pricing/education-pricing;localhost:7100;504;0 Assertion failed;60;723;DMP-1.5-Dryrun;DMP 1.5 Supplier Registration - Working on AWS NFT#39 - Actions#1;
1706277564221;POST https://www.nft.marketplace.team/suppliers/frameworks/g-cloud-14/declaration/edit/application-accuracy;/suppliers/frameworks/g-cloud-14/declaration/edit/application-accuracy;;localhost:7100;504;0 Assertion failed;60;723;DMP-1.5-Dryrun;DMP 1.5 Supplier Registration - Working on AWS NFT#448 - Actions#1;
1706277565535;POST https://www.nft.marketplace.team/suppliers/frameworks/g-cloud-14/declaration/edit/contracts-finder;/suppliers/frameworks/g-cloud-14/declaration/edit/contracts-finder;;localhost:7100;504;0 Assertion failed;60;723;DMP-1.5-Dryrun;DMP 1.5 Supplier Registration - Working on AWS NFT#460 - Actions#1;
1706277565621;GET https://www.nft.marketplace.team/suppliers/frameworks/g-cloud-14/submissions/cloud-hosting/281182/edit/service-scope/service-constraints;/suppliers/frameworks/g-cloud-14/submissions/cloud-hosting/281140/edit/service-scope/service-co;;localhost:7100;504;0 Assertion failed;60;723;DMP-1.5-Dryrun;DMP 1.5 Supplier Registration - Working on AWS NFT#351 - Actions#1;
1706277566407;GET https://www.nft.marketplace.team/suppliers/frameworks/g-cloud-14/declaration/edit/economic-and-financial-standing;/suppliers/frameworks/g-cloud-14/declaration/edit/modern-slavery;/suppliers/frameworks/g-cloud-14/declaration/edit/modern-slavery;localhost:7100;504;0 Assertion failed;60;723;DMP-1.5-Dryrun;DMP 1.5 Supplier Registration - Working on AWS NFT#521 - Actions#1;
1706277566631;POST https://www.nft.marketplace.team/suppliers/frameworks/g-cloud-14/submissions/cloud-hosting/281045/edit/scaling/independence-of-resources;/suppliers/frameworks/g-cloud-14/submissions/cloud-hosting/281140/edit/scaling/independence-of-;;localhost:7100;504;0 Assertion failed;60;761;DMP-1.5-Dryrun;DMP 1.5 Supplier Registration - Working on AWS NFT#389 - Actions#1;
1706277567299;POST https://www.nft.marketplace.team/suppliers/frameworks/g-cloud-14/submissions/cloud-hosting/281133/edit/user-support/phone-support;/suppliers/frameworks/g-cloud-14/submissions/cloud-hosting/281140/edit/user-support/phone-suppo;;localhost:7100;504;0 Assertion failed;60;723;DMP-1.5-Dryrun;DMP 1.5 Supplier Registration - Working on AWS NFT#104 - Actions#1;
1706277567364;POST https://www.nft.marketplace.team/suppliers/frameworks/g-cloud-14/declaration/edit/authorisation-or-organisation-legal-requirement;/suppliers/frameworks/g-cloud-14/declaration/edit/authorisation-or-organisation-legal-requireme;;localhost:7100;504;0 Assertion failed;60;761;DMP-1.5-Dryrun;DMP 1.5 Supplier Registration - Working on AWS NFT#430 - Actions#1;
1706277567414;GET https://www.nft.marketplace.team/suppliers/frameworks/g-cloud-14/submissions/cloud-hosting/281032/edit/availability-and-resilience/guaranteed-availability;/suppliers/frameworks/g-cloud-14/submissions/cloud-hosting/281140/edit/availability-and-resilie;;localhost:7100;504;0 Assertion failed;60;723;DMP-1.5-Dryrun;DMP 1.5 Supplier Registration - Working on AWS NFT#175 - Actions#1;
1706277568162;POST https://www.nft.marketplace.team/suppliers/frameworks/g-cloud-14/submissions/cloud-hosting/281047/edit/asset-protection/data-storage-and-processing-locations;/suppliers/frameworks/g-cloud-14/submissions/cloud-hosting/281140/edit/asset-protection/data-st;;localhost:7100;504;0 Assertion failed;60;723;DMP-1.5-Dryrun;DMP 1.5 Supplier Registration - Working on AWS NFT#398 - Actions#1;
1706277568424;POST https://www.nft.marketplace.team/suppliers/frameworks/g-cloud-14/declaration/edit/grounds-for-mandatory-exclusion-taxes;/suppliers/frameworks/g-cloud-14/declaration/edit/grounds-for-mandatory-exclusion-taxes;;localhost:7100;504;0 Assertion failed;60;723;DMP-1.5-Dryrun;DMP 1.5 Supplier Registration - Working on AWS NFT#325 - Actions#1;
1706277568445;GET https://www.nft.marketplace.team/suppliers/frameworks/g-cloud-14/declaration/edit/providing-suitable-services;/suppliers/frameworks/g-cloud-14/declaration/edit/providing-suitable-services;;localhost:7100;504;0 Assertion failed;60;723;DMP-1.5-Dryrun;DMP 1.5 Supplier Registration - Working on AWS NFT#2 - Actions#2;
1706277569533;POST https://www.nft.marketplace.team/suppliers/frameworks/g-cloud-14/submissions/cloud-hosting/281192/edit/about-your-service/service-categories;/suppliers/frameworks/g-cloud-14/submissions/cloud-hosting/281140/edit/about-your-service/servi;;localhost:7100;504;0 Assertion failed;60;723;DMP-1.5-Dryrun;DMP 1.5 Supplier Registration - Working on AWS NFT#384 - Actions#1;
1706277570786;POST https://www.nft.marketplace.team/suppliers/frameworks/g-cloud-14/declaration/edit/what-it-means-to-be-on-g-cloud-14;/suppliers/frameworks/g-cloud-14/declaration/edit/what-it-means-to-be-on-g-cloud-14;;localhost:7100;504;0 Assertion failed;60;723;DMP-1.5-Dryrun;DMP 1.5 Supplier Registration - Working on AWS NFT#436 - Actions#1;
1706277570833;POST https://www.nft.marketplace.team/suppliers/frameworks/g-cloud-14/submissions/cloud-hosting/281082/edit/backups-and-recovery/backup-and-recovery;/suppliers/frameworks/g-cloud-14/submissions/cloud-hosting/281140/edit/backups-and-recovery/bac;;localhost:7100;504;0 Assertion failed;60;761;DMP-1.5-Dryrun;DMP 1.5 Supplier Registration - Working on AWS NFT#444 - Actions#1;
1706277572966;GET https://www.nft.marketplace.team/suppliers/details;/suppliers/details;;localhost:7100;504;0 Assertion failed;60;723;DMP-1.5-Dryrun;DMP 1.5 Supplier Registration - Working on AWS NFT#575 - Actions#1;
1706277574093;POST https://www.nft.marketplace.team/suppliers/frameworks/g-cloud-14/submissions/cloud-hosting/281101/edit/how-users-work-with-your-service/command-line-interface;/suppliers/frameworks/g-cloud-14/submissions/cloud-hosting/281140/edit/how-users-work-with-your;;localhost:7100;504;0 Assertion failed;60;723;DMP-1.5-Dryrun;DMP 1.5 Supplier Registration - Working on AWS NFT#254 - Actions#1;
1706277574660;GET https://www.nft.marketplace.team/suppliers/frameworks/g-cloud-14/submissions/cloud-hosting/280953/edit/documents/terms-and-conditions-document-url;/suppliers/frameworks/g-cloud-14/submissions/cloud-hosting/281142/edit/documents/service-defini_1;/suppliers/frameworks/g-cloud-14/submissions/cloud-hosting/${pServiceId}/edit/documents/service-definition-document-url;localhost:7100;504;0 Assertion failed;60;761;DMP-1.5-Dryrun;DMP 1.5 Supplier Registration - Working on AWS NFT#51 - Actions#1;
1706277576040;GET https://www.nft.marketplace.team/suppliers/frameworks/g-cloud-14;/suppliers/details;/suppliers/details;localhost:7100;504;0 Assertion failed;60;761;DMP-1.5-Dryrun;DMP 1.5 Supplier Registration - Working on AWS NFT#486 - Actions#1;
1706277576287;GET https://www.nft.marketplace.team/suppliers/frameworks/g-cloud-14/submissions/cloud-hosting/280977/edit/audit-information-for-users/how-long-system-logs-stored;/suppliers/frameworks/g-cloud-14/submissions/cloud-hosting/281140/edit/audit-information-for-us;/suppliers/frameworks/g-cloud-14/submissions/cloud-hosting/${pServiceId}/edit/audit-information-for-users/audit-for-suppliers-users-actions;localhost:7100;504;0 Assertion failed;60;723;DMP-1.5-Dryrun;DMP 1.5 Supplier Registration - Working on AWS NFT#90 - Actions#1;
1706277576503;GET https://www.nft.marketplace.team/suppliers/frameworks/g-cloud-14/submissions/cloud-hosting/281106/edit/how-users-work-with-your-service/api;/suppliers/frameworks/g-cloud-14/submissions/cloud-hosting/281140/edit/how-users-work-with-your;/suppliers/frameworks/g-cloud-14/submissions/cloud-hosting/${pServiceId}/edit/how-users-work-with-your-service/web-interface;localhost:7100;504;0 Assertion failed;60;723;DMP-1.5-Dryrun;DMP 1.5 Supplier Registration - Working on AWS NFT#257 - Actions#1;
1706277576702;GET https://www.nft.marketplace.team/suppliers/frameworks/g-cloud-14/submissions/cloud-hosting/281152;/suppliers/frameworks/g-cloud-14/submissions/cloud-hosting/281140/edit/reselling/supplier-type;/suppliers/frameworks/g-cloud-14/submissions/cloud-hosting/${pServiceId}/edit/reselling/supplier-type;localhost:7100;504;0 Assertion failed;60.1;723;DMP-1.5-Dryrun;DMP 1.5 Supplier Registration - Working on AWS NFT#82 - Actions#1;
1706277576918;GET https://www.nft.marketplace.team/suppliers/frameworks/g-cloud-14/submissions/cloud-hosting/280957/edit/energy-efficiency/energy-efficiency;/suppliers/frameworks/g-cloud-14/submissions/cloud-hosting/281140/edit/energy-efficiency/energy;;localhost:7100;504;0 Assertion failed;60;723;DMP-1.5-Dryrun;DMP 1.5 Supplier Registration - Working on AWS NFT#265 - Actions#1;
1706277578030;GET https://www.nft.marketplace.team/suppliers/frameworks/g-cloud-14/submissions/cloud-hosting/281201/edit/about-your-service/service-description;/suppliers/frameworks/g-cloud-14/submissions/cloud-hosting/281140/edit/about-your-service/servi;;localhost:7100;504;0 Assertion failed;60;723;DMP-1.5-Dryrun;DMP 1.5 Supplier Registration - Working on AWS NFT#155 - Actions#1;
1706277578078;GET https://www.nft.marketplace.team/suppliers/frameworks/g-cloud-14/submissions/service-type;/suppliers/frameworks/g-cloud-14/submissions/service-type;;localhost:7100;504;0 Assertion failed;60;723;DMP-1.5-Dryrun;DMP 1.5 Supplier Registration - Working on AWS NFT#420 - Actions#1;
1706277578223;GET https://www.nft.marketplace.team/suppliers/details;/suppliers/details;;localhost:7100;504;0 Assertion failed;60;723;DMP-1.5-Dryrun;DMP 1.5 Supplier Registration - Working on AWS NFT#576 - Actions#1;
1706277578225;GET https://www.nft.marketplace.team/suppliers/frameworks/g-cloud-14/declaration/edit/application-accuracy;/suppliers/frameworks/g-cloud-14/declaration/edit/framework-award-form-details;/suppliers/frameworks/g-cloud-14/declaration/edit/framework-award-form-details;localhost:7100;504;0 Assertion failed;60;723;DMP-1.5-Dryrun;DMP 1.5 Supplier Registration - Working on AWS NFT#441 - Actions#1;
1706277579011;GET https://www.nft.marketplace.team/suppliers/frameworks/g-cloud-14/submissions/cloud-hosting/281208;/suppliers/frameworks/g-cloud-14/submissions/cloud-hosting/create;/suppliers/frameworks/g-cloud-14/submissions/cloud-hosting/create;localhost:7100;504;0 Assertion failed;60;723;DMP-1.5-Dryrun;DMP 1.5 Supplier Registration - Working on AWS NFT#137 - Actions#1;
1706277579614;GET https://www.nft.marketplace.team/suppliers/frameworks/g-cloud-14/declaration/edit/economic-and-financial-standing;/suppliers/frameworks/g-cloud-14/declaration/edit/modern-slavery;/suppliers/frameworks/g-cloud-14/declaration/edit/modern-slavery;localhost:7100;504;0 Assertion failed;60;761;DMP-1.5-Dryrun;DMP 1.5 Supplier Registration - Working on AWS NFT#518 - Actions#1;
1706277579658;GET https://www.nft.marketplace.team/suppliers/frameworks/g-cloud-14/submissions/cloud-hosting/281159/edit/reselling/supplier-type;/suppliers/frameworks/g-cloud-14/submissions/cloud-hosting/281140/edit/reselling/supplier-type;;localhost:7100;504;0 Assertion failed;60;723;DMP-1.5-Dryrun;DMP 1.5 Supplier Registration - Working on AWS NFT#95 - Actions#1;
1706277580301;POST https://www.nft.marketplace.team/suppliers/frameworks/g-cloud-14/submissions/cloud-hosting/281059/edit/scaling/scaling;/suppliers/frameworks/g-cloud-14/submissions/cloud-hosting/281140/edit/scaling/scaling;;localhost:7100;504;0 Assertion failed;60;723;DMP-1.5-Dryrun;DMP 1.5 Supplier Registration - Working on AWS NFT#196 - Actions#1;
1706277583474;GET https://www.nft.marketplace.team/suppliers/frameworks/g-cloud-14/declaration/edit/contracts-finder;/suppliers/frameworks/g-cloud-14/declaration/edit/health-and-safety;/suppliers/frameworks/g-cloud-14/declaration/edit/health-and-safety;localhost:7100;504;0 Assertion failed;60;723;DMP-1.5-Dryrun;DMP 1.5 Supplier Registration - Working on AWS NFT#557 - Actions#1;
1706277585357;POST https://www.nft.marketplace.team/suppliers/frameworks/g-cloud-14/declaration/edit/working-with-government;/suppliers/frameworks/g-cloud-14/declaration/edit/working-with-government;;localhost:7100;504;0 Assertion failed;60;723;DMP-1.5-Dryrun;DMP 1.5 Supplier Registration - Working on AWS NFT#509 - Actions#1;
1706277585444;GET https://www.nft.marketplace.team/suppliers/frameworks/g-cloud-14/declaration/edit/value-added-tax;/suppliers/frameworks/g-cloud-14/declaration/edit/working-with-government;/suppliers/frameworks/g-cloud-14/declaration/edit/working-with-government;localhost:7100;504;0 Assertion failed;60;723;DMP-1.5-Dryrun;DMP 1.5 Supplier Registration - Working on AWS NFT#301 - Actions#1;
1706277585757;GET https://www.nft.marketplace.team/suppliers/frameworks/g-cloud-14/declaration/edit/insurance-requirements;/suppliers/frameworks/g-cloud-14/declaration/edit/value-added-tax;/suppliers/frameworks/g-cloud-14/declaration/edit/value-added-tax;localhost:7100;504;0 Assertion failed;60;723;DMP-1.5-Dryrun;DMP 1.5 Supplier Registration - Working on AWS NFT#295 - Actions#1;
1706277586697;GET https://www.nft.marketplace.team/suppliers/frameworks/g-cloud-14/submissions/cloud-hosting/281186/edit/service-features-and-benefits/service-features-and-benefits;/suppliers/frameworks/g-cloud-14/submissions/cloud-hosting/281140/edit/service-features-and-ben;;localhost:7100;504;0 Assertion failed;60;723;DMP-1.5-Dryrun;DMP 1.5 Supplier Registration - Working on AWS NFT#345 - Actions#1;
1706277587896;POST https://www.nft.marketplace.team/suppliers/frameworks/g-cloud-14/submissions/cloud-hosting/281038/edit/asset-protection/penetration-testing;/suppliers/frameworks/g-cloud-14/submissions/cloud-hosting/281140/edit/asset-protection/penetra;;localhost:7100;504;0 Assertion failed;60;723;DMP-1.5-Dryrun;DMP 1.5 Supplier Registration - Working on AWS NFT#190 - Actions#1;
1706277587939;POST https://www.nft.marketplace.team/suppliers/frameworks/g-cloud-14/submissions/service-type;/suppliers/frameworks/g-cloud-14/submissions/service-type;;localhost:7100;504;0 Assertion failed;60;723;DMP-1.5-Dryrun;DMP 1.5 Supplier Registration - Working on AWS NFT#212 - Actions#1;
1706277591383;GET https://www.nft.marketplace.team/suppliers/frameworks/g-cloud-14/submissions/cloud-hosting/281117/edit/how-users-work-with-your-service/api;/suppliers/frameworks/g-cloud-14/submissions/cloud-hosting/281140/edit/how-users-work-with-your;/suppliers/frameworks/g-cloud-14/submissions/cloud-hosting/${pServiceId}/edit/how-users-work-with-your-service/web-interface;localhost:7100;504;0 Assertion failed;60;723;DMP-1.5-Dryrun;DMP 1.5 Supplier Registration - Working on AWS NFT#76 - Actions#1;
1706277591648;GET https://www.nft.marketplace.team/suppliers/frameworks/g-cloud-14/declaration/edit/what-it-means-to-be-on-g-cloud-14;/suppliers/frameworks/g-cloud-14/declaration/edit/providing-suitable-services;/suppliers/frameworks/g-cloud-14/declaration/edit/providing-suitable-services;localhost:7100;504;0 Assertion failed;60;723;DMP-1.5-Dryrun;DMP 1.5 Supplier Registration - Working on AWS NFT#554 - Actions#1;
1706277592747;GET https://www.nft.marketplace.team/suppliers/frameworks/g-cloud-14/declaration/edit/data-protection;/suppliers/frameworks/g-cloud-14/declaration/edit/insurance-requirements;/suppliers/frameworks/g-cloud-14/declaration/edit/insurance-requirements;localhost:7100;504;0 Assertion failed;60;723;DMP-1.5-Dryrun;DMP 1.5 Supplier Registration - Working on AWS NFT#267 - Actions#1;
1706277642247;GET https://www.nft.marketplace.team/suppliers/details;/suppliers/details;;localhost:7100;200;1 Assertion failed;26.7;32204;DMP-1.5-Dryrun;DMP 1.5 Supplier Registration - Working on AWS NFT#624 - Actions#1;
1706277756527;GET https://www.nft.marketplace.team/suppliers/frameworks/g-cloud-14;/suppliers/frameworks/g-cloud-14/declaration;/suppliers/frameworks/g-cloud-14/declaration;localhost:7100;504;0 Assertion failed;60;723;DMP-1.5-Dryrun;DMP 1.5 Supplier Registration - Working on AWS NFT#228 - Actions#1;
1706277758001;GET https://www.nft.marketplace.team/suppliers/frameworks/g-cloud-14/submissions/cloud-hosting/281172;/suppliers/frameworks/g-cloud-14/submissions/cloud-hosting/281140/edit/reselling/supplier-type;/suppliers/frameworks/g-cloud-14/submissions/cloud-hosting/${pServiceId}/edit/reselling/supplier-type;localhost:7100;504;0 Assertion failed;60;723;DMP-1.5-Dryrun;DMP 1.5 Supplier Registration - Working on AWS NFT#140 - Actions#1;
1706277758075;GET https://www.nft.marketplace.team/suppliers/frameworks/g-cloud-14/submissions/cloud-hosting/281114/edit/how-users-work-with-your-service/command-line-interface;/suppliers/frameworks/g-cloud-14/submissions/cloud-hosting/281140/edit/how-users-work-with-your;/suppliers/frameworks/g-cloud-14/submissions/cloud-hosting/${pServiceId}/edit/how-users-work-with-your-service/api;localhost:7100;504;0 Assertion failed;60;723;DMP-1.5-Dryrun;DMP 1.5 Supplier Registration - Working on AWS NFT#73 - Actions#1;
1706277761043;POST https://www.nft.marketplace.team/suppliers/frameworks/g-cloud-14/submissions/cloud-hosting/280941/edit/documents/sfia-rate-document-url;/suppliers/frameworks/g-cloud-14/submissions/cloud-hosting/281142/edit/documents/sfia-rate-docu;;localhost:7100;504;0 Assertion failed;60;723;DMP-1.5-Dryrun;DMP 1.5 Supplier Registration - Working on AWS NFT#30 - Actions#1;
1706277765338;GET https://www.nft.marketplace.team/suppliers/frameworks/g-cloud-14/declaration/edit/providing-suitable-services;/suppliers/frameworks/g-cloud-14/declaration/edit/providing-suitable-services;;localhost:7100;504;0 Assertion failed;60;723;DMP-1.5-Dryrun;DMP 1.5 Supplier Registration - Working on AWS NFT#50 - Actions#2;
1706277814737;GET https://www.nft.marketplace.team/suppliers/frameworks/g-cloud-14/submissions/cloud-hosting/280974/edit/standards-and-certifications/csa-star-certification;/suppliers/frameworks/g-cloud-14/submissions/cloud-hosting/281140/edit/standards-and-certificat;/suppliers/frameworks/g-cloud-14/submissions/cloud-hosting/${pServiceId}/edit/standards-and-certifications/iso-28000-2007-certification;localhost:7100;504;0 Assertion failed;60;723;DMP-1.5-Dryrun;DMP 1.5 Supplier Registration - Working on AWS NFT#293 - Actions#1;
1706277815242;POST https://www.nft.marketplace.team/suppliers/frameworks/g-cloud-14/submissions/cloud-hosting/281167/edit/user-support/support-levels;/suppliers/frameworks/g-cloud-14/submissions/cloud-hosting/281140/edit/user-support/support-lev;;localhost:7100;504;0 Assertion failed;60;723;DMP-1.5-Dryrun;DMP 1.5 Supplier Registration - Working on AWS NFT#517 - Actions#1;
1706277815278;GET https://www.nft.marketplace.team/suppliers/frameworks/g-cloud-14/submissions;/suppliers/frameworks/g-cloud-14/submissions;;localhost:7100;504;0 Assertion failed;60;723;DMP-1.5-Dryrun;DMP 1.5 Supplier Registration - Working on AWS NFT#238 - Actions#1;
1706277815596;POST https://www.nft.marketplace.team/suppliers/frameworks/g-cloud-14/declaration/edit/providing-suitable-services;/suppliers/frameworks/g-cloud-14/declaration/edit/providing-suitable-services;;localhost:7100;504;0 Assertion failed;60;723;DMP-1.5-Dryrun;DMP 1.5 Supplier Registration - Working on AWS NFT#600 - Actions#1;
1706277815632;GET https://www.nft.marketplace.team/suppliers/frameworks/g-cloud-14/submissions/cloud-hosting/281122/edit/onboarding-and-offboarding/end-of-contract-process;/suppliers/frameworks/g-cloud-14/submissions/cloud-hosting/281140/edit/onboarding-and-offboardi;/suppliers/frameworks/g-cloud-14/submissions/cloud-hosting/${pServiceId}/edit/onboarding-and-offboarding/end-of-contract-data-extraction;localhost:7100;504;0 Assertion failed;60;723;DMP-1.5-Dryrun;DMP 1.5 Supplier Registration - Working on AWS NFT#79 - Actions#1;
1706277815655;POST https://www.nft.marketplace.team/suppliers/frameworks/g-cloud-14/submissions/cloud-hosting/281060/edit/scaling/usage-notifications;/suppliers/frameworks/g-cloud-14/submissions/cloud-hosting/281140/edit/scaling/usage-notificati;;localhost:7100;504;0 Assertion failed;60;723;DMP-1.5-Dryrun;DMP 1.5 Supplier Registration - Working on AWS NFT#214 - Actions#1;
1706277815806;GET https://www.nft.marketplace.team/suppliers/frameworks/g-cloud-14/submissions/cloud-hosting/280948/edit/documents/sfia-rate-document-url;/suppliers/frameworks/g-cloud-14/submissions/cloud-hosting/281142/edit/documents/pricing-docume;/suppliers/frameworks/g-cloud-14/submissions/cloud-hosting/${pServiceId}/edit/documents/pricing-document-url;localhost:7100;504;0 Assertion failed;60;761;DMP-1.5-Dryrun;DMP 1.5 Supplier Registration - Working on AWS NFT#247 - Actions#1;
1706277815983;POST https://www.nft.marketplace.team/suppliers/frameworks/g-cloud-14/submissions/cloud-hosting/280992/edit/staff-security/government-security-clearances;/suppliers/frameworks/g-cloud-14/submissions/cloud-hosting/281140/edit/staff-security/governmen;;localhost:7100;504;0 Assertion failed;60;723;DMP-1.5-Dryrun;DMP 1.5 Supplier Registration - Working on AWS NFT#109 - Actions#1;
1706277815998;GET https://www.nft.marketplace.team/suppliers/frameworks/g-cloud-14;/suppliers/frameworks/g-cloud-14/declaration;/suppliers/frameworks/g-cloud-14/declaration;localhost:7100;504;0 Assertion failed;60;723;DMP-1.5-Dryrun;DMP 1.5 Supplier Registration - Working on AWS NFT#555 - Actions#1;
1706277816093;GET https://www.nft.marketplace.team/suppliers/frameworks/g-cloud-14/submissions/cloud-hosting/281190/edit/user-support/web-chat-support;/suppliers/frameworks/g-cloud-14/submissions/cloud-hosting/281140/edit/user-support/phone-suppo;/suppliers/frameworks/g-cloud-14/submissions/cloud-hosting/${pServiceId}/edit/user-support/phone-support;localhost:7100;504;0 Assertion failed;60;723;DMP-1.5-Dryrun;DMP 1.5 Supplier Registration - Working on AWS NFT#170 - Actions#1;
1706277816777;POST https://www.nft.marketplace.team/suppliers/frameworks/g-cloud-14/declaration/edit/providing-suitable-services;/suppliers/frameworks/g-cloud-14/declaration/edit/providing-suitable-services;;localhost:7100;504;0 Assertion failed;60;761;DMP-1.5-Dryrun;DMP 1.5 Supplier Registration - Working on AWS NFT#630 - Actions#1;
1706277816822;GET https://www.nft.marketplace.team/suppliers/frameworks/g-cloud-14/submissions/cloud-hosting/create;/suppliers/frameworks/g-cloud-14/submissions/cloud-hosting/create;;localhost:7100;504;0 Assertion failed;60;723;DMP-1.5-Dryrun;DMP 1.5 Supplier Registration - Working on AWS NFT#402 - Actions#1;
1706277816975;POST https://www.nft.marketplace.team/suppliers/frameworks/g-cloud-14/submissions/cloud-hosting/280962/edit/pricing/free-or-trial-versions;/suppliers/frameworks/g-cloud-14/submissions/cloud-hosting/281140/edit/pricing/free-or-trial-ve_1;;localhost:7100;504;0 Assertion failed;60;723;DMP-1.5-Dryrun;DMP 1.5 Supplier Registration - Working on AWS NFT#262 - Actions#1;
1706277817420;GET https://www.nft.marketplace.team/suppliers/frameworks/g-cloud-14/submissions/cloud-hosting/281095/edit/scaling/usage-notifications;/suppliers/frameworks/g-cloud-14/submissions/cloud-hosting/281140/edit/scaling/independence-of-;/suppliers/frameworks/g-cloud-14/submissions/cloud-hosting/${pServiceId}/edit/scaling/independence-of-resources;localhost:7100;504;0 Assertion failed;60;723;DMP-1.5-Dryrun;DMP 1.5 Supplier Registration - Working on AWS NFT#251 - Actions#1;
1706277817553;POST https://www.nft.marketplace.team/suppliers/frameworks/g-cloud-14/submissions/cloud-hosting/281029/edit/governance/information-security-policies-and-processes;/suppliers/frameworks/g-cloud-14/submissions/cloud-hosting/281140/edit/governance/information-s;;localhost:7100;504;0 Assertion failed;60;723;DMP-1.5-Dryrun;DMP 1.5 Supplier Registration - Working on AWS NFT#172 - Actions#1;
1706277817558;POST https://www.nft.marketplace.team/suppliers/frameworks/g-cloud-14/declaration/edit/data-protection;/suppliers/frameworks/g-cloud-14/declaration/edit/data-protection;;localhost:7100;504;0 Assertion failed;60;723;DMP-1.5-Dryrun;DMP 1.5 Supplier Registration - Working on AWS NFT#340 - Actions#1;
1706277817628;GET https://www.nft.marketplace.team/suppliers/frameworks/g-cloud-14/submissions/cloud-hosting/281129/edit/onboarding-and-offboarding/end-of-contract-data-extraction;/suppliers/frameworks/g-cloud-14/submissions/cloud-hosting/281140/edit/onboarding-and-offboardi;/suppliers/frameworks/g-cloud-14/submissions/cloud-hosting/${pServiceId}/edit/onboarding-and-offboarding/documentation;localhost:7100;504;0 Assertion failed;60;723;DMP-1.5-Dryrun;DMP 1.5 Supplier Registration - Working on AWS NFT#85 - Actions#1;
1706277817718;GET https://www.nft.marketplace.team/suppliers/frameworks/g-cloud-14/submissions/cloud-hosting/280958/edit/pricing/education-pricing;/suppliers/frameworks/g-cloud-14/submissions/cloud-hosting/281140/edit/pricing/price;/suppliers/frameworks/g-cloud-14/submissions/cloud-hosting/${pServiceId}/edit/pricing/price;localhost:7100;504;0 Assertion failed;60;723;DMP-1.5-Dryrun;DMP 1.5 Supplier Registration - Working on AWS NFT#66 - Actions#1;
1706277817765;POST https://www.nft.marketplace.team/suppliers/frameworks/g-cloud-14/submissions/cloud-hosting/281135/edit/how-users-work-with-your-service/api;/suppliers/frameworks/g-cloud-14/submissions/cloud-hosting/281140/edit/how-users-work-with-your;;localhost:7100;504;0 Assertion failed;60;723;DMP-1.5-Dryrun;DMP 1.5 Supplier Registration - Working on AWS NFT#291 - Actions#1;
1706277817841;GET https://www.nft.marketplace.team/suppliers/frameworks/g-cloud-14/declaration/edit/what-it-means-to-be-on-g-cloud-14;/suppliers/frameworks/g-cloud-14/declaration/edit/providing-suitable-services;/suppliers/frameworks/g-cloud-14/declaration/edit/providing-suitable-services;localhost:7100;504;0 Assertion failed;60;723;DMP-1.5-Dryrun;DMP 1.5 Supplier Registration - Working on AWS NFT#584 - Actions#1;
1706277818074;POST https://www.nft.marketplace.team/suppliers/frameworks/g-cloud-14/submissions/cloud-hosting/281156/edit/user-support/support-available-to-third-party;/suppliers/frameworks/g-cloud-14/submissions/cloud-hosting/281140/edit/user-support/support-ava;;localhost:7100;504;0 Assertion failed;60;723;DMP-1.5-Dryrun;DMP 1.5 Supplier Registration - Working on AWS NFT#125 - Actions#1;
1706277818298;POST https://www.nft.marketplace.team/suppliers/frameworks/g-cloud-14/submissions/cloud-hosting/281109/edit/backups-and-recovery/backup-and-recovery;/suppliers/frameworks/g-cloud-14/submissions/cloud-hosting/281140/edit/backups-and-recovery/bac;;localhost:7100;504;0 Assertion failed;60;761;DMP-1.5-Dryrun;DMP 1.5 Supplier Registration - Working on AWS NFT#272 - Actions#1;
1706277818317;GET https://www.nft.marketplace.team/suppliers/frameworks/g-cloud-14/submissions/cloud-hosting/281085;/suppliers/frameworks/g-cloud-14/submissions/cloud-hosting/281140/edit/data-in-transit-protecti;/suppliers/frameworks/g-cloud-14/submissions/cloud-hosting/${pServiceId}/edit/data-in-transit-protection/protection-within-your-network;localhost:7100;504;0 Assertion failed;60;761;DMP-1.5-Dryrun;DMP 1.5 Supplier Registration - Working on AWS NFT#25 - Actions#1;
1706277818371;GET https://www.nft.marketplace.team/suppliers/frameworks/g-cloud-14/submissions/cloud-hosting/281199;/suppliers/frameworks/g-cloud-14/submissions/cloud-hosting/281140/edit/service-scope/system-req;/suppliers/frameworks/g-cloud-14/submissions/cloud-hosting/${pServiceId}/edit/service-scope/system-requirements;localhost:7100;504;0 Assertion failed;60;723;DMP-1.5-Dryrun;DMP 1.5 Supplier Registration - Working on AWS NFT#360 - Actions#1;
1706277818558;POST https://www.nft.marketplace.team/suppliers/frameworks/g-cloud-14/declaration/edit/working-with-government;/suppliers/frameworks/g-cloud-14/declaration/edit/working-with-government;;localhost:7100;504;0 Assertion failed;60;723;DMP-1.5-Dryrun;DMP 1.5 Supplier Registration - Working on AWS NFT#364 - Actions#1;
1706277818727;GET https://www.nft.marketplace.team/suppliers/frameworks/g-cloud-14;/suppliers/frameworks/g-cloud-14/declaration;/suppliers/frameworks/g-cloud-14/declaration;localhost:7100;504;0 Assertion failed;60;723;DMP-1.5-Dryrun;DMP 1.5 Supplier Registration - Working on AWS NFT#556 - Actions#1;
1706277819091;POST https://www.nft.marketplace.team/suppliers/frameworks/g-cloud-14/declaration/edit/providing-suitable-services;/suppliers/frameworks/g-cloud-14/declaration/edit/providing-suitable-services;;localhost:7100;504;0 Assertion failed;60;723;DMP-1.5-Dryrun;DMP 1.5 Supplier Registration - Working on AWS NFT#540 - Actions#1;
1706277819108;POST https://www.nft.marketplace.team/suppliers/frameworks/g-cloud-14/submissions/cloud-hosting/281210/edit/service-scope/service-constraints;/suppliers/frameworks/g-cloud-14/submissions/cloud-hosting/281140/edit/service-scope/service-co;;localhost:7100;504;0 Assertion failed;60;723;DMP-1.5-Dryrun;DMP 1.5 Supplier Registration - Working on AWS NFT#164 - Actions#1;
1706277819712;POST https://www.nft.marketplace.team/suppliers/frameworks/g-cloud-14/submissions/cloud-hosting/281051/edit/asset-protection/data-sanitisation-process;/suppliers/frameworks/g-cloud-14/submissions/cloud-hosting/281140/edit/asset-protection/data-sa;;localhost:7100;504;0 Assertion failed;60;723;DMP-1.5-Dryrun;DMP 1.5 Supplier Registration - Working on AWS NFT#395 - Actions#1;
1706277819778;POST https://www.nft.marketplace.team/suppliers/frameworks/g-cloud-14/declaration/edit/persons-with-significant-control;/suppliers/frameworks/g-cloud-14/declaration/edit/persons-with-significant-control;;localhost:7100;504;0 Assertion failed;60;723;DMP-1.5-Dryrun;DMP 1.5 Supplier Registration - Working on AWS NFT#501 - Actions#1;
1706277819867;GET https://www.nft.marketplace.team/suppliers/frameworks/g-cloud-14/submissions/cloud-hosting/281092/edit/scaling/independence-of-resources;/suppliers/frameworks/g-cloud-14/submissions/cloud-hosting/281140/edit/scaling/scaling;/suppliers/frameworks/g-cloud-14/submissions/cloud-hosting/${pServiceId}/edit/scaling/scaling;localhost:7100;504;0 Assertion failed;60;723;DMP-1.5-Dryrun;DMP 1.5 Supplier Registration - Working on AWS NFT#242 - Actions#1;
1706277820242;POST https://www.nft.marketplace.team/suppliers/frameworks/g-cloud-14/submissions/service-type;/suppliers/frameworks/g-cloud-14/submissions/service-type;;localhost:7100;504;0 Assertion failed;60;723;DMP-1.5-Dryrun;DMP 1.5 Supplier Registration - Working on AWS NFT#429 - Actions#1;
1706277820419;GET https://www.nft.marketplace.team/suppliers/frameworks/g-cloud-14/declaration/edit/providing-suitable-services;/suppliers/frameworks/g-cloud-14/declaration/edit/providing-suitable-services;;localhost:7100;504;0 Assertion failed;60;723;DMP-1.5-Dryrun;DMP 1.5 Supplier Registration - Working on AWS NFT#546 - Actions#1;
1706277820572;GET https://www.nft.marketplace.team/suppliers/frameworks/g-cloud-14/declaration/edit/what-it-means-to-be-on-g-cloud-14;/suppliers/frameworks/g-cloud-14/declaration/edit/providing-suitable-services;/suppliers/frameworks/g-cloud-14/declaration/edit/providing-suitable-services;localhost:7100;504;0 Assertion failed;60;761;DMP-1.5-Dryrun;DMP 1.5 Supplier Registration - Working on AWS NFT#620 - Actions#1;
1706277820684;POST https://www.nft.marketplace.team/suppliers/frameworks/g-cloud-14/submissions/cloud-hosting/280964/edit/pricing/free-or-trial-versions;/suppliers/frameworks/g-cloud-14/submissions/cloud-hosting/281140/edit/pricing/free-or-trial-ve_1;;localhost:7100;504;0 Assertion failed;60;761;DMP-1.5-Dryrun;DMP 1.5 Supplier Registration - Working on AWS NFT#280 - Actions#1;
1706277820887;GET https://www.nft.marketplace.team/suppliers/frameworks/g-cloud-14/declaration/edit/authorisation-or-organisation-legal-requirement;/suppliers/frameworks/g-cloud-14/declaration/edit/what-it-means-to-be-on-g-cloud-14;/suppliers/frameworks/g-cloud-14/declaration/edit/what-it-means-to-be-on-g-cloud-14;localhost:7100;504;0 Assertion failed;60;723;DMP-1.5-Dryrun;DMP 1.5 Supplier Registration - Working on AWS NFT#629 - Actions#1;
1706277821123;POST https://www.nft.marketplace.team/suppliers/frameworks/g-cloud-14/declaration/edit/what-it-means-to-be-on-g-cloud-14;/suppliers/frameworks/g-cloud-14/declaration/edit/what-it-means-to-be-on-g-cloud-14;;localhost:7100;504;0 Assertion failed;60;761;DMP-1.5-Dryrun;DMP 1.5 Supplier Registration - Working on AWS NFT#611 - Actions#1;
1706277821613;POST https://www.nft.marketplace.team/suppliers/frameworks/g-cloud-14/declaration/edit/what-it-means-to-be-on-g-cloud-14;/suppliers/frameworks/g-cloud-14/declaration/edit/what-it-means-to-be-on-g-cloud-14;;localhost:7100;504;0 Assertion failed;60;723;DMP-1.5-Dryrun;DMP 1.5 Supplier Registration - Working on AWS NFT#593 - Actions#1;
1706277821722;POST https://www.nft.marketplace.team/suppliers/frameworks/g-cloud-14/declaration/edit/key-subcontractors;/suppliers/frameworks/g-cloud-14/declaration/edit/key-subcontractors;;localhost:7100;504;0 Assertion failed;60;761;DMP-1.5-Dryrun;DMP 1.5 Supplier Registration - Working on AWS NFT#461 - Actions#1;
1706277822028;GET https://www.nft.marketplace.team/suppliers/frameworks/g-cloud-14/submissions/cloud-hosting/280989/edit/secure-development/secure-development;/suppliers/frameworks/g-cloud-14/submissions/cloud-hosting/281140/edit/secure-development/secur;;localhost:7100;504;0 Assertion failed;60;723;DMP-1.5-Dryrun;DMP 1.5 Supplier Registration - Working on AWS NFT#314 - Actions#1;
1706277822071;GET https://www.nft.marketplace.team/suppliers/frameworks/g-cloud-14/submissions/cloud-hosting/281230/edit/about-your-service/service-categories;/suppliers/frameworks/g-cloud-14/submissions/cloud-hosting/281140/edit/about-your-service/servi;/suppliers/frameworks/g-cloud-14/submissions/cloud-hosting/${pServiceId}/edit/about-your-service/service-description;localhost:7100;504;0 Assertion failed;60;761;DMP-1.5-Dryrun;DMP 1.5 Supplier Registration - Working on AWS NFT#206 - Actions#1;
1706277822080;POST https://www.nft.marketplace.team/suppliers/frameworks/g-cloud-14/submissions/cloud-hosting/281083/edit/data-in-transit-protection/protection-between-networks;/suppliers/frameworks/g-cloud-14/submissions/cloud-hosting/281140/edit/data-in-transit-protecti;;localhost:7100;504;0 Assertion failed;60;723;DMP-1.5-Dryrun;DMP 1.5 Supplier Registration - Working on AWS NFT#227 - Actions#1;
1706277822144;POST https://www.nft.marketplace.team/suppliers/frameworks/g-cloud-14/declaration/edit/providing-suitable-services;/suppliers/frameworks/g-cloud-14/declaration/edit/providing-suitable-services;;localhost:7100;504;0 Assertion failed;60.1;761;DMP-1.5-Dryrun;DMP 1.5 Supplier Registration - Working on AWS NFT#610 - Actions#1;
1706277822284;GET https://www.nft.marketplace.team/suppliers/frameworks/g-cloud-14/declaration/edit/authorisation-or-organisation-legal-requirement;/suppliers/frameworks/g-cloud-14/declaration/edit/what-it-means-to-be-on-g-cloud-14;/suppliers/frameworks/g-cloud-14/declaration/edit/what-it-means-to-be-on-g-cloud-14;localhost:7100;504;0 Assertion failed;60;723;DMP-1.5-Dryrun;DMP 1.5 Supplier Registration - Working on AWS NFT#26 - Actions#2;
1706277822496;GET https://www.nft.marketplace.team/suppliers/frameworks/g-cloud-14/declaration/edit/value-added-tax;/suppliers/frameworks/g-cloud-14/declaration/edit/working-with-government;/suppliers/frameworks/g-cloud-14/declaration/edit/working-with-government;localhost:7100;504;0 Assertion failed;60;723;DMP-1.5-Dryrun;DMP 1.5 Supplier Registration - Working on AWS NFT#385 - Actions#1;
1706277822632;GET https://www.nft.marketplace.team/suppliers/frameworks/g-cloud-14/submissions/cloud-hosting/281227;/suppliers/frameworks/g-cloud-14/submissions/cloud-hosting/281140/edit/service-features-and-ben;/suppliers/frameworks/g-cloud-14/submissions/cloud-hosting/${pServiceId}/edit/service-features-and-benefits/service-features-and-benefits;localhost:7100;504;0 Assertion failed;60;761;DMP-1.5-Dryrun;DMP 1.5 Supplier Registration - Working on AWS NFT#393 - Actions#1;
1706277823140;GET https://www.nft.marketplace.team/suppliers/frameworks/g-cloud-14/submissions/cloud-hosting/281091/edit/scaling/usage-notifications;/suppliers/frameworks/g-cloud-14/submissions/cloud-hosting/281140/edit/scaling/independence-of-;/suppliers/frameworks/g-cloud-14/submissions/cloud-hosting/${pServiceId}/edit/scaling/independence-of-resources;localhost:7100;504;0 Assertion failed;60;723;DMP-1.5-Dryrun;DMP 1.5 Supplier Registration - Working on AWS NFT#223 - Actions#1;
1706277823581;POST https://www.nft.marketplace.team/suppliers/frameworks/g-cloud-14/declaration/edit/health-and-safety;/suppliers/frameworks/g-cloud-14/declaration/edit/health-and-safety;;localhost:7100;504;0 Assertion failed;60;723;DMP-1.5-Dryrun;DMP 1.5 Supplier Registration - Working on AWS NFT#551 - Actions#1;
1706277823670;GET https://www.nft.marketplace.team/suppliers/frameworks/g-cloud-14/submissions/cloud-hosting/281193/edit/user-support/phone-support;/suppliers/frameworks/g-cloud-14/submissions/cloud-hosting/281140/edit/user-support/email-or-ti;/suppliers/frameworks/g-cloud-14/submissions/cloud-hosting/${pServiceId}/edit/user-support/email-or-ticketing-support;localhost:7100;504;0 Assertion failed;60;723;DMP-1.5-Dryrun;DMP 1.5 Supplier Registration - Working on AWS NFT#520 - Actions#1;
1706277823857;POST https://www.nft.marketplace.team/suppliers/frameworks/g-cloud-14/submissions/cloud-hosting/281145/edit/user-support/support-available-to-third-party;/suppliers/frameworks/g-cloud-14/submissions/cloud-hosting/281140/edit/user-support/support-ava;;localhost:7100;504;0 Assertion failed;60;723;DMP-1.5-Dryrun;DMP 1.5 Supplier Registration - Working on AWS NFT#499 - Actions#1;
1706277823915;POST https://www.nft.marketplace.team/suppliers/frameworks/g-cloud-14/submissions/cloud-hosting/281236/edit/about-your-service/service-description;/suppliers/frameworks/g-cloud-14/submissions/cloud-hosting/281140/edit/about-your-service/servi;;localhost:7100;504;0 Assertion failed;60;723;DMP-1.5-Dryrun;DMP 1.5 Supplier Registration - Working on AWS NFT#423 - Actions#1;
1706277823931;POST https://www.nft.marketplace.team/suppliers/frameworks/g-cloud-14/declaration/edit/contracts-finder;/suppliers/frameworks/g-cloud-14/declaration/edit/contracts-finder;;localhost:7100;504;0 Assertion failed;60;723;DMP-1.5-Dryrun;DMP 1.5 Supplier Registration - Working on AWS NFT#485 - Actions#1;
1706277824072;POST https://www.nft.marketplace.team/suppliers/frameworks/g-cloud-14/submissions/cloud-hosting/281088/edit/scaling/independence-of-resources;/suppliers/frameworks/g-cloud-14/submissions/cloud-hosting/281140/edit/scaling/independence-of-;;localhost:7100;504;0 Assertion failed;60;723;DMP-1.5-Dryrun;DMP 1.5 Supplier Registration - Working on AWS NFT#239 - Actions#1;
1706277824459;GET https://www.nft.marketplace.team/suppliers/frameworks/g-cloud-14/submissions/cloud-hosting/281027;/suppliers/frameworks/g-cloud-14/submissions/cloud-hosting/281140/edit/operational-security/inc;/suppliers/frameworks/g-cloud-14/submissions/cloud-hosting/${pServiceId}/edit/operational-security/incident-management-approach;localhost:7100;504;0 Assertion failed;60;723;DMP-1.5-Dryrun;DMP 1.5 Supplier Registration - Working on AWS NFT#151 - Actions#1;
1706277824500;GET https://www.nft.marketplace.team/suppliers/frameworks/g-cloud-14/submissions/cloud-hosting/281194/edit/user-support/phone-support;/suppliers/frameworks/g-cloud-14/submissions/cloud-hosting/281140/edit/user-support/email-or-ti;/suppliers/frameworks/g-cloud-14/submissions/cloud-hosting/${pServiceId}/edit/user-support/email-or-ticketing-support;localhost:7100;504;0 Assertion failed;60;723;DMP-1.5-Dryrun;DMP 1.5 Supplier Registration - Working on AWS NFT#538 - Actions#1;
1706277824747;GET https://www.nft.marketplace.team/suppliers/frameworks/g-cloud-14/submissions/cloud-hosting/281154;/suppliers/frameworks/g-cloud-14/submissions/cloud-hosting/281140/edit/user-support/support-ava;/suppliers/frameworks/g-cloud-14/submissions/cloud-hosting/${pServiceId}/edit/user-support/support-available-to-third-party;localhost:7100;504;0 Assertion failed;60;723;DMP-1.5-Dryrun;DMP 1.5 Supplier Registration - Working on AWS NFT#128 - Actions#1;
1706277824763;GET https://www.nft.marketplace.team/suppliers/frameworks/g-cloud-14/submissions/cloud-hosting/281237/edit/about-your-service/service-description;/suppliers/frameworks/g-cloud-14/submissions/cloud-hosting/281140/edit/about-your-service/servi;;localhost:7100;504;0 Assertion failed;60;761;DMP-1.5-Dryrun;DMP 1.5 Supplier Registration - Working on AWS NFT#417 - Actions#1;
1706277825154;POST https://www.nft.marketplace.team/suppliers/frameworks/g-cloud-14/declaration/edit/value-added-tax;/suppliers/frameworks/g-cloud-14/declaration/edit/value-added-tax;;localhost:7100;504;0 Assertion failed;60;723;DMP-1.5-Dryrun;DMP 1.5 Supplier Registration - Working on AWS NFT#560 - Actions#1;
1706277825170;GET https://www.nft.marketplace.team/suppliers/frameworks/g-cloud-14/submissions/cloud-hosting/281036/edit/availability-and-resilience/outage-reporting;/suppliers/frameworks/g-cloud-14/submissions/cloud-hosting/281140/edit/availability-and-resilie;/suppliers/frameworks/g-cloud-14/submissions/cloud-hosting/${pServiceId}/edit/availability-and-resilience/approach-to-resilience;localhost:7100;504;0 Assertion failed;60;761;DMP-1.5-Dryrun;DMP 1.5 Supplier Registration - Working on AWS NFT#380 - Actions#1;
1706277825261;GET https://www.nft.marketplace.team/suppliers/frameworks/g-cloud-14/declaration/edit/persons-with-significant-control;/suppliers/frameworks/g-cloud-14/declaration/edit/authorisation-or-organisation-legal-requireme;/suppliers/frameworks/g-cloud-14/declaration/edit/authorisation-or-organisation-legal-requirement;localhost:7100;504;0 Assertion failed;60;723;DMP-1.5-Dryrun;DMP 1.5 Supplier Registration - Working on AWS NFT#534 - Actions#1;
1706277825347;GET https://www.nft.marketplace.team/suppliers/frameworks/g-cloud-14/declaration/edit/value-added-tax;/suppliers/frameworks/g-cloud-14/declaration/edit/working-with-government;/suppliers/frameworks/g-cloud-14/declaration/edit/working-with-government;localhost:7100;504;0 Assertion failed;60;723;DMP-1.5-Dryrun;DMP 1.5 Supplier Registration - Working on AWS NFT#536 - Actions#1;
1706277825944;GET https://www.nft.marketplace.team/suppliers;/user/login;;localhost:7100;504;0 Assertion failed;60;761;DMP-1.5-Dryrun;DMP 1.5 Supplier Registration - Working on AWS NFT#86 - Actions#2;
1706277826443;GET https://www.nft.marketplace.team/suppliers/frameworks/g-cloud-14/declaration/edit/key-subcontractors;/suppliers/frameworks/g-cloud-14/declaration/edit/group-or-consortium;/suppliers/frameworks/g-cloud-14/declaration/edit/group-or-consortium;localhost:7100;504;0 Assertion failed;60;723;DMP-1.5-Dryrun;DMP 1.5 Supplier Registration - Working on AWS NFT#446 - Actions#1;
1706277826565;POST https://www.nft.marketplace.team/suppliers/frameworks/g-cloud-14/declaration;/suppliers/frameworks/g-cloud-14/declaration;/suppliers/frameworks/g-cloud-14/declaration;localhost:7100;504;0 Assertion failed;60;761;DMP-1.5-Dryrun;DMP 1.5 Supplier Registration - Working on AWS NFT#292 - Actions#1;
1706277826599;GET https://www.nft.marketplace.team/suppliers/frameworks/g-cloud-14/submissions/cloud-hosting/281162/edit/how-users-work-with-your-service/web-interface;/suppliers/frameworks/g-cloud-14/submissions/cloud-hosting/281140/edit/how-users-work-with-your;;localhost:7100;504;0 Assertion failed;60;723;DMP-1.5-Dryrun;DMP 1.5 Supplier Registration - Working on AWS NFT#324 - Actions#1;
1706277826699;GET https://www.nft.marketplace.team/suppliers/frameworks/g-cloud-14/submissions/cloud-hosting/281166/edit/user-support/web-chat-support;/suppliers/frameworks/g-cloud-14/submissions/cloud-hosting/281140/edit/user-support/phone-suppo;/suppliers/frameworks/g-cloud-14/submissions/cloud-hosting/${pServiceId}/edit/user-support/phone-support;localhost:7100;504;0 Assertion failed;60;723;DMP-1.5-Dryrun;DMP 1.5 Supplier Registration - Working on AWS NFT#318 - Actions#1;
1706277826787;POST https://www.nft.marketplace.team/suppliers/frameworks/g-cloud-14/declaration/edit/insurance-requirements;/suppliers/frameworks/g-cloud-14/declaration/edit/insurance-requirements;;localhost:7100;504;0 Assertion failed;60;723;DMP-1.5-Dryrun;DMP 1.5 Supplier Registration - Working on AWS NFT#539 - Actions#1;
1706277827070;GET https://www.nft.marketplace.team/suppliers/frameworks/g-cloud-14/submissions/cloud-hosting/281118;/suppliers/frameworks/g-cloud-14/submissions/cloud-hosting/281140/edit/onboarding-and-offboardi;/suppliers/frameworks/g-cloud-14/submissions/cloud-hosting/${pServiceId}/edit/onboarding-and-offboarding/end-of-contract-process;localhost:7100;504;0 Assertion failed;60;761;DMP-1.5-Dryrun;DMP 1.5 Supplier Registration - Working on AWS NFT#468 - Actions#1;
1706277827443;POST https://www.nft.marketplace.team/suppliers/frameworks/g-cloud-14/declaration/edit/contracts-finder;/suppliers/frameworks/g-cloud-14/declaration/edit/contracts-finder;;localhost:7100;504;0 Assertion failed;60;723;DMP-1.5-Dryrun;DMP 1.5 Supplier Registration - Working on AWS NFT#506 - Actions#1;
1706277827530;POST https://www.nft.marketplace.team/suppliers/frameworks/g-cloud-14/declaration/edit/key-subcontractors;/suppliers/frameworks/g-cloud-14/declaration/edit/key-subcontractors;;localhost:7100;504;0 Assertion failed;60;723;DMP-1.5-Dryrun;DMP 1.5 Supplier Registration - Working on AWS NFT#442 - Actions#1;
1706277827606;GET https://www.nft.marketplace.team/suppliers;/user/login;;localhost:7100;504;0 Assertion failed;60;723;DMP-1.5-Dryrun;DMP 1.5 Supplier Registration - Working on AWS NFT#634 - Actions#1;
1706277828052;POST https://www.nft.marketplace.team/suppliers/frameworks/g-cloud-14/submissions/cloud-hosting/281017/edit/operational-security/protective-monitoring-type;/suppliers/frameworks/g-cloud-14/submissions/cloud-hosting/281140/edit/operational-security/pro;;localhost:7100;504;0 Assertion failed;60;723;DMP-1.5-Dryrun;DMP 1.5 Supplier Registration - Working on AWS NFT#145 - Actions#1;
1706277828062;GET https://www.nft.marketplace.team/suppliers/frameworks/g-cloud-14/submissions/cloud-hosting/281125;/suppliers/frameworks/g-cloud-14/submissions/cloud-hosting/281140/edit/how-users-work-with-your;/suppliers/frameworks/g-cloud-14/submissions/cloud-hosting/${pServiceId}/edit/how-users-work-with-your-service/command-line-interface;localhost:7100;504;0 Assertion failed;60;723;DMP-1.5-Dryrun;DMP 1.5 Supplier Registration - Working on AWS NFT#278 - Actions#1;
1706277828155;GET https://www.nft.marketplace.team/suppliers/frameworks/g-cloud-14/submissions/cloud-hosting/281239;/suppliers/frameworks/g-cloud-14/submissions/cloud-hosting/create;/suppliers/frameworks/g-cloud-14/submissions/cloud-hosting/create;localhost:7100;504;0 Assertion failed;60;761;DMP-1.5-Dryrun;DMP 1.5 Supplier Registration - Working on AWS NFT#234 - Actions#1;
1706277828323;GET https://www.nft.marketplace.team/suppliers/frameworks/g-cloud-14/submissions/cloud-hosting/280984;/suppliers/frameworks/g-cloud-14/submissions/cloud-hosting/281140/edit/audit-information-for-us;/suppliers/frameworks/g-cloud-14/submissions/cloud-hosting/${pServiceId}/edit/audit-information-for-users/how-long-system-logs-stored;localhost:7100;504;0 Assertion failed;60;723;DMP-1.5-Dryrun;DMP 1.5 Supplier Registration - Working on AWS NFT#103 - Actions#1;
1706277828495;POST https://www.nft.marketplace.team/suppliers/frameworks/g-cloud-14/submissions/cloud-hosting/281173/edit/user-support/onsite-support;/suppliers/frameworks/g-cloud-14/submissions/cloud-hosting/281140/edit/user-support/onsite-supp;;localhost:7100;504;0 Assertion failed;60;723;DMP-1.5-Dryrun;DMP 1.5 Supplier Registration - Working on AWS NFT#523 - Actions#1;
1706277828495;POST https://www.nft.marketplace.team/suppliers/frameworks/g-cloud-14/submissions/cloud-hosting/280982/edit/standards-and-certifications/iso-iec-27001-certification;/suppliers/frameworks/g-cloud-14/submissions/cloud-hosting/281140/edit/standards-and-certificat;;localhost:7100;504;0 Assertion failed;60.1;723;DMP-1.5-Dryrun;DMP 1.5 Supplier Registration - Working on AWS NFT#308 - Actions#1;
1706277828498;GET https://www.nft.marketplace.team/suppliers/frameworks/g-cloud-14/submissions/cloud-hosting/281022;/suppliers/frameworks/g-cloud-14/submissions/cloud-hosting/281140/edit/governance/information-s;/suppliers/frameworks/g-cloud-14/submissions/cloud-hosting/${pServiceId}/edit/governance/information-security-policies-and-processes;localhost:7100;504;0 Assertion failed;60.2;723;DMP-1.5-Dryrun;DMP 1.5 Supplier Registration - Working on AWS NFT#166 - Actions#1;
1706277828554;GET https://www.nft.marketplace.team/suppliers/frameworks/g-cloud-14/declaration/edit/persons-with-significant-control;/suppliers/frameworks/g-cloud-14/declaration/edit/authorisation-or-organisation-legal-requireme;/suppliers/frameworks/g-cloud-14/declaration/edit/authorisation-or-organisation-legal-requirement;localhost:7100;504;0 Assertion failed;60;723;DMP-1.5-Dryrun;DMP 1.5 Supplier Registration - Working on AWS NFT#38 - Actions#2;
1706277828807;POST https://www.nft.marketplace.team/suppliers/frameworks/g-cloud-14/declaration/edit/health-and-safety;/suppliers/frameworks/g-cloud-14/declaration/edit/health-and-safety;;localhost:7100;504;0 Assertion failed;60;723;DMP-1.5-Dryrun;DMP 1.5 Supplier Registration - Working on AWS NFT#515 - Actions#1;
1706277828921;GET https://www.nft.marketplace.team/suppliers/frameworks/g-cloud-14/submissions/cloud-hosting/281104;/suppliers/frameworks/g-cloud-14/submissions/cloud-hosting/281140/edit/analytics/metrics;/suppliers/frameworks/g-cloud-14/submissions/cloud-hosting/${pServiceId}/edit/analytics/metrics;localhost:7100;504;0 Assertion failed;60;761;DMP-1.5-Dryrun;DMP 1.5 Supplier Registration - Working on AWS NFT#61 - Actions#1;
1706277829888;GET https://www.nft.marketplace.team/suppliers;/user/login;;localhost:7100;504;0 Assertion failed;60;761;DMP-1.5-Dryrun;DMP 1.5 Supplier Registration - Working on AWS NFT#635 - Actions#1;
1706277830022;POST https://www.nft.marketplace.team/suppliers/frameworks/g-cloud-14/submissions/cloud-hosting/281141/edit/how-users-work-with-your-service/command-line-interface;/suppliers/frameworks/g-cloud-14/submissions/cloud-hosting/281140/edit/how-users-work-with-your;;localhost:7100;504;0 Assertion failed;60;761;DMP-1.5-Dryrun;DMP 1.5 Supplier Registration - Working on AWS NFT#505 - Actions#1;
1706277830112;GET https://www.nft.marketplace.team/suppliers/frameworks/g-cloud-14/declaration/edit/what-it-means-to-be-on-g-cloud-14;/suppliers/frameworks/g-cloud-14/declaration/edit/providing-suitable-services;/suppliers/frameworks/g-cloud-14/declaration/edit/providing-suitable-services;localhost:7100;504;0 Assertion failed;60;761;DMP-1.5-Dryrun;DMP 1.5 Supplier Registration - Working on AWS NFT#616 - Actions#1;
1706277830259;GET https://www.nft.marketplace.team/suppliers/frameworks/g-cloud-14/declaration/edit/what-it-means-to-be-on-g-cloud-14;/suppliers/frameworks/g-cloud-14/declaration/edit/providing-suitable-services;/suppliers/frameworks/g-cloud-14/declaration/edit/providing-suitable-services;localhost:7100;504;0 Assertion failed;60;723;DMP-1.5-Dryrun;DMP 1.5 Supplier Registration - Working on AWS NFT#614 - Actions#1;
1706277830298;POST https://www.nft.marketplace.team/suppliers/frameworks/g-cloud-14/submissions/cloud-hosting/281211/edit/service-scope/system-requirements;/suppliers/frameworks/g-cloud-14/submissions/cloud-hosting/281140/edit/service-scope/system-req;;localhost:7100;504;0 Assertion failed;60;723;DMP-1.5-Dryrun;DMP 1.5 Supplier Registration - Working on AWS NFT#381 - Actions#1;
1706277830308;POST https://www.nft.marketplace.team/suppliers/frameworks/g-cloud-14/declaration/edit/authorisation-or-organisation-legal-requirement;/suppliers/frameworks/g-cloud-14/declaration/edit/authorisation-or-organisation-legal-requireme;;localhost:7100;504;0 Assertion failed;60;723;DMP-1.5-Dryrun;DMP 1.5 Supplier Registration - Working on AWS NFT#522 - Actions#1;
1706277830328;GET https://www.nft.marketplace.team/suppliers/frameworks/g-cloud-14/submissions/service-type;/suppliers/frameworks/g-cloud-14/submissions/service-type;;localhost:7100;504;0 Assertion failed;60;761;DMP-1.5-Dryrun;DMP 1.5 Supplier Registration - Working on AWS NFT#503 - Actions#1;
1706277830501;GET https://www.nft.marketplace.team/suppliers/frameworks/g-cloud-14/submissions/cloud-hosting/281037/edit/availability-and-resilience/approach-to-resilience;/suppliers/frameworks/g-cloud-14/submissions/cloud-hosting/281140/edit/availability-and-resilie;/suppliers/frameworks/g-cloud-14/submissions/cloud-hosting/${pServiceId}/edit/availability-and-resilience/guaranteed-availability;localhost:7100;504;0 Assertion failed;60;723;DMP-1.5-Dryrun;DMP 1.5 Supplier Registration - Working on AWS NFT#187 - Actions#1;
1706277830722;POST https://www.nft.marketplace.team/suppliers/frameworks/g-cloud-14/declaration/edit/authorisation-or-organisation-legal-requirement;/suppliers/frameworks/g-cloud-14/declaration/edit/authorisation-or-organisation-legal-requireme;;localhost:7100;504;0 Assertion failed;60;723;DMP-1.5-Dryrun;DMP 1.5 Supplier Registration - Working on AWS NFT#626 - Actions#1;
1706277831018;POST https://www.nft.marketplace.team/suppliers/frameworks/g-cloud-14/declaration/edit/what-it-means-to-be-on-g-cloud-14;/suppliers/frameworks/g-cloud-14/declaration/edit/what-it-means-to-be-on-g-cloud-14;;localhost:7100;504;0 Assertion failed;60;723;DMP-1.5-Dryrun;DMP 1.5 Supplier Registration - Working on AWS NFT#44 - Actions#2;
1706277831364;GET https://www.nft.marketplace.team/suppliers/frameworks/g-cloud-14/declaration/edit/providing-suitable-services;/suppliers/frameworks/g-cloud-14/declaration/edit/providing-suitable-services;;localhost:7100;504;0 Assertion failed;60;723;DMP-1.5-Dryrun;DMP 1.5 Supplier Registration - Working on AWS NFT#612 - Actions#1;
1706277831879;GET https://www.nft.marketplace.team/suppliers/frameworks/g-cloud-14/submissions/cloud-hosting/281177/edit/user-support/support-levels;/suppliers/frameworks/g-cloud-14/submissions/cloud-hosting/281140/edit/user-support/onsite-supp;/suppliers/frameworks/g-cloud-14/submissions/cloud-hosting/${pServiceId}/edit/user-support/onsite-support;localhost:7100;504;0 Assertion failed;60;723;DMP-1.5-Dryrun;DMP 1.5 Supplier Registration - Working on AWS NFT#131 - Actions#1;
1706277831889;GET https://www.nft.marketplace.team/suppliers/frameworks/g-cloud-14/submissions/cloud-hosting/281228/edit/service-features-and-benefits/service-features-and-benefits;/suppliers/frameworks/g-cloud-14/submissions/cloud-hosting/281140/edit/service-features-and-ben;;localhost:7100;504;0 Assertion failed;60;723;DMP-1.5-Dryrun;DMP 1.5 Supplier Registration - Working on AWS NFT#176 - Actions#1;
1706277832254;GET https://www.nft.marketplace.team/suppliers/frameworks/g-cloud-14/declaration/edit/authorisation-or-organisation-legal-requirement;/suppliers/frameworks/g-cloud-14/declaration/edit/what-it-means-to-be-on-g-cloud-14;/suppliers/frameworks/g-cloud-14/declaration/edit/what-it-means-to-be-on-g-cloud-14;localhost:7100;504;0 Assertion failed;60;723;DMP-1.5-Dryrun;DMP 1.5 Supplier Registration - Working on AWS NFT#35 - Actions#2;
1706277832302;POST https://www.nft.marketplace.team/suppliers/frameworks/g-cloud-14;/suppliers/frameworks/g-cloud-14;;localhost:7100;504;0 Assertion failed;60;723;DMP-1.5-Dryrun;DMP 1.5 Supplier Registration - Working on AWS NFT#633 - Actions#1;
1706277832430;GET https://www.nft.marketplace.team/suppliers/frameworks/g-cloud-14/declaration/edit/persons-with-significant-control;/suppliers/frameworks/g-cloud-14/declaration/edit/authorisation-or-organisation-legal-requireme;/suppliers/frameworks/g-cloud-14/declaration/edit/authorisation-or-organisation-legal-requirement;localhost:7100;504;0 Assertion failed;60;723;DMP-1.5-Dryrun;DMP 1.5 Supplier Registration - Working on AWS NFT#528 - Actions#1;
1706277832596;POST https://www.nft.marketplace.team/suppliers/frameworks/g-cloud-14/submissions/cloud-hosting/280988/edit/audit-information-for-users/how-long-system-logs-stored;/suppliers/frameworks/g-cloud-14/submissions/cloud-hosting/281140/edit/audit-information-for-us;;localhost:7100;504;0 Assertion failed;60;723;DMP-1.5-Dryrun;DMP 1.5 Supplier Registration - Working on AWS NFT#311 - Actions#1;
1706277834397;POST https://www.nft.marketplace.team/suppliers/frameworks/g-cloud-14/declaration/edit/providing-suitable-services;/suppliers/frameworks/g-cloud-14/declaration/edit/providing-suitable-services;;localhost:7100;504;0 Assertion failed;60;761;DMP-1.5-Dryrun;DMP 1.5 Supplier Registration - Working on AWS NFT#549 - Actions#1;
1706277835060;POST https://www.nft.marketplace.team/suppliers/frameworks/g-cloud-14/submissions/cloud-hosting/281078/edit/asset-protection/data-storage-and-processing-locations;/suppliers/frameworks/g-cloud-14/submissions/cloud-hosting/281140/edit/asset-protection/data-st;;localhost:7100;504;0 Assertion failed;60;723;DMP-1.5-Dryrun;DMP 1.5 Supplier Registration - Working on AWS NFT#40 - Actions#1;
1706277835302;POST https://www.nft.marketplace.team/suppliers/frameworks/g-cloud-14/submissions/cloud-hosting/281232/edit/about-your-service/service-categories;/suppliers/frameworks/g-cloud-14/submissions/cloud-hosting/281140/edit/about-your-service/servi;;localhost:7100;504;0 Assertion failed;60;723;DMP-1.5-Dryrun;DMP 1.5 Supplier Registration - Working on AWS NFT#221 - Actions#1;
1706277835906;POST https://www.nft.marketplace.team/suppliers/frameworks/g-cloud-14/submissions/cloud-hosting/281234/edit/about-your-service/service-description;/suppliers/frameworks/g-cloud-14/submissions/cloud-hosting/281140/edit/about-your-service/servi;;localhost:7100;504;0 Assertion failed;60;761;DMP-1.5-Dryrun;DMP 1.5 Supplier Registration - Working on AWS NFT#372 - Actions#1;
1706277836050;GET https://www.nft.marketplace.team/suppliers/frameworks/g-cloud-14/submissions/cloud-hosting/281004/edit/staff-security/government-security-clearances;/suppliers/frameworks/g-cloud-14/submissions/cloud-hosting/281140/edit/staff-security/staff-sec;/suppliers/frameworks/g-cloud-14/submissions/cloud-hosting/${pServiceId}/edit/staff-security/staff-security-clearance-checks;localhost:7100;504;0 Assertion failed;60;723;DMP-1.5-Dryrun;DMP 1.5 Supplier Registration - Working on AWS NFT#127 - Actions#1;
1706277836247;GET https://www.nft.marketplace.team/suppliers/frameworks/g-cloud-14/submissions/cloud-hosting/281168/edit/user-support/support-levels;/suppliers/frameworks/g-cloud-14/submissions/cloud-hosting/281140/edit/user-support/onsite-supp;/suppliers/frameworks/g-cloud-14/submissions/cloud-hosting/${pServiceId}/edit/user-support/onsite-support;localhost:7100;504;0 Assertion failed;60;723;DMP-1.5-Dryrun;DMP 1.5 Supplier Registration - Working on AWS NFT#547 - Actions#1;
1706277836294;POST https://www.nft.marketplace.team/suppliers/frameworks/g-cloud-14/submissions/cloud-hosting/281163/edit/user-support/support-levels;/suppliers/frameworks/g-cloud-14/submissions/cloud-hosting/281140/edit/user-support/support-lev;;localhost:7100;504;0 Assertion failed;60;761;DMP-1.5-Dryrun;DMP 1.5 Supplier Registration - Working on AWS NFT#511 - Actions#1;
1706277837046;GET https://www.nft.marketplace.team/suppliers/frameworks/g-cloud-14/submissions/cloud-hosting/280981/edit/standards-and-certifications/csa-star-certification;/suppliers/frameworks/g-cloud-14/submissions/cloud-hosting/281140/edit/standards-and-certificat;/suppliers/frameworks/g-cloud-14/submissions/cloud-hosting/${pServiceId}/edit/standards-and-certifications/iso-28000-2007-certification;localhost:7100;504;0 Assertion failed;60;761;DMP-1.5-Dryrun;DMP 1.5 Supplier Registration - Working on AWS NFT#100 - Actions#1;
1706277837302;POST https://www.nft.marketplace.team/suppliers/frameworks/g-cloud-14/declaration/edit/value-added-tax;/suppliers/frameworks/g-cloud-14/declaration/edit/value-added-tax;;localhost:7100;504;0 Assertion failed;60;761;DMP-1.5-Dryrun;DMP 1.5 Supplier Registration - Working on AWS NFT#355 - Actions#1;
1706277837834;GET https://www.nft.marketplace.team/suppliers/frameworks/g-cloud-14;/suppliers/frameworks/g-cloud-14;;localhost:7100;504;0 Assertion failed;60;723;DMP-1.5-Dryrun;DMP 1.5 Supplier Registration - Working on AWS NFT#24 - Actions#1;
1706277838079;GET https://www.nft.marketplace.team/suppliers/frameworks/g-cloud-14/submissions/cloud-hosting/281233/edit/about-your-service/service-categories;/suppliers/frameworks/g-cloud-14/submissions/cloud-hosting/281140/edit/about-your-service/servi;/suppliers/frameworks/g-cloud-14/submissions/cloud-hosting/${pServiceId}/edit/about-your-service/service-description;localhost:7100;504;0 Assertion failed;60;723;DMP-1.5-Dryrun;DMP 1.5 Supplier Registration - Working on AWS NFT#375 - Actions#1;
1706277838144;GET https://www.nft.marketplace.team/suppliers/frameworks/g-cloud-14/submissions/cloud-hosting/281015/edit/operational-security/vulnerability-management-type;/suppliers/frameworks/g-cloud-14/submissions/cloud-hosting/281140/edit/operational-security/con;/suppliers/frameworks/g-cloud-14/submissions/cloud-hosting/${pServiceId}/edit/operational-security/configuration-and-change-management-processes;localhost:7100;504;0 Assertion failed;60;723;DMP-1.5-Dryrun;DMP 1.5 Supplier Registration - Working on AWS NFT#157 - Actions#1;
1706277838151;GET https://www.nft.marketplace.team/suppliers/frameworks/g-cloud-14/submissions/cloud-hosting/281178/edit/user-support/support-levels;/suppliers/frameworks/g-cloud-14/submissions/cloud-hosting/281140/edit/user-support/onsite-supp;/suppliers/frameworks/g-cloud-14/submissions/cloud-hosting/${pServiceId}/edit/user-support/onsite-support;localhost:7100;504;0 Assertion failed;60;761;DMP-1.5-Dryrun;DMP 1.5 Supplier Registration - Working on AWS NFT#508 - Actions#1;
1706277839678;GET https://www.nft.marketplace.team/suppliers/frameworks/g-cloud-14/declaration/edit/authorisation-or-organisation-legal-requirement;/suppliers/frameworks/g-cloud-14/declaration/edit/what-it-means-to-be-on-g-cloud-14;/suppliers/frameworks/g-cloud-14/declaration/edit/what-it-means-to-be-on-g-cloud-14;localhost:7100;504;0 Assertion failed;60;723;DMP-1.5-Dryrun;DMP 1.5 Supplier Registration - Working on AWS NFT#599 - Actions#1;
1706277839678;POST https://www.nft.marketplace.team/suppliers/frameworks/g-cloud-14/submissions/cloud-hosting/281039/edit/governance/security-governance;/suppliers/frameworks/g-cloud-14/submissions/cloud-hosting/281140/edit/governance/security-gove;;localhost:7100;504;0 Assertion failed;60;723;DMP-1.5-Dryrun;DMP 1.5 Supplier Registration - Working on AWS NFT#383 - Actions#1;
1706277839715;POST https://www.nft.marketplace.team/suppliers/frameworks/g-cloud-14/declaration/edit/what-it-means-to-be-on-g-cloud-14;/suppliers/frameworks/g-cloud-14/declaration/edit/what-it-means-to-be-on-g-cloud-14;;localhost:7100;504;0 Assertion failed;60;723;DMP-1.5-Dryrun;DMP 1.5 Supplier Registration - Working on AWS NFT#590 - Actions#1;
1706277841127;GET https://www.nft.marketplace.team/suppliers/frameworks/g-cloud-14/submissions/cloud-hosting/281066/edit/asset-protection/datacentre-security-standards;/suppliers/frameworks/g-cloud-14/submissions/cloud-hosting/281140/edit/asset-protection/data-st;/suppliers/frameworks/g-cloud-14/submissions/cloud-hosting/${pServiceId}/edit/asset-protection/data-storage-and-processing-locations;localhost:7100;504;0 Assertion failed;60;723;DMP-1.5-Dryrun;DMP 1.5 Supplier Registration - Working on AWS NFT#13 - Actions#1;
1706277841548;GET https://www.nft.marketplace.team/suppliers/frameworks/g-cloud-14/declaration/edit/framework-award-form-details;/suppliers/frameworks/g-cloud-14/declaration/edit/contracts-finder;/suppliers/frameworks/g-cloud-14/declaration/edit/contracts-finder;localhost:7100;504;0 Assertion failed;60;723;DMP-1.5-Dryrun;DMP 1.5 Supplier Registration - Working on AWS NFT#334 - Actions#1;
1706277842118;GET https://www.nft.marketplace.team/suppliers/frameworks/g-cloud-14/submissions/cloud-hosting/281204;/suppliers/frameworks/g-cloud-14/submissions/cloud-hosting/281140/edit/reselling/supplier-type;/suppliers/frameworks/g-cloud-14/submissions/cloud-hosting/${pServiceId}/edit/reselling/supplier-type;localhost:7100;504;0 Assertion failed;60;761;DMP-1.5-Dryrun;DMP 1.5 Supplier Registration - Working on AWS NFT#146 - Actions#1;
1706277844119;GET https://www.nft.marketplace.team/suppliers/frameworks/g-cloud-14/declaration/edit/grounds-for-mandatory-exclusion-taxes;/suppliers/frameworks/g-cloud-14/declaration/edit/grounds-for-mandatory-exclusion;/suppliers/frameworks/g-cloud-14/declaration/edit/grounds-for-mandatory-exclusion;localhost:7100;504;0 Assertion failed;60;761;DMP-1.5-Dryrun;DMP 1.5 Supplier Registration - Working on AWS NFT#458 - Actions#1;
1706277844209;POST https://www.nft.marketplace.team/suppliers/frameworks/g-cloud-14/declaration/edit/persons-with-significant-control;/suppliers/frameworks/g-cloud-14/declaration/edit/persons-with-significant-control;;localhost:7100;504;0 Assertion failed;60;723;DMP-1.5-Dryrun;DMP 1.5 Supplier Registration - Working on AWS NFT#495 - Actions#1;
1706277844678;GET https://www.nft.marketplace.team/suppliers/frameworks/g-cloud-14/declaration/edit/health-and-safety;/suppliers/frameworks/g-cloud-14/declaration/edit/data-protection;/suppliers/frameworks/g-cloud-14/declaration/edit/data-protection;localhost:7100;504;0 Assertion failed;60;723;DMP-1.5-Dryrun;DMP 1.5 Supplier Registration - Working on AWS NFT#331 - Actions#1;
1706277844709;GET https://www.nft.marketplace.team/suppliers/frameworks/g-cloud-14/submissions/cloud-hosting/281189/edit/user-support/web-chat-support;/suppliers/frameworks/g-cloud-14/submissions/cloud-hosting/281140/edit/user-support/phone-suppo;/suppliers/frameworks/g-cloud-14/submissions/cloud-hosting/${pServiceId}/edit/user-support/phone-support;localhost:7100;504;0 Assertion failed;60;761;DMP-1.5-Dryrun;DMP 1.5 Supplier Registration - Working on AWS NFT#529 - Actions#1;
1706277846099;POST https://www.nft.marketplace.team/suppliers/frameworks/g-cloud-14/declaration/edit/insurance-requirements;/suppliers/frameworks/g-cloud-14/declaration/edit/insurance-requirements;;localhost:7100;504;0 Assertion failed;60;723;DMP-1.5-Dryrun;DMP 1.5 Supplier Registration - Working on AWS NFT#358 - Actions#1;
1706277846105;GET https://www.nft.marketplace.team/suppliers/frameworks/g-cloud-14/submissions/cloud-hosting/281044/edit/asset-protection/equipment-disposal-approach;/suppliers/frameworks/g-cloud-14/submissions/cloud-hosting/281140/edit/asset-protection/data-sa;/suppliers/frameworks/g-cloud-14/submissions/cloud-hosting/${pServiceId}/edit/asset-protection/data-sanitisation-process;localhost:7100;504;0 Assertion failed;60;723;DMP-1.5-Dryrun;DMP 1.5 Supplier Registration - Working on AWS NFT#392 - Actions#1;
1706277846161;GET https://www.nft.marketplace.team/suppliers/frameworks/g-cloud-14/declaration/edit/grounds-for-discretionary-exclusion;/suppliers/frameworks/g-cloud-14/declaration/edit/grounds-for-mandatory-exclusion-taxes;/suppliers/frameworks/g-cloud-14/declaration/edit/grounds-for-mandatory-exclusion-taxes;localhost:7100;504;0 Assertion failed;60;723;DMP-1.5-Dryrun;DMP 1.5 Supplier Registration - Working on AWS NFT#418 - Actions#1;
1706277846985;POST https://www.nft.marketplace.team/suppliers/frameworks/g-cloud-14/submissions/cloud-hosting/281214/edit/reselling/supplier-type;/suppliers/frameworks/g-cloud-14/submissions/cloud-hosting/281140/edit/reselling/supplier-type;;localhost:7100;504;0 Assertion failed;60;761;DMP-1.5-Dryrun;DMP 1.5 Supplier Registration - Working on AWS NFT#173 - Actions#1;
1706277847493;GET https://www.nft.marketplace.team/suppliers/frameworks/g-cloud-14/submissions/cloud-hosting/281053/edit/asset-protection/protection-of-data-at-rest;/suppliers/frameworks/g-cloud-14/submissions/cloud-hosting/281140/edit/asset-protection/penetra;/suppliers/frameworks/g-cloud-14/submissions/cloud-hosting/${pServiceId}/edit/asset-protection/penetration-testing;localhost:7100;504;0 Assertion failed;60;723;DMP-1.5-Dryrun;DMP 1.5 Supplier Registration - Working on AWS NFT#220 - Actions#1;
1706277847591;GET https://www.nft.marketplace.team/suppliers/frameworks/g-cloud-14/submissions/cloud-hosting/281124/edit/onboarding-and-offboarding/documentation;/suppliers/frameworks/g-cloud-14/submissions/cloud-hosting/281140/edit/onboarding-and-offboardi;/suppliers/frameworks/g-cloud-14/submissions/cloud-hosting/${pServiceId}/edit/onboarding-and-offboarding/getting-started;localhost:7100;504;0 Assertion failed;60;723;DMP-1.5-Dryrun;DMP 1.5 Supplier Registration - Working on AWS NFT#493 - Actions#1;
1706277847631;GET https://www.nft.marketplace.team/suppliers/frameworks/g-cloud-14/submissions/cloud-hosting/280972/edit/standards-and-certifications/cyber-essentials;/suppliers/frameworks/g-cloud-14/submissions/cloud-hosting/281140/edit/standards-and-certificat;/suppliers/frameworks/g-cloud-14/submissions/cloud-hosting/${pServiceId}/edit/standards-and-certifications/pci-certification;localhost:7100;504;0 Assertion failed;60;761;DMP-1.5-Dryrun;DMP 1.5 Supplier Registration - Working on AWS NFT#87 - Actions#1;
1706277847854;GET https://www.nft.marketplace.team/suppliers/frameworks/g-cloud-14/submissions/cloud-hosting/281183/edit/user-support/web-chat-support;/suppliers/frameworks/g-cloud-14/submissions/cloud-hosting/281140/edit/user-support/phone-suppo;/suppliers/frameworks/g-cloud-14/submissions/cloud-hosting/${pServiceId}/edit/user-support/phone-support;localhost:7100;504;0 Assertion failed;60;723;DMP-1.5-Dryrun;DMP 1.5 Supplier Registration - Working on AWS NFT#119 - Actions#1;
1706277849612;GET https://www.nft.marketplace.team/suppliers/frameworks/g-cloud-14/submissions/cloud-hosting/281242/edit/about-your-service/service-description;/suppliers/frameworks/g-cloud-14/submissions/cloud-hosting/281140/edit/about-your-service/servi;;localhost:7100;504;0 Assertion failed;60;761;DMP-1.5-Dryrun;DMP 1.5 Supplier Registration - Working on AWS NFT#264 - Actions#1;
1706277850085;POST https://www.nft.marketplace.team/suppliers/frameworks/g-cloud-14/declaration/edit/data-protection;/suppliers/frameworks/g-cloud-14/declaration/edit/data-protection;;localhost:7100;504;0 Assertion failed;60;761;DMP-1.5-Dryrun;DMP 1.5 Supplier Registration - Working on AWS NFT#382 - Actions#1;
1706277850823;GET https://www.nft.marketplace.team/suppliers/frameworks/g-cloud-14;/suppliers/details;/suppliers/details;localhost:7100;504;0 Assertion failed;60;723;DMP-1.5-Dryrun;DMP 1.5 Supplier Registration - Working on AWS NFT#77 - Actions#2;
1706277851066;GET https://www.nft.marketplace.team/suppliers/frameworks/g-cloud-14/submissions/cloud-hosting/281123/edit/onboarding-and-offboarding/documentation;/suppliers/frameworks/g-cloud-14/submissions/cloud-hosting/281140/edit/onboarding-and-offboardi;/suppliers/frameworks/g-cloud-14/submissions/cloud-hosting/${pServiceId}/edit/onboarding-and-offboarding/getting-started;localhost:7100;504;0 Assertion failed;60;723;DMP-1.5-Dryrun;DMP 1.5 Supplier Registration - Working on AWS NFT#487 - Actions#1;
1706277851999;POST https://www.nft.marketplace.team/suppliers/frameworks/g-cloud-14/submissions/service-type;/suppliers/frameworks/g-cloud-14/submissions/service-type;;localhost:7100;504;0 Assertion failed;60;723;DMP-1.5-Dryrun;DMP 1.5 Supplier Registration - Working on AWS NFT#559 - Actions#1;
1706277852160;POST https://www.nft.marketplace.team/suppliers/frameworks/g-cloud-14/submissions/cloud-hosting/281153/edit/user-support/support-available-to-third-party;/suppliers/frameworks/g-cloud-14/submissions/cloud-hosting/281140/edit/user-support/support-ava;;localhost:7100;504;0 Assertion failed;60;761;DMP-1.5-Dryrun;DMP 1.5 Supplier Registration - Working on AWS NFT#294 - Actions#1;
1706277853506;POST https://www.nft.marketplace.team/suppliers/frameworks/g-cloud-14/submissions/cloud-hosting/281212/edit/reselling/supplier-type;/suppliers/frameworks/g-cloud-14/submissions/cloud-hosting/281140/edit/reselling/supplier-type;;localhost:7100;504;0 Assertion failed;60;723;DMP-1.5-Dryrun;DMP 1.5 Supplier Registration - Working on AWS NFT#390 - Actions#1;
1706277855158;GET https://www.nft.marketplace.team/suppliers/frameworks/g-cloud-14/declaration/edit/providing-suitable-services;/suppliers/frameworks/g-cloud-14/declaration/edit/providing-suitable-services;;localhost:7100;504;0 Assertion failed;60;723;DMP-1.5-Dryrun;DMP 1.5 Supplier Registration - Working on AWS NFT#631 - Actions#1;
1706277855787;POST https://www.nft.marketplace.team/suppliers/frameworks/g-cloud-14/declaration/edit/health-and-safety;/suppliers/frameworks/g-cloud-14/declaration/edit/health-and-safety;;localhost:7100;504;0 Assertion failed;60.1;723;DMP-1.5-Dryrun;DMP 1.5 Supplier Registration - Working on AWS NFT#561 - Actions#1;
1706277855975;POST https://www.nft.marketplace.team/suppliers/frameworks/g-cloud-14/submissions/cloud-hosting/281149/edit/how-users-work-with-your-service/web-interface;/suppliers/frameworks/g-cloud-14/submissions/cloud-hosting/281140/edit/how-users-work-with-your;;localhost:7100;504;0 Assertion failed;60;761;DMP-1.5-Dryrun;DMP 1.5 Supplier Registration - Working on AWS NFT#490 - Actions#1;
1706277856180;GET https://www.nft.marketplace.team/suppliers/frameworks/g-cloud-14;/suppliers/details;/suppliers/details;localhost:7100;504;0 Assertion failed;60;723;DMP-1.5-Dryrun;DMP 1.5 Supplier Registration - Working on AWS NFT#80 - Actions#2;
1706277856239;POST https://www.nft.marketplace.team/suppliers/frameworks/g-cloud-14/submissions/cloud-hosting/280961/edit/pricing/free-or-trial-versions;/suppliers/frameworks/g-cloud-14/submissions/cloud-hosting/281140/edit/pricing/free-or-trial-ve_1;;localhost:7100;504;0 Assertion failed;60;723;DMP-1.5-Dryrun;DMP 1.5 Supplier Registration - Working on AWS NFT#268 - Actions#1;
1706277857214;GET https://www.nft.marketplace.team/suppliers/frameworks/g-cloud-14/submissions/cloud-hosting/281138/edit/how-users-work-with-your-service/command-line-interface;/suppliers/frameworks/g-cloud-14/submissions/cloud-hosting/281140/edit/how-users-work-with-your;/suppliers/frameworks/g-cloud-14/submissions/cloud-hosting/${pServiceId}/edit/how-users-work-with-your-service/api;localhost:7100;504;0 Assertion failed;60;723;DMP-1.5-Dryrun;DMP 1.5 Supplier Registration - Working on AWS NFT#70 - Actions#1;
1706277857389;POST https://www.nft.marketplace.team/suppliers/frameworks/g-cloud-14/declaration/edit/what-it-means-to-be-on-g-cloud-14;/suppliers/frameworks/g-cloud-14/declaration/edit/what-it-means-to-be-on-g-cloud-14;;localhost:7100;504;0 Assertion failed;60;723;DMP-1.5-Dryrun;DMP 1.5 Supplier Registration - Working on AWS NFT#609 - Actions#1;
1706277858242;GET https://www.nft.marketplace.team/suppliers/frameworks/g-cloud-14/submissions/cloud-hosting/281223;/suppliers/frameworks/g-cloud-14/submissions/cloud-hosting/281140/edit/service-features-and-ben;/suppliers/frameworks/g-cloud-14/submissions/cloud-hosting/${pServiceId}/edit/service-features-and-benefits/service-features-and-benefits;localhost:7100;504;0 Assertion failed;60;723;DMP-1.5-Dryrun;DMP 1.5 Supplier Registration - Working on AWS NFT#182 - Actions#1;
1706277858299;GET https://www.nft.marketplace.team/suppliers/frameworks/g-cloud-14/declaration/edit/persons-with-significant-control;/suppliers/frameworks/g-cloud-14/declaration/edit/authorisation-or-organisation-legal-requireme;/suppliers/frameworks/g-cloud-14/declaration/edit/authorisation-or-organisation-legal-requirement;localhost:7100;504;0 Assertion failed;60;761;DMP-1.5-Dryrun;DMP 1.5 Supplier Registration - Working on AWS NFT#20 - Actions#2;
1706277858313;POST https://www.nft.marketplace.team/suppliers/frameworks/g-cloud-14/submissions/cloud-hosting/281019/edit/operational-security/protective-monitoring-type;/suppliers/frameworks/g-cloud-14/submissions/cloud-hosting/281140/edit/operational-security/pro;;localhost:7100;504;0 Assertion failed;60;723;DMP-1.5-Dryrun;DMP 1.5 Supplier Registration - Working on AWS NFT#356 - Actions#1;
1706277859609;POST https://www.nft.marketplace.team/suppliers/frameworks/g-cloud-14/declaration/edit/what-it-means-to-be-on-g-cloud-14;/suppliers/frameworks/g-cloud-14/declaration/edit/what-it-means-to-be-on-g-cloud-14;;localhost:7100;504;0 Assertion failed;60;723;DMP-1.5-Dryrun;DMP 1.5 Supplier Registration - Working on AWS NFT#597 - Actions#1;
1706277859622;POST https://www.nft.marketplace.team/suppliers/frameworks/g-cloud-14/submissions/cloud-hosting/280985/edit/standards-and-certifications/cyber-essentials;/suppliers/frameworks/g-cloud-14/submissions/cloud-hosting/281140/edit/standards-and-certificat;;localhost:7100;504;0 Assertion failed;60;723;DMP-1.5-Dryrun;DMP 1.5 Supplier Registration - Working on AWS NFT#1 - Actions#1;
1706277860972;GET https://www.nft.marketplace.team/suppliers/frameworks/g-cloud-14/submissions/cloud-hosting/281102/edit/analytics/metrics;/suppliers/frameworks/g-cloud-14/submissions/cloud-hosting/281140/edit/analytics/metrics;;localhost:7100;504;0 Assertion failed;60;723;DMP-1.5-Dryrun;DMP 1.5 Supplier Registration - Working on AWS NFT#236 - Actions#1;
1706277861259;GET https://www.nft.marketplace.team/suppliers/frameworks/g-cloud-14/submissions/cloud-hosting/281225/edit/service-scope/service-constraints;/suppliers/frameworks/g-cloud-14/submissions/cloud-hosting/281140/edit/service-scope/service-co;;localhost:7100;504;0 Assertion failed;60;723;DMP-1.5-Dryrun;DMP 1.5 Supplier Registration - Working on AWS NFT#191 - Actions#1;
1706277861408;POST https://www.nft.marketplace.team/suppliers/frameworks/g-cloud-14/declaration;/suppliers/frameworks/g-cloud-14/declaration;/suppliers/frameworks/g-cloud-14/declaration;localhost:7100;504;0 Assertion failed;60;723;DMP-1.5-Dryrun;DMP 1.5 Supplier Registration - Working on AWS NFT#270 - Actions#1;
1706277861742;POST https://www.nft.marketplace.team/suppliers/frameworks/g-cloud-14/declaration/edit/providing-suitable-services;/suppliers/frameworks/g-cloud-14/declaration/edit/providing-suitable-services;;localhost:7100;504;0 Assertion failed;60;723;DMP-1.5-Dryrun;DMP 1.5 Supplier Registration - Working on AWS NFT#68 - Actions#2;
1706277862457;POST https://www.nft.marketplace.team/suppliers/frameworks/g-cloud-14/declaration/edit/immediate-parent-company;/suppliers/frameworks/g-cloud-14/declaration/edit/immediate-parent-company;;localhost:7100;504;0 Assertion failed;60;723;DMP-1.5-Dryrun;DMP 1.5 Supplier Registration - Working on AWS NFT#498 - Actions#1;
1706277864407;GET https://www.nft.marketplace.team/suppliers/frameworks/g-cloud-14/declaration/edit/declaration-of-accuracy-and-understanding;/suppliers/frameworks/g-cloud-14/declaration/edit/application-accuracy;/suppliers/frameworks/g-cloud-14/declaration/edit/application-accuracy;localhost:7100;504;0 Assertion failed;60;723;DMP-1.5-Dryrun;DMP 1.5 Supplier Registration - Working on AWS NFT#316 - Actions#1;
1706277865587;POST https://www.nft.marketplace.team/suppliers/frameworks/g-cloud-14/declaration/edit/authorisation-or-organisation-legal-requirement;/suppliers/frameworks/g-cloud-14/declaration/edit/authorisation-or-organisation-legal-requireme;;localhost:7100;504;0 Assertion failed;60;723;DMP-1.5-Dryrun;DMP 1.5 Supplier Registration - Working on AWS NFT#613 - Actions#1;
1706277865965;GET https://www.nft.marketplace.team/suppliers/frameworks/g-cloud-14/submissions/cloud-hosting/281065/edit/asset-protection/penetration-testing;/suppliers/frameworks/g-cloud-14/submissions/cloud-hosting/281140/edit/asset-protection/datacen;/suppliers/frameworks/g-cloud-14/submissions/cloud-hosting/${pServiceId}/edit/asset-protection/datacentre-security-standards;localhost:7100;504;0 Assertion failed;60;723;DMP-1.5-Dryrun;DMP 1.5 Supplier Registration - Working on AWS NFT#211 - Actions#1;
1706277865977;POST https://www.nft.marketplace.team/suppliers/frameworks/g-cloud-14/submissions/cloud-hosting/280963/edit/pricing/price;/suppliers/frameworks/g-cloud-14/submissions/cloud-hosting/281140/edit/pricing/price;;localhost:7100;504;0 Assertion failed;60;723;DMP-1.5-Dryrun;DMP 1.5 Supplier Registration - Working on AWS NFT#72 - Actions#1;
1706277866749;POST https://www.nft.marketplace.team/suppliers/frameworks/g-cloud-14/submissions/cloud-hosting/281215/edit/service-scope/system-requirements;/suppliers/frameworks/g-cloud-14/submissions/cloud-hosting/281140/edit/service-scope/system-req;;localhost:7100;504;0 Assertion failed;60;723;DMP-1.5-Dryrun;DMP 1.5 Supplier Registration - Working on AWS NFT#179 - Actions#1;
1706277866937;GET https://www.nft.marketplace.team/suppliers/frameworks/g-cloud-14/submissions/cloud-hosting/281130/edit/onboarding-and-offboarding/documentation;/suppliers/frameworks/g-cloud-14/submissions/cloud-hosting/281140/edit/onboarding-and-offboardi;/suppliers/frameworks/g-cloud-14/submissions/cloud-hosting/${pServiceId}/edit/onboarding-and-offboarding/getting-started;localhost:7100;504;0 Assertion failed;60;723;DMP-1.5-Dryrun;DMP 1.5 Supplier Registration - Working on AWS NFT#496 - Actions#1;
1706277867804;GET https://www.nft.marketplace.team/suppliers/frameworks/g-cloud-14/submissions/cloud-hosting/281200;/suppliers/frameworks/g-cloud-14/submissions/cloud-hosting/281140/edit/reselling/supplier-type;/suppliers/frameworks/g-cloud-14/submissions/cloud-hosting/${pServiceId}/edit/reselling/supplier-type;localhost:7100;504;0 Assertion failed;60;723;DMP-1.5-Dryrun;DMP 1.5 Supplier Registration - Working on AWS NFT#553 - Actions#1;
1706277868201;GET https://www.nft.marketplace.team/suppliers/frameworks/g-cloud-14/submissions/cloud-hosting/281244/edit/about-your-service/service-description;/suppliers/frameworks/g-cloud-14/submissions/cloud-hosting/281140/edit/about-your-service/servi;;localhost:7100;504;0 Assertion failed;60;723;DMP-1.5-Dryrun;DMP 1.5 Supplier Registration - Working on AWS NFT#435 - Actions#1;
1706277869811;POST https://www.nft.marketplace.team/suppliers/frameworks/g-cloud-14/declaration/edit/working-with-government;/suppliers/frameworks/g-cloud-14/declaration/edit/working-with-government;;localhost:7100;504;0 Assertion failed;60;723;DMP-1.5-Dryrun;DMP 1.5 Supplier Registration - Working on AWS NFT#394 - Actions#1;
1706277869873;POST https://www.nft.marketplace.team/suppliers/frameworks/g-cloud-14/declaration/edit/grounds-for-discretionary-exclusion;/suppliers/frameworks/g-cloud-14/declaration/edit/grounds-for-discretionary-exclusion;;localhost:7100;504;0 Assertion failed;60;723;DMP-1.5-Dryrun;DMP 1.5 Supplier Registration - Working on AWS NFT#409 - Actions#1;
1706277871564;GET https://www.nft.marketplace.team/suppliers/frameworks/g-cloud-14/declaration/edit/group-or-consortium;/suppliers/frameworks/g-cloud-14/declaration/edit/ultimate-parent-company;/suppliers/frameworks/g-cloud-14/declaration/edit/ultimate-parent-company;localhost:7100;504;0 Assertion failed;60;723;DMP-1.5-Dryrun;DMP 1.5 Supplier Registration - Working on AWS NFT#489 - Actions#1;
1706277886939;GET https://www.nft.marketplace.team/suppliers/details;/suppliers/details;;localhost:7100;200;1 Assertion failed;22.3;32347;DMP-1.5-Dryrun;DMP 1.5 Supplier Registration - Working on AWS NFT#739 - Actions#1;
1706277891779;GET https://www.nft.marketplace.team/suppliers/details;/suppliers/details;;localhost:7100;200;1 Assertion failed;4.87;32218;DMP-1.5-Dryrun;DMP 1.5 Supplier Registration - Working on AWS NFT#711 - Actions#1;
1706277910649;GET https://www.nft.marketplace.team/suppliers/details;/suppliers/details;;localhost:7100;200;1 Assertion failed;30.6;31962;DMP-1.5-Dryrun;DMP 1.5 Supplier Registration - Working on AWS NFT#760 - Actions#1;
1706277934316;GET https://www.nft.marketplace.team/suppliers/details;/suppliers/details;;localhost:7100;200;1 Assertion failed;21;32233;DMP-1.5-Dryrun;DMP 1.5 Supplier Registration - Working on AWS NFT#755 - Actions#1;
1706277944124;GET https://www.nft.marketplace.team/suppliers/details;/suppliers/details;;localhost:7100;200;1 Assertion failed;30.3;32224;DMP-1.5-Dryrun;DMP 1.5 Supplier Registration - Working on AWS NFT#727 - Actions#1;
1706278023043;GET https://www.nft.marketplace.team/suppliers/frameworks/g-cloud-14/submissions/cloud-hosting/281136/edit/onboarding-and-offboarding/getting-started;/suppliers/frameworks/g-cloud-14/submissions/cloud-hosting/281140/edit/onboarding-and-offboardi;;localhost:7100;504;0 Assertion failed;60;723;DMP-1.5-Dryrun;DMP 1.5 Supplier Registration - Working on AWS NFT#110 - Actions#1;
1706278023110;GET https://www.nft.marketplace.team/suppliers/frameworks/g-cloud-14/submissions/cloud-hosting/281231;/suppliers/frameworks/g-cloud-14/submissions/cloud-hosting/281140/edit/reselling/supplier-type;/suppliers/frameworks/g-cloud-14/submissions/cloud-hosting/${pServiceId}/edit/reselling/supplier-type;localhost:7100;504;0 Assertion failed;60;723;DMP-1.5-Dryrun;DMP 1.5 Supplier Registration - Working on AWS NFT#396 - Actions#1;
1706278023185;POST https://www.nft.marketplace.team/suppliers/frameworks/g-cloud-14/declaration/edit/grounds-for-mandatory-exclusion-taxes;/suppliers/frameworks/g-cloud-14/declaration/edit/grounds-for-mandatory-exclusion-taxes;;localhost:7100;504;0 Assertion failed;60;723;DMP-1.5-Dryrun;DMP 1.5 Supplier Registration - Working on AWS NFT#29 - Actions#2;
1706278023272;POST https://www.nft.marketplace.team/suppliers/frameworks/g-cloud-14/submissions/cloud-hosting/281070/edit/asset-protection/datacentre-security-standards;/suppliers/frameworks/g-cloud-14/submissions/cloud-hosting/281140/edit/asset-protection/datacen;;localhost:7100;504;0 Assertion failed;60;723;DMP-1.5-Dryrun;DMP 1.5 Supplier Registration - Working on AWS NFT#428 - Actions#1;
1706278023466;GET https://www.nft.marketplace.team/suppliers/frameworks/g-cloud-14;/suppliers/details;/suppliers/details;localhost:7100;504;0 Assertion failed;60;761;DMP-1.5-Dryrun;DMP 1.5 Supplier Registration - Working on AWS NFT#758 - Actions#1;
1706278023948;GET https://www.nft.marketplace.team/suppliers/frameworks/g-cloud-14/submissions/cloud-hosting/281196/edit/user-support/support-levels;/suppliers/frameworks/g-cloud-14/submissions/cloud-hosting/281140/edit/user-support/onsite-supp;/suppliers/frameworks/g-cloud-14/submissions/cloud-hosting/${pServiceId}/edit/user-support/onsite-support;localhost:7100;504;0 Assertion failed;60;723;DMP-1.5-Dryrun;DMP 1.5 Supplier Registration - Working on AWS NFT#532 - Actions#1;
1706278024061;GET https://www.nft.marketplace.team/suppliers/frameworks/g-cloud-14;/suppliers/details;/suppliers/details;localhost:7100;504;0 Assertion failed;60;723;DMP-1.5-Dryrun;DMP 1.5 Supplier Registration - Working on AWS NFT#769 - Actions#1;
1706278024427;GET https://www.nft.marketplace.team/suppliers/frameworks/g-cloud-14/submissions/cloud-hosting/280978/edit/social-value/social-value;/suppliers/frameworks/g-cloud-14/submissions/cloud-hosting/281140/edit/social-value/social-valu;;localhost:7100;504;0 Assertion failed;60;723;DMP-1.5-Dryrun;DMP 1.5 Supplier Registration - Working on AWS NFT#97 - Actions#1;
1706278024457;GET https://www.nft.marketplace.team/suppliers/frameworks/g-cloud-14/submissions/cloud-hosting/281055/edit/governance/board-level-service-security;/suppliers/frameworks/g-cloud-14/submissions/cloud-hosting/281140/edit/governance/board-level-s;;localhost:7100;504;0 Assertion failed;60;761;DMP-1.5-Dryrun;DMP 1.5 Supplier Registration - Working on AWS NFT#217 - Actions#1;
1706278025006;POST https://www.nft.marketplace.team/suppliers/frameworks/g-cloud-14/declaration/edit/grounds-for-discretionary-exclusion;/suppliers/frameworks/g-cloud-14/declaration/edit/grounds-for-discretionary-exclusion;;localhost:7100;504;0 Assertion failed;60;723;DMP-1.5-Dryrun;DMP 1.5 Supplier Registration - Working on AWS NFT#11 - Actions#2;
1706278025022;POST https://www.nft.marketplace.team/suppliers/frameworks/g-cloud-14/declaration/edit/health-and-safety;/suppliers/frameworks/g-cloud-14/declaration/edit/health-and-safety;;localhost:7100;504;0 Assertion failed;60;723;DMP-1.5-Dryrun;DMP 1.5 Supplier Registration - Working on AWS NFT#373 - Actions#1;
1706278025137;POST https://www.nft.marketplace.team/suppliers/frameworks/g-cloud-14/submissions/service-type;/suppliers/frameworks/g-cloud-14/submissions/service-type;;localhost:7100;504;0 Assertion failed;60.1;723;DMP-1.5-Dryrun;DMP 1.5 Supplier Registration - Working on AWS NFT#558 - Actions#1;
1706278025446;GET https://www.nft.marketplace.team/suppliers/frameworks/g-cloud-14/declaration/edit/contact-details;/suppliers/frameworks/g-cloud-14/declaration/edit/declaration-of-accuracy-and-understanding;/suppliers/frameworks/g-cloud-14/declaration/edit/declaration-of-accuracy-and-understanding;localhost:7100;504;0 Assertion failed;60;723;DMP-1.5-Dryrun;DMP 1.5 Supplier Registration - Working on AWS NFT#571 - Actions#1;
1706278025578;POST https://www.nft.marketplace.team/suppliers/frameworks/g-cloud-14/submissions/cloud-hosting/281046/edit/availability-and-resilience/guaranteed-availability;/suppliers/frameworks/g-cloud-14/submissions/cloud-hosting/281140/edit/availability-and-resilie;;localhost:7100;504;0 Assertion failed;60;723;DMP-1.5-Dryrun;DMP 1.5 Supplier Registration - Working on AWS NFT#407 - Actions#1;
1706278027274;GET https://www.nft.marketplace.team/suppliers/frameworks/g-cloud-14/declaration/reuse;/suppliers/frameworks/g-cloud-14/declaration/reuse;;localhost:7100;504;0 Assertion failed;60;761;DMP-1.5-Dryrun;DMP 1.5 Supplier Registration - Working on AWS NFT#724 - Actions#1;
1706278028351;POST https://www.nft.marketplace.team/suppliers/frameworks/g-cloud-14/declaration/edit/health-and-safety;/suppliers/frameworks/g-cloud-14/declaration/edit/health-and-safety;;localhost:7100;504;0 Assertion failed;60;723;DMP-1.5-Dryrun;DMP 1.5 Supplier Registration - Working on AWS NFT#427 - Actions#1;
1706278028448;GET https://www.nft.marketplace.team/suppliers/frameworks/g-cloud-14/declaration/start;/suppliers/frameworks/g-cloud-14/declaration/start;;localhost:7100;504;0 Assertion failed;60;723;DMP-1.5-Dryrun;DMP 1.5 Supplier Registration - Working on AWS NFT#798 - Actions#1;
1706278028529;GET https://www.nft.marketplace.team/suppliers/frameworks/g-cloud-14/declaration/edit/providing-suitable-services;/suppliers/frameworks/g-cloud-14/declaration/edit/providing-suitable-services;;localhost:7100;504;0 Assertion failed;60;723;DMP-1.5-Dryrun;DMP 1.5 Supplier Registration - Working on AWS NFT#105 - Actions#2;
1706278028696;POST https://www.nft.marketplace.team/suppliers/frameworks/g-cloud-14/declaration/edit/providing-suitable-services;/suppliers/frameworks/g-cloud-14/declaration/edit/providing-suitable-services;;localhost:7100;504;0 Assertion failed;60;723;DMP-1.5-Dryrun;DMP 1.5 Supplier Registration - Working on AWS NFT#738 - Actions#1;
1706278028818;POST https://www.nft.marketplace.team/suppliers/frameworks/g-cloud-14/declaration/edit/providing-suitable-services;/suppliers/frameworks/g-cloud-14/declaration/edit/providing-suitable-services;;localhost:7100;504;0 Assertion failed;60;761;DMP-1.5-Dryrun;DMP 1.5 Supplier Registration - Working on AWS NFT#686 - Actions#1;
1706278028879;GET https://www.nft.marketplace.team/suppliers/details;/suppliers/details;;localhost:7100;504;0 Assertion failed;60;723;DMP-1.5-Dryrun;DMP 1.5 Supplier Registration - Working on AWS NFT#114 - Actions#2;
1706278028889;POST https://www.nft.marketplace.team/suppliers/frameworks/g-cloud-14/declaration/edit/contracts-finder;/suppliers/frameworks/g-cloud-14/declaration/edit/contracts-finder;;localhost:7100;504;0 Assertion failed;60;723;DMP-1.5-Dryrun;DMP 1.5 Supplier Registration - Working on AWS NFT#328 - Actions#1;
1706278029170;GET https://www.nft.marketplace.team/suppliers/frameworks/g-cloud-14/declaration/edit/providing-suitable-services;/suppliers/frameworks/g-cloud-14/declaration/edit/providing-suitable-services;;localhost:7100;504;0 Assertion failed;60;723;DMP-1.5-Dryrun;DMP 1.5 Supplier Registration - Working on AWS NFT#705 - Actions#1;
1706278029720;GET https://www.nft.marketplace.team/suppliers/frameworks/g-cloud-14/declaration/edit/insurance-requirements;/suppliers/frameworks/g-cloud-14/declaration/edit/value-added-tax;/suppliers/frameworks/g-cloud-14/declaration/edit/value-added-tax;localhost:7100;504;0 Assertion failed;60;723;DMP-1.5-Dryrun;DMP 1.5 Supplier Registration - Working on AWS NFT#412 - Actions#1;
1706278029737;POST https://www.nft.marketplace.team/suppliers/frameworks/g-cloud-14/submissions/cloud-hosting/281219/edit/user-support/email-or-ticketing-support;/suppliers/frameworks/g-cloud-14/submissions/cloud-hosting/281140/edit/user-support/email-or-ti;;localhost:7100;504;0 Assertion failed;60;761;DMP-1.5-Dryrun;DMP 1.5 Supplier Registration - Working on AWS NFT#399 - Actions#1;
1706278029754;POST https://www.nft.marketplace.team/suppliers/frameworks/g-cloud-14/declaration/edit/grounds-for-mandatory-exclusion-taxes;/suppliers/frameworks/g-cloud-14/declaration/edit/grounds-for-mandatory-exclusion-taxes;;localhost:7100;504;0 Assertion failed;60;723;DMP-1.5-Dryrun;DMP 1.5 Supplier Registration - Working on AWS NFT#587 - Actions#1;
1706278030226;GET https://www.nft.marketplace.team/suppliers/frameworks/g-cloud-14/submissions/cloud-hosting/280956/edit/documents/service-definition-document-url;/suppliers/frameworks/g-cloud-14/submissions/cloud-hosting/281142/edit/documents/service-defini;;localhost:7100;504;0 Assertion failed;60;723;DMP-1.5-Dryrun;DMP 1.5 Supplier Registration - Working on AWS NFT#63 - Actions#1;
1706278030351;POST https://www.nft.marketplace.team/suppliers/frameworks/g-cloud-14/declaration/edit/application-accuracy;/suppliers/frameworks/g-cloud-14/declaration/edit/application-accuracy;;localhost:7100;504;0 Assertion failed;60;761;DMP-1.5-Dryrun;DMP 1.5 Supplier Registration - Working on AWS NFT#361 - Actions#1;
1706278030395;POST https://www.nft.marketplace.team/suppliers/frameworks/g-cloud-14/declaration/edit/immediate-parent-company;/suppliers/frameworks/g-cloud-14/declaration/edit/immediate-parent-company;;localhost:7100;504;0 Assertion failed;60;761;DMP-1.5-Dryrun;DMP 1.5 Supplier Registration - Working on AWS NFT#65 - Actions#2;
1706278030413;GET https://www.nft.marketplace.team/suppliers/frameworks/g-cloud-14/submissions/cloud-hosting/281023/edit/operational-security/vulnerability-management-approach;/suppliers/frameworks/g-cloud-14/submissions/cloud-hosting/281140/edit/operational-security/vul;/suppliers/frameworks/g-cloud-14/submissions/cloud-hosting/${pServiceId}/edit/operational-security/vulnerability-management-type;localhost:7100;504;0 Assertion failed;60;723;DMP-1.5-Dryrun;DMP 1.5 Supplier Registration - Working on AWS NFT#163 - Actions#1;
1706278030598;POST https://www.nft.marketplace.team/suppliers/frameworks/g-cloud-14/submissions/cloud-hosting/281031/edit/governance/board-level-service-security;/suppliers/frameworks/g-cloud-14/submissions/cloud-hosting/281140/edit/governance/board-level-s;;localhost:7100;504;0 Assertion failed;60;723;DMP-1.5-Dryrun;DMP 1.5 Supplier Registration - Working on AWS NFT#368 - Actions#1;
1706278030632;GET https://www.nft.marketplace.team/suppliers/frameworks/g-cloud-14/submissions/cloud-hosting/280955/edit/documents/terms-and-conditions-document-url;/suppliers/frameworks/g-cloud-14/submissions/cloud-hosting/281140/edit/documents/service-defini;/suppliers/frameworks/g-cloud-14/submissions/cloud-hosting/${pServiceId}/edit/documents/service-definition-document-url;localhost:7100;504;0 Assertion failed;60;761;DMP-1.5-Dryrun;DMP 1.5 Supplier Registration - Working on AWS NFT#60 - Actions#1;
1706278030724;GET https://www.nft.marketplace.team/suppliers/frameworks/g-cloud-14/declaration/edit/providing-suitable-services;/suppliers/frameworks/g-cloud-14/declaration/edit/providing-suitable-services;;localhost:7100;504;0 Assertion failed;60;761;DMP-1.5-Dryrun;DMP 1.5 Supplier Registration - Working on AWS NFT#658 - Actions#1;
1706278031448;GET https://www.nft.marketplace.team/suppliers/frameworks/g-cloud-14/declaration/edit/key-subcontractors;/suppliers/frameworks/g-cloud-14/declaration/edit/group-or-consortium;/suppliers/frameworks/g-cloud-14/declaration/edit/group-or-consortium;localhost:7100;504;0 Assertion failed;60;761;DMP-1.5-Dryrun;DMP 1.5 Supplier Registration - Working on AWS NFT#607 - Actions#1;
1706278031454;GET https://www.nft.marketplace.team/suppliers/frameworks/g-cloud-14/declaration/reuse;/suppliers/frameworks/g-cloud-14/declaration/reuse;;localhost:7100;504;0 Assertion failed;60;761;DMP-1.5-Dryrun;DMP 1.5 Supplier Registration - Working on AWS NFT#718 - Actions#1;
1706278031470;GET https://www.nft.marketplace.team/suppliers/frameworks/g-cloud-14/submissions/cloud-hosting/281048;/suppliers/frameworks/g-cloud-14/submissions/cloud-hosting/281140/edit/separation-between-users;/suppliers/frameworks/g-cloud-14/submissions/cloud-hosting/${pServiceId}/edit/separation-between-users/virtualisation;localhost:7100;504;0 Assertion failed;60;761;DMP-1.5-Dryrun;DMP 1.5 Supplier Registration - Working on AWS NFT#404 - Actions#1;
1706278031981;GET https://www.nft.marketplace.team/suppliers/frameworks/g-cloud-14/declaration/edit/providing-suitable-services;/suppliers/frameworks/g-cloud-14/declaration/edit/providing-suitable-services;;localhost:7100;504;0 Assertion failed;60;723;DMP-1.5-Dryrun;DMP 1.5 Supplier Registration - Working on AWS NFT#698 - Actions#1;
1706278032064;POST https://www.nft.marketplace.team/suppliers/frameworks/g-cloud-14/declaration/edit/key-subcontractors;/suppliers/frameworks/g-cloud-14/declaration/edit/key-subcontractors;;localhost:7100;504;0 Assertion failed;60;723;DMP-1.5-Dryrun;DMP 1.5 Supplier Registration - Working on AWS NFT#14 - Actions#2;
1706278032083;GET https://www.nft.marketplace.team/suppliers/frameworks/g-cloud-14/submissions/cloud-hosting/281252;/suppliers/frameworks/g-cloud-14/submissions/cloud-hosting/281140/edit/about-your-service/servi;/suppliers/frameworks/g-cloud-14/submissions/cloud-hosting/${pServiceId}/edit/about-your-service/service-categories;localhost:7100;504;0 Assertion failed;60;761;DMP-1.5-Dryrun;DMP 1.5 Supplier Registration - Working on AWS NFT#231 - Actions#1;
1706278032127;POST https://www.nft.marketplace.team/suppliers/frameworks/g-cloud-14/declaration/edit/ultimate-parent-company;/suppliers/frameworks/g-cloud-14/declaration/edit/ultimate-parent-company;;localhost:7100;504;0 Assertion failed;60;723;DMP-1.5-Dryrun;DMP 1.5 Supplier Registration - Working on AWS NFT#623 - Actions#1;
1706278032162;GET https://www.nft.marketplace.team/suppliers/frameworks/g-cloud-14;/suppliers/details;/suppliers/details;localhost:7100;504;0 Assertion failed;60;761;DMP-1.5-Dryrun;DMP 1.5 Supplier Registration - Working on AWS NFT#763 - Actions#1;
1706278032468;GET https://www.nft.marketplace.team/suppliers/frameworks/g-cloud-14/declaration/edit/group-or-consortium;/suppliers/frameworks/g-cloud-14/declaration/edit/ultimate-parent-company;/suppliers/frameworks/g-cloud-14/declaration/edit/ultimate-parent-company;localhost:7100;504;0 Assertion failed;60;723;DMP-1.5-Dryrun;DMP 1.5 Supplier Registration - Working on AWS NFT#589 - Actions#1;
1706278032718;POST https://www.nft.marketplace.team/suppliers/frameworks/g-cloud-14/submissions/cloud-hosting/281224/edit/user-support/email-or-ticketing-support;/suppliers/frameworks/g-cloud-14/submissions/cloud-hosting/281140/edit/user-support/email-or-ti;;localhost:7100;504;0 Assertion failed;60;761;DMP-1.5-Dryrun;DMP 1.5 Supplier Registration - Working on AWS NFT#203 - Actions#1;
1706278032917;POST https://www.nft.marketplace.team/suppliers/frameworks/g-cloud-14/submissions/cloud-hosting/281235/edit/service-scope/system-requirements;/suppliers/frameworks/g-cloud-14/submissions/cloud-hosting/281140/edit/service-scope/system-req;;localhost:7100;504;0 Assertion failed;60;723;DMP-1.5-Dryrun;DMP 1.5 Supplier Registration - Working on AWS NFT#243 - Actions#1;
1706278033044;GET https://www.nft.marketplace.team/suppliers/frameworks/g-cloud-14/declaration/edit/providing-suitable-services;/suppliers/frameworks/g-cloud-14/declaration/edit/providing-suitable-services;;localhost:7100;504;0 Assertion failed;60;723;DMP-1.5-Dryrun;DMP 1.5 Supplier Registration - Working on AWS NFT#666 - Actions#1;
1706278033100;GET https://www.nft.marketplace.team/suppliers/frameworks/g-cloud-14/declaration/start;/suppliers/frameworks/g-cloud-14/declaration/start;;localhost:7100;504;0 Assertion failed;60;723;DMP-1.5-Dryrun;DMP 1.5 Supplier Registration - Working on AWS NFT#791 - Actions#1;
1706278033232;GET https://www.nft.marketplace.team/suppliers/frameworks/g-cloud-14/declaration/edit/providing-suitable-services;/suppliers/frameworks/g-cloud-14/declaration/edit/providing-suitable-services;;localhost:7100;504;0 Assertion failed;60;761;DMP-1.5-Dryrun;DMP 1.5 Supplier Registration - Working on AWS NFT#108 - Actions#2;
1706278033275;GET https://www.nft.marketplace.team/suppliers/frameworks/g-cloud-14/declaration/edit/application-accuracy;/suppliers/frameworks/g-cloud-14/declaration/edit/framework-award-form-details;/suppliers/frameworks/g-cloud-14/declaration/edit/framework-award-form-details;localhost:7100;504;0 Assertion failed;60;761;DMP-1.5-Dryrun;DMP 1.5 Supplier Registration - Working on AWS NFT#376 - Actions#1;
1706278033278;POST https://www.nft.marketplace.team/suppliers/frameworks/g-cloud-14/submissions/cloud-hosting/281075/edit/asset-protection/penetration-testing;/suppliers/frameworks/g-cloud-14/submissions/cloud-hosting/281140/edit/asset-protection/penetra;;localhost:7100;504;0 Assertion failed;60;723;DMP-1.5-Dryrun;DMP 1.5 Supplier Registration - Working on AWS NFT#410 - Actions#1;
1706278033411;GET https://www.nft.marketplace.team/suppliers/frameworks/g-cloud-14/submissions/cloud-hosting/281108/edit/scaling/scaling;/suppliers/frameworks/g-cloud-14/submissions/cloud-hosting/281140/edit/scaling/scaling;;localhost:7100;504;0 Assertion failed;60;723;DMP-1.5-Dryrun;DMP 1.5 Supplier Registration - Working on AWS NFT#248 - Actions#1;
1706278033588;GET https://www.nft.marketplace.team/suppliers/frameworks/g-cloud-14/declaration/start;/suppliers/frameworks/g-cloud-14/declaration/start;;localhost:7100;504;0 Assertion failed;60;723;DMP-1.5-Dryrun;DMP 1.5 Supplier Registration - Working on AWS NFT#643 - Actions#1;
1706278033609;GET https://www.nft.marketplace.team/suppliers/frameworks/g-cloud-14/submissions/cloud-hosting/281057/edit/separation-between-users/virtualisation;/suppliers/frameworks/g-cloud-14/submissions/cloud-hosting/281140/edit/separation-between-users;;localhost:7100;504;0 Assertion failed;60;723;DMP-1.5-Dryrun;DMP 1.5 Supplier Registration - Working on AWS NFT#199 - Actions#1;
1706278033627;POST https://www.nft.marketplace.team/suppliers/frameworks/g-cloud-14/submissions/cloud-hosting/281043/edit/governance/information-security-policies-and-processes;/suppliers/frameworks/g-cloud-14/submissions/cloud-hosting/281140/edit/governance/information-s;;localhost:7100;504;0 Assertion failed;60;723;DMP-1.5-Dryrun;DMP 1.5 Supplier Registration - Working on AWS NFT#193 - Actions#1;
1706278033700;GET https://www.nft.marketplace.team/suppliers/frameworks/g-cloud-14/declaration/edit/contact-details;/suppliers/frameworks/g-cloud-14/declaration/edit/declaration-of-accuracy-and-understanding;/suppliers/frameworks/g-cloud-14/declaration/edit/declaration-of-accuracy-and-understanding;localhost:7100;504;0 Assertion failed;60;761;DMP-1.5-Dryrun;DMP 1.5 Supplier Registration - Working on AWS NFT#313 - Actions#1;
1706278033859;GET https://www.nft.marketplace.team/suppliers/frameworks/g-cloud-14/submissions/cloud-hosting;/suppliers/frameworks/g-cloud-14/submissions/service-type;/suppliers/frameworks/g-cloud-14/submissions/service-type;localhost:7100;504;0 Assertion failed;60;723;DMP-1.5-Dryrun;DMP 1.5 Supplier Registration - Working on AWS NFT#319 - Actions#1;
1706278034142;GET https://www.nft.marketplace.team/suppliers/frameworks/g-cloud-14/declaration/edit/key-subcontractors;/suppliers/frameworks/g-cloud-14/declaration/edit/group-or-consortium;/suppliers/frameworks/g-cloud-14/declaration/edit/group-or-consortium;localhost:7100;504;0 Assertion failed;60;761;DMP-1.5-Dryrun;DMP 1.5 Supplier Registration - Working on AWS NFT#582 - Actions#1;
1706278034404;GET https://www.nft.marketplace.team/suppliers/frameworks/g-cloud-14/submissions/cloud-hosting/281096/edit/scaling/scaling;/suppliers/frameworks/g-cloud-14/submissions/cloud-hosting/281140/edit/scaling/scaling;;localhost:7100;504;0 Assertion failed;60;723;DMP-1.5-Dryrun;DMP 1.5 Supplier Registration - Working on AWS NFT#447 - Actions#1;
1706278034774;GET https://www.nft.marketplace.team/suppliers/frameworks/g-cloud-14/submissions/cloud-hosting/281012/edit/identity-and-authentication/access-restriction-testing;/suppliers/frameworks/g-cloud-14/submissions/cloud-hosting/281140/edit/identity-and-authenticat;/suppliers/frameworks/g-cloud-14/submissions/cloud-hosting/${pServiceId}/edit/identity-and-authentication/access-restriction-management-and-support;localhost:7100;504;0 Assertion failed;60;723;DMP-1.5-Dryrun;DMP 1.5 Supplier Registration - Working on AWS NFT#139 - Actions#1;
1706278034784;POST https://www.nft.marketplace.team/suppliers/frameworks/g-cloud-14/submissions/cloud-hosting/281007/edit/secure-development/secure-development;/suppliers/frameworks/g-cloud-14/submissions/cloud-hosting/281140/edit/secure-development/secur;;localhost:7100;504;0 Assertion failed;60;761;DMP-1.5-Dryrun;DMP 1.5 Supplier Registration - Working on AWS NFT#338 - Actions#1;
1706278034801;POST https://www.nft.marketplace.team/suppliers/frameworks/g-cloud-14/submissions/cloud-hosting/281203/edit/user-support/phone-support;/suppliers/frameworks/g-cloud-14/submissions/cloud-hosting/281140/edit/user-support/phone-suppo;;localhost:7100;504;0 Assertion failed;60;723;DMP-1.5-Dryrun;DMP 1.5 Supplier Registration - Working on AWS NFT#366 - Actions#1;
1706278034828;GET https://www.nft.marketplace.team/suppliers/frameworks/g-cloud-14/submissions/cloud-hosting/281011;/suppliers/frameworks/g-cloud-14/submissions/cloud-hosting/281140/edit/secure-development/secur;/suppliers/frameworks/g-cloud-14/submissions/cloud-hosting/${pServiceId}/edit/secure-development/secure-development;localhost:7100;504;0 Assertion failed;60;723;DMP-1.5-Dryrun;DMP 1.5 Supplier Registration - Working on AWS NFT#347 - Actions#1;
1706278034835;POST https://www.nft.marketplace.team/suppliers/frameworks/g-cloud-14/submissions/cloud-hosting/281261/edit/about-your-service/service-description;/suppliers/frameworks/g-cloud-14/submissions/cloud-hosting/281140/edit/about-your-service/servi;;localhost:7100;504;0 Assertion failed;60;761;DMP-1.5-Dryrun;DMP 1.5 Supplier Registration - Working on AWS NFT#273 - Actions#1;
1706278034878;GET https://www.nft.marketplace.team/suppliers/frameworks/g-cloud-14/declaration/reuse;/suppliers/frameworks/g-cloud-14/declaration/reuse;;localhost:7100;504;0 Assertion failed;60;723;DMP-1.5-Dryrun;DMP 1.5 Supplier Registration - Working on AWS NFT#757 - Actions#1;
1706278034898;GET https://www.nft.marketplace.team/suppliers/frameworks/g-cloud-14/declaration/reuse;/suppliers/frameworks/g-cloud-14/declaration/reuse;;localhost:7100;504;0 Assertion failed;60;723;DMP-1.5-Dryrun;DMP 1.5 Supplier Registration - Working on AWS NFT#752 - Actions#1;
1706278034992;POST https://www.nft.marketplace.team/suppliers/frameworks/g-cloud-14/submissions/cloud-hosting/281080/edit/asset-protection/penetration-testing;/suppliers/frameworks/g-cloud-14/submissions/cloud-hosting/281140/edit/asset-protection/penetra;;localhost:7100;504;0 Assertion failed;60;761;DMP-1.5-Dryrun;DMP 1.5 Supplier Registration - Working on AWS NFT#434 - Actions#1;
1706278035106;POST https://www.nft.marketplace.team/suppliers/frameworks/g-cloud-14/declaration/edit/grounds-for-discretionary-exclusion;/suppliers/frameworks/g-cloud-14/declaration/edit/grounds-for-discretionary-exclusion;;localhost:7100;504;0 Assertion failed;60;723;DMP-1.5-Dryrun;DMP 1.5 Supplier Registration - Working on AWS NFT#23 - Actions#2;
1706278035289;POST https://www.nft.marketplace.team/suppliers/frameworks/g-cloud-14/submissions/cloud-hosting/281068/edit/availability-and-resilience/guaranteed-availability;/suppliers/frameworks/g-cloud-14/submissions/cloud-hosting/281140/edit/availability-and-resilie;;localhost:7100;504;0 Assertion failed;60;723;DMP-1.5-Dryrun;DMP 1.5 Supplier Registration - Working on AWS NFT#437 - Actions#1;
1706278035324;POST https://www.nft.marketplace.team/suppliers/frameworks/g-cloud-14/submissions/cloud-hosting/280967/edit/pricing/free-or-trial-versions;/suppliers/frameworks/g-cloud-14/submissions/cloud-hosting/281140/edit/pricing/free-or-trial-ve;;localhost:7100;504;0 Assertion failed;60;723;DMP-1.5-Dryrun;DMP 1.5 Supplier Registration - Working on AWS NFT#75 - Actions#1;
1706278035583;GET https://www.nft.marketplace.team/suppliers/frameworks/g-cloud-14/declaration/edit/framework-award-form-details;/suppliers/frameworks/g-cloud-14/declaration/edit/contracts-finder;/suppliers/frameworks/g-cloud-14/declaration/edit/contracts-finder;localhost:7100;504;0 Assertion failed;60;761;DMP-1.5-Dryrun;DMP 1.5 Supplier Registration - Working on AWS NFT#370 - Actions#1;
1706278035661;GET https://www.nft.marketplace.team/suppliers/frameworks/g-cloud-14/submissions/cloud-hosting/281006/edit/identity-and-authentication/management-access;/suppliers/frameworks/g-cloud-14/submissions/cloud-hosting/281140/edit/identity-and-authenticat;/suppliers/frameworks/g-cloud-14/submissions/cloud-hosting/${pServiceId}/edit/identity-and-authentication/access-restriction-testing;localhost:7100;504;0 Assertion failed;60;761;DMP-1.5-Dryrun;DMP 1.5 Supplier Registration - Working on AWS NFT#130 - Actions#1;
1706278035754;POST https://www.nft.marketplace.team/suppliers/frameworks/g-cloud-14/submissions/cloud-hosting/281258/edit/about-your-service/service-categories;/suppliers/frameworks/g-cloud-14/submissions/cloud-hosting/281140/edit/about-your-service/servi;;localhost:7100;504;0 Assertion failed;60;723;DMP-1.5-Dryrun;DMP 1.5 Supplier Registration - Working on AWS NFT#261 - Actions#1;
1706278035866;POST https://www.nft.marketplace.team/suppliers/frameworks/g-cloud-14/declaration/edit/what-it-means-to-be-on-g-cloud-14;/suppliers/frameworks/g-cloud-14/declaration/edit/what-it-means-to-be-on-g-cloud-14;;localhost:7100;504;0 Assertion failed;60;723;DMP-1.5-Dryrun;DMP 1.5 Supplier Registration - Working on AWS NFT#741 - Actions#1;
1706278036136;POST https://www.nft.marketplace.team/suppliers/frameworks/g-cloud-14/declaration/edit/ultimate-parent-company;/suppliers/frameworks/g-cloud-14/declaration/edit/ultimate-parent-company;;localhost:7100;504;0 Assertion failed;60;723;DMP-1.5-Dryrun;DMP 1.5 Supplier Registration - Working on AWS NFT#525 - Actions#1;
1706278036673;POST https://www.nft.marketplace.team/suppliers/frameworks/g-cloud-14/submissions/cloud-hosting/281035/edit/operational-security/vulnerability-management-type;/suppliers/frameworks/g-cloud-14/submissions/cloud-hosting/281140/edit/operational-security/vul;;localhost:7100;504;0 Assertion failed;60;723;DMP-1.5-Dryrun;DMP 1.5 Supplier Registration - Working on AWS NFT#181 - Actions#1;
1706278036739;GET https://www.nft.marketplace.team/suppliers/frameworks/g-cloud-14/declaration/start;/suppliers/frameworks/g-cloud-14/declaration/start;;localhost:7100;504;0 Assertion failed;60;761;DMP-1.5-Dryrun;DMP 1.5 Supplier Registration - Working on AWS NFT#765 - Actions#1;
1706278036821;GET https://www.nft.marketplace.team/suppliers/frameworks/g-cloud-14/declaration/edit/group-or-consortium;/suppliers/frameworks/g-cloud-14/declaration/edit/ultimate-parent-company;/suppliers/frameworks/g-cloud-14/declaration/edit/ultimate-parent-company;localhost:7100;504;0 Assertion failed;60;723;DMP-1.5-Dryrun;DMP 1.5 Supplier Registration - Working on AWS NFT#62 - Actions#2;
1706278036953;POST https://www.nft.marketplace.team/suppliers/frameworks/g-cloud-14/submissions/cloud-hosting/281077/edit/asset-protection/data-sanitisation-process;/suppliers/frameworks/g-cloud-14/submissions/cloud-hosting/281140/edit/asset-protection/data-sa;;localhost:7100;504;0 Assertion failed;60;723;DMP-1.5-Dryrun;DMP 1.5 Supplier Registration - Working on AWS NFT#422 - Actions#1;
1706278037070;GET https://www.nft.marketplace.team/suppliers/frameworks/g-cloud-14;/suppliers/details;/suppliers/details;localhost:7100;504;0 Assertion failed;60;723;DMP-1.5-Dryrun;DMP 1.5 Supplier Registration - Working on AWS NFT#780 - Actions#1;
1706278037187;GET https://www.nft.marketplace.team/suppliers/frameworks/g-cloud-14/declaration/start;/suppliers/frameworks/g-cloud-14/declaration/start;;localhost:7100;504;0 Assertion failed;60;723;DMP-1.5-Dryrun;DMP 1.5 Supplier Registration - Working on AWS NFT#675 - Actions#1;
1706278037211;GET https://www.nft.marketplace.team/suppliers/frameworks/g-cloud-14/declaration/edit/what-it-means-to-be-on-g-cloud-14;/suppliers/frameworks/g-cloud-14/declaration/edit/providing-suitable-services;/suppliers/frameworks/g-cloud-14/declaration/edit/providing-suitable-services;localhost:7100;504;0 Assertion failed;60;723;DMP-1.5-Dryrun;DMP 1.5 Supplier Registration - Working on AWS NFT#637 - Actions#1;
1706278037285;GET https://www.nft.marketplace.team/suppliers/frameworks/g-cloud-14/submissions/cloud-hosting/281266;/suppliers/frameworks/g-cloud-14/submissions/cloud-hosting/create;/suppliers/frameworks/g-cloud-14/submissions/cloud-hosting/create;localhost:7100;504;0 Assertion failed;60;723;DMP-1.5-Dryrun;DMP 1.5 Supplier Registration - Working on AWS NFT#478 - Actions#1;
1706278037536;GET https://www.nft.marketplace.team/suppliers/frameworks/g-cloud-14;/suppliers/frameworks/g-cloud-14/declaration;/suppliers/frameworks/g-cloud-14/declaration;localhost:7100;504;0 Assertion failed;60;723;DMP-1.5-Dryrun;DMP 1.5 Supplier Registration - Working on AWS NFT#282 - Actions#1;
1706278037539;GET https://www.nft.marketplace.team/suppliers/frameworks/g-cloud-14/submissions/cloud-hosting/281010/edit/identity-and-authentication/access-restriction-management-and-support;/suppliers/frameworks/g-cloud-14/submissions/cloud-hosting/281140/edit/identity-and-authenticat;/suppliers/frameworks/g-cloud-14/submissions/cloud-hosting/${pServiceId}/edit/identity-and-authentication/user-authentication;localhost:7100;504;0 Assertion failed;60;723;DMP-1.5-Dryrun;DMP 1.5 Supplier Registration - Working on AWS NFT#344 - Actions#1;
1706278037961;GET https://www.nft.marketplace.team/suppliers/frameworks/g-cloud-14/declaration/edit/providing-suitable-services;/suppliers/frameworks/g-cloud-14/declaration/edit/providing-suitable-services;;localhost:7100;504;0 Assertion failed;60;723;DMP-1.5-Dryrun;DMP 1.5 Supplier Registration - Working on AWS NFT#729 - Actions#1;
1706278038494;GET https://www.nft.marketplace.team/suppliers/frameworks/g-cloud-14/declaration/reuse;/suppliers/frameworks/g-cloud-14/declaration/reuse;;localhost:7100;504;0 Assertion failed;60;723;DMP-1.5-Dryrun;DMP 1.5 Supplier Registration - Working on AWS NFT#684 - Actions#1;
1706278038861;GET https://www.nft.marketplace.team/suppliers/frameworks/g-cloud-14/declaration/edit/group-or-consortium;/suppliers/frameworks/g-cloud-14/declaration/edit/ultimate-parent-company;/suppliers/frameworks/g-cloud-14/declaration/edit/ultimate-parent-company;localhost:7100;504;0 Assertion failed;60;723;DMP-1.5-Dryrun;DMP 1.5 Supplier Registration - Working on AWS NFT#601 - Actions#1;
1706278038864;GET https://www.nft.marketplace.team/suppliers/frameworks/g-cloud-14/submissions/cloud-hosting/280976;/suppliers/frameworks/g-cloud-14/submissions/cloud-hosting/281140/edit/social-value/social-valu;/suppliers/frameworks/g-cloud-14/submissions/cloud-hosting/${pServiceId}/edit/social-value/social-value;localhost:7100;504;0 Assertion failed;60;723;DMP-1.5-Dryrun;DMP 1.5 Supplier Registration - Working on AWS NFT#84 - Actions#1;
1706278039114;POST https://www.nft.marketplace.team/suppliers/details;/suppliers/details;/suppliers/details;localhost:7100;504;0 Assertion failed;60;723;DMP-1.5-Dryrun;DMP 1.5 Supplier Registration - Working on AWS NFT#802 - Actions#1;
1706278039136;POST https://www.nft.marketplace.team/suppliers/frameworks/g-cloud-14/declaration/edit/group-or-consortium;/suppliers/frameworks/g-cloud-14/declaration/edit/group-or-consortium;;localhost:7100;504;0 Assertion failed;60;723;DMP-1.5-Dryrun;DMP 1.5 Supplier Registration - Working on AWS NFT#53 - Actions#2;
1706278040197;GET https://www.nft.marketplace.team/suppliers/frameworks/g-cloud-14/declaration/edit/authorisation-or-organisation-legal-requirement;/suppliers/frameworks/g-cloud-14/declaration/edit/what-it-means-to-be-on-g-cloud-14;/suppliers/frameworks/g-cloud-14/declaration/edit/what-it-means-to-be-on-g-cloud-14;localhost:7100;504;0 Assertion failed;60;723;DMP-1.5-Dryrun;DMP 1.5 Supplier Registration - Working on AWS NFT#632 - Actions#1;
1706278040386;GET https://www.nft.marketplace.team/suppliers/frameworks/g-cloud-14/submissions/cloud-hosting/280996;/suppliers/frameworks/g-cloud-14/submissions/cloud-hosting/281140/edit/identity-and-authenticat;/suppliers/frameworks/g-cloud-14/submissions/cloud-hosting/${pServiceId}/edit/identity-and-authentication/devices-users-manage-the-service-through;localhost:7100;504;0 Assertion failed;60;723;DMP-1.5-Dryrun;DMP 1.5 Supplier Registration - Working on AWS NFT#329 - Actions#1;
1706278040429;GET https://www.nft.marketplace.team/suppliers/frameworks/g-cloud-14/submissions/cloud-hosting/281131;/suppliers/frameworks/g-cloud-14/submissions/cloud-hosting/281140/edit/backups-and-recovery/bac;/suppliers/frameworks/g-cloud-14/submissions/cloud-hosting/${pServiceId}/edit/backups-and-recovery/backup-and-recovery;localhost:7100;504;0 Assertion failed;60;723;DMP-1.5-Dryrun;DMP 1.5 Supplier Registration - Working on AWS NFT#266 - Actions#1;
1706278040507;POST https://www.nft.marketplace.team/suppliers/frameworks/g-cloud-14/declaration/edit/grounds-for-discretionary-exclusion;/suppliers/frameworks/g-cloud-14/declaration/edit/grounds-for-discretionary-exclusion;;localhost:7100;504;0 Assertion failed;60;723;DMP-1.5-Dryrun;DMP 1.5 Supplier Registration - Working on AWS NFT#5 - Actions#2;
1706278040879;POST https://www.nft.marketplace.team/suppliers/frameworks/g-cloud-14/declaration/edit/what-it-means-to-be-on-g-cloud-14;/suppliers/frameworks/g-cloud-14/declaration/edit/what-it-means-to-be-on-g-cloud-14;;localhost:7100;504;0 Assertion failed;60;723;DMP-1.5-Dryrun;DMP 1.5 Supplier Registration - Working on AWS NFT#742 - Actions#1;
1706278041037;GET https://www.nft.marketplace.team/suppliers/frameworks/g-cloud-14/submissions/cloud-hosting/281063/edit/asset-protection/data-sanitisation-process;/suppliers/frameworks/g-cloud-14/submissions/cloud-hosting/281140/edit/asset-protection/protect;/suppliers/frameworks/g-cloud-14/submissions/cloud-hosting/${pServiceId}/edit/asset-protection/protection-of-data-at-rest;localhost:7100;504;0 Assertion failed;60;761;DMP-1.5-Dryrun;DMP 1.5 Supplier Registration - Working on AWS NFT#202 - Actions#1;
1706278041276;POST https://www.nft.marketplace.team/suppliers/frameworks/g-cloud-14/declaration/edit/value-added-tax;/suppliers/frameworks/g-cloud-14/declaration/edit/value-added-tax;;localhost:7100;504;0 Assertion failed;60;723;DMP-1.5-Dryrun;DMP 1.5 Supplier Registration - Working on AWS NFT#424 - Actions#1;
1706278041386;GET https://www.nft.marketplace.team/suppliers/frameworks/g-cloud-14/submissions/cloud-hosting/281221;/suppliers/frameworks/g-cloud-14/submissions/cloud-hosting/281140/edit/reselling/supplier-type;/suppliers/frameworks/g-cloud-14/submissions/cloud-hosting/${pServiceId}/edit/reselling/supplier-type;localhost:7100;504;0 Assertion failed;60;723;DMP-1.5-Dryrun;DMP 1.5 Supplier Registration - Working on AWS NFT#185 - Actions#1;
1706278041538;GET https://www.nft.marketplace.team/suppliers/frameworks/g-cloud-14/submissions/cloud-hosting/281084/edit/data-in-transit-protection/protection-between-networks;/suppliers/frameworks/g-cloud-14/submissions/cloud-hosting/281140/edit/data-in-transit-protecti;;localhost:7100;504;0 Assertion failed;60;723;DMP-1.5-Dryrun;DMP 1.5 Supplier Registration - Working on AWS NFT#34 - Actions#1;
1706278042169;POST https://www.nft.marketplace.team/suppliers/frameworks/g-cloud-14/declaration/edit/framework-award-form-details;/suppliers/frameworks/g-cloud-14/declaration/edit/framework-award-form-details;;localhost:7100;504;0 Assertion failed;60;723;DMP-1.5-Dryrun;DMP 1.5 Supplier Registration - Working on AWS NFT#352 - Actions#1;
1706278043057;GET https://www.nft.marketplace.team/suppliers/frameworks/g-cloud-14/declaration/reuse;/suppliers/frameworks/g-cloud-14/declaration/reuse;;localhost:7100;504;0 Assertion failed;60;723;DMP-1.5-Dryrun;DMP 1.5 Supplier Registration - Working on AWS NFT#672 - Actions#1;
1706278043133;GET https://www.nft.marketplace.team/suppliers/frameworks/g-cloud-14/declaration/reuse;/suppliers/frameworks/g-cloud-14/declaration/reuse;;localhost:7100;504;0 Assertion failed;60;723;DMP-1.5-Dryrun;DMP 1.5 Supplier Registration - Working on AWS NFT#789 - Actions#1;
1706278043598;GET https://www.nft.marketplace.team/suppliers/frameworks/g-cloud-14/declaration/start;/suppliers/frameworks/g-cloud-14/declaration/start;;localhost:7100;504;0 Assertion failed;60;723;DMP-1.5-Dryrun;DMP 1.5 Supplier Registration - Working on AWS NFT#712 - Actions#1;
1706278044020;GET https://www.nft.marketplace.team/suppliers/frameworks/g-cloud-14/declaration/edit/what-it-means-to-be-on-g-cloud-14;/suppliers/frameworks/g-cloud-14/declaration/edit/providing-suitable-services;/suppliers/frameworks/g-cloud-14/declaration/edit/providing-suitable-services;localhost:7100;504;0 Assertion failed;60;723;DMP-1.5-Dryrun;DMP 1.5 Supplier Registration - Working on AWS NFT#720 - Actions#1;
1706278044062;POST https://www.nft.marketplace.team/suppliers/frameworks/g-cloud-14/submissions/cloud-hosting/281071/edit/availability-and-resilience/guaranteed-availability;/suppliers/frameworks/g-cloud-14/submissions/cloud-hosting/281140/edit/availability-and-resilie;;localhost:7100;504;0 Assertion failed;60;723;DMP-1.5-Dryrun;DMP 1.5 Supplier Registration - Working on AWS NFT#440 - Actions#1;
1706278044225;POST https://www.nft.marketplace.team/suppliers/frameworks/g-cloud-14/submissions/cloud-hosting/281217/edit/user-support/email-or-ticketing-support;/suppliers/frameworks/g-cloud-14/submissions/cloud-hosting/281140/edit/user-support/email-or-ti;;localhost:7100;504;0 Assertion failed;60;761;DMP-1.5-Dryrun;DMP 1.5 Supplier Registration - Working on AWS NFT#197 - Actions#1;
1706278045414;POST https://www.nft.marketplace.team/suppliers/frameworks/g-cloud-14/declaration/edit/modern-slavery;/suppliers/frameworks/g-cloud-14/declaration/edit/modern-slavery;;localhost:7100;504;0 Assertion failed;60;723;DMP-1.5-Dryrun;DMP 1.5 Supplier Registration - Working on AWS NFT#452 - Actions#1;
1706278045486;POST https://www.nft.marketplace.team/suppliers/frameworks/g-cloud-14/submissions/cloud-hosting/281030/edit/operational-security/incident-management-type;/suppliers/frameworks/g-cloud-14/submissions/cloud-hosting/281140/edit/operational-security/inc;;localhost:7100;504;0 Assertion failed;60;723;DMP-1.5-Dryrun;DMP 1.5 Supplier Registration - Working on AWS NFT#371 - Actions#1;
1706278045619;POST https://www.nft.marketplace.team/suppliers/frameworks/g-cloud-14/submissions/cloud-hosting/281103/edit/data-in-transit-protection/protection-between-networks;/suppliers/frameworks/g-cloud-14/submissions/cloud-hosting/281140/edit/data-in-transit-protecti;;localhost:7100;504;0 Assertion failed;60;723;DMP-1.5-Dryrun;DMP 1.5 Supplier Registration - Working on AWS NFT#52 - Actions#1;
1706278045677;GET https://www.nft.marketplace.team/suppliers/frameworks/g-cloud-14/declaration/reuse;/suppliers/frameworks/g-cloud-14/declaration/reuse;;localhost:7100;504;0 Assertion failed;60;723;DMP-1.5-Dryrun;DMP 1.5 Supplier Registration - Working on AWS NFT#664 - Actions#1;
1706278045794;POST https://www.nft.marketplace.team/suppliers/frameworks/g-cloud-14/submissions/cloud-hosting/281021/edit/identity-and-authentication/access-restriction-management-and-support;/suppliers/frameworks/g-cloud-14/submissions/cloud-hosting/281140/edit/identity-and-authenticat;;localhost:7100;504;0 Assertion failed;60;723;DMP-1.5-Dryrun;DMP 1.5 Supplier Registration - Working on AWS NFT#160 - Actions#1;
1706278045894;GET https://www.nft.marketplace.team/suppliers/frameworks/g-cloud-14/submissions/cloud-hosting/281014/edit/operational-security/incident-management-type;/suppliers/frameworks/g-cloud-14/submissions/cloud-hosting/281140/edit/operational-security/pro;/suppliers/frameworks/g-cloud-14/submissions/cloud-hosting/${pServiceId}/edit/operational-security/protective-monitoring-approach;localhost:7100;504;0 Assertion failed;60;723;DMP-1.5-Dryrun;DMP 1.5 Supplier Registration - Working on AWS NFT#350 - Actions#1;
1706278046033;POST https://www.nft.marketplace.team/suppliers/frameworks/g-cloud-14/submissions/cloud-hosting/281256/edit/about-your-service/service-categories;/suppliers/frameworks/g-cloud-14/submissions/cloud-hosting/281140/edit/about-your-service/servi;;localhost:7100;504;0 Assertion failed;60;723;DMP-1.5-Dryrun;DMP 1.5 Supplier Registration - Working on AWS NFT#497 - Actions#1;
1706278046534;POST https://www.nft.marketplace.team/suppliers/frameworks/g-cloud-14/submissions/cloud-hosting/281137/edit/backups-and-recovery/backup-and-recovery;/suppliers/frameworks/g-cloud-14/submissions/cloud-hosting/281140/edit/backups-and-recovery/bac;;localhost:7100;504;0 Assertion failed;60;723;DMP-1.5-Dryrun;DMP 1.5 Supplier Registration - Working on AWS NFT#116 - Actions#1;
1706278046689;GET https://www.nft.marketplace.team/suppliers/frameworks/g-cloud-14/submissions/cloud-hosting/281076/edit/asset-protection/data-storage-and-processing-locations;/suppliers/frameworks/g-cloud-14/submissions/cloud-hosting/281140/edit/asset-protection/data-st;;localhost:7100;504;0 Assertion failed;60;723;DMP-1.5-Dryrun;DMP 1.5 Supplier Registration - Working on AWS NFT#46 - Actions#1;
1706278047474;GET https://www.nft.marketplace.team/suppliers/frameworks/g-cloud-14/declaration/start;/suppliers/frameworks/g-cloud-14/declaration/start;;localhost:7100;504;0 Assertion failed;60;723;DMP-1.5-Dryrun;DMP 1.5 Supplier Registration - Working on AWS NFT#774 - Actions#1;
1706278048264;GET https://www.nft.marketplace.team/suppliers/frameworks/g-cloud-14/declaration/start;/suppliers/frameworks/g-cloud-14/declaration/start;;localhost:7100;504;0 Assertion failed;60;723;DMP-1.5-Dryrun;DMP 1.5 Supplier Registration - Working on AWS NFT#715 - Actions#1;
1706278048602;GET https://www.nft.marketplace.team/suppliers/frameworks/g-cloud-14/submissions/cloud-hosting/281259;/suppliers/frameworks/g-cloud-14/submissions/cloud-hosting/281140/edit/about-your-service/servi;/suppliers/frameworks/g-cloud-14/submissions/cloud-hosting/${pServiceId}/edit/about-your-service/service-categories;localhost:7100;504;0 Assertion failed;60;761;DMP-1.5-Dryrun;DMP 1.5 Supplier Registration - Working on AWS NFT#240 - Actions#1;
1706278048887;GET https://www.nft.marketplace.team/suppliers/frameworks/g-cloud-14/declaration/edit/working-with-government;/suppliers/frameworks/g-cloud-14/declaration/edit/economic-and-financial-standing;/suppliers/frameworks/g-cloud-14/declaration/edit/economic-and-financial-standing;localhost:7100;504;0 Assertion failed;60;723;DMP-1.5-Dryrun;DMP 1.5 Supplier Registration - Working on AWS NFT#17 - Actions#2;
1706278049353;GET https://www.nft.marketplace.team/suppliers/frameworks/g-cloud-14/declaration/edit/persons-with-significant-control;/suppliers/frameworks/g-cloud-14/declaration/edit/authorisation-or-organisation-legal-requireme;/suppliers/frameworks/g-cloud-14/declaration/edit/authorisation-or-organisation-legal-requirement;localhost:7100;504;0 Assertion failed;60;723;DMP-1.5-Dryrun;DMP 1.5 Supplier Registration - Working on AWS NFT#93 - Actions#2;
1706278049589;GET https://www.nft.marketplace.team/suppliers/frameworks/g-cloud-14/declaration/edit/grounds-for-discretionary-exclusion;/suppliers/frameworks/g-cloud-14/declaration/edit/grounds-for-mandatory-exclusion-taxes;/suppliers/frameworks/g-cloud-14/declaration/edit/grounds-for-mandatory-exclusion-taxes;localhost:7100;504;0 Assertion failed;60;761;DMP-1.5-Dryrun;DMP 1.5 Supplier Registration - Working on AWS NFT#577 - Actions#1;
1706278050537;POST https://www.nft.marketplace.team/suppliers/frameworks/g-cloud-14/submissions/cloud-hosting/281052/edit/availability-and-resilience/outage-reporting;/suppliers/frameworks/g-cloud-14/submissions/cloud-hosting/281140/edit/availability-and-resilie;;localhost:7100;504;0 Assertion failed;60;723;DMP-1.5-Dryrun;DMP 1.5 Supplier Registration - Working on AWS NFT#208 - Actions#1;
1706278050615;POST https://www.nft.marketplace.team/suppliers/frameworks/g-cloud-14/declaration/edit/ultimate-parent-company;/suppliers/frameworks/g-cloud-14/declaration/edit/ultimate-parent-company;;localhost:7100;504;0 Assertion failed;60;723;DMP-1.5-Dryrun;DMP 1.5 Supplier Registration - Working on AWS NFT#608 - Actions#1;
1706278050631;GET https://www.nft.marketplace.team/suppliers/frameworks/g-cloud-14/submissions/cloud-hosting/281054/edit/availability-and-resilience/approach-to-resilience;/suppliers/frameworks/g-cloud-14/submissions/cloud-hosting/281140/edit/availability-and-resilie;/suppliers/frameworks/g-cloud-14/submissions/cloud-hosting/${pServiceId}/edit/availability-and-resilience/guaranteed-availability;localhost:7100;504;0 Assertion failed;60;723;DMP-1.5-Dryrun;DMP 1.5 Supplier Registration - Working on AWS NFT#413 - Actions#1;
1706278051062;GET https://www.nft.marketplace.team/suppliers/frameworks/g-cloud-14/declaration/edit/what-it-means-to-be-on-g-cloud-14;/suppliers/frameworks/g-cloud-14/declaration/edit/providing-suitable-services;/suppliers/frameworks/g-cloud-14/declaration/edit/providing-suitable-services;localhost:7100;504;0 Assertion failed;60;723;DMP-1.5-Dryrun;DMP 1.5 Supplier Registration - Working on AWS NFT#665 - Actions#1;
1706278051264;POST https://www.nft.marketplace.team/suppliers/frameworks/g-cloud-14/declaration/edit/grounds-for-mandatory-exclusion;/suppliers/frameworks/g-cloud-14/declaration/edit/grounds-for-mandatory-exclusion;;localhost:7100;504;0 Assertion failed;60;723;DMP-1.5-Dryrun;DMP 1.5 Supplier Registration - Working on AWS NFT#605 - Actions#1;
1706278052277;POST https://www.nft.marketplace.team/suppliers/frameworks/g-cloud-14/submissions/cloud-hosting/281116/edit/scaling/independence-of-resources;/suppliers/frameworks/g-cloud-14/submissions/cloud-hosting/281140/edit/scaling/independence-of-;;localhost:7100;504;0 Assertion failed;60;723;DMP-1.5-Dryrun;DMP 1.5 Supplier Registration - Working on AWS NFT#275 - Actions#1;
1706278052339;POST https://www.nft.marketplace.team/suppliers/frameworks/g-cloud-14/declaration/edit/providing-suitable-services;/suppliers/frameworks/g-cloud-14/declaration/edit/providing-suitable-services;;localhost:7100;504;0 Assertion failed;60;723;DMP-1.5-Dryrun;DMP 1.5 Supplier Registration - Working on AWS NFT#655 - Actions#1;
1706278052829;POST https://www.nft.marketplace.team/suppliers/frameworks/g-cloud-14/submissions/service-type;/suppliers/frameworks/g-cloud-14/submissions/service-type;;localhost:7100;504;0 Assertion failed;60;723;DMP-1.5-Dryrun;DMP 1.5 Supplier Registration - Working on AWS NFT#563 - Actions#1;
1706278053201;POST https://www.nft.marketplace.team/suppliers/frameworks/g-cloud-14/declaration/edit/providing-suitable-services;/suppliers/frameworks/g-cloud-14/declaration/edit/providing-suitable-services;;localhost:7100;504;0 Assertion failed;60;723;DMP-1.5-Dryrun;DMP 1.5 Supplier Registration - Working on AWS NFT#651 - Actions#1;
1706278053574;POST https://www.nft.marketplace.team/suppliers/frameworks/g-cloud-14/submissions/cloud-hosting/280986/edit/social-value/social-value;/suppliers/frameworks/g-cloud-14/submissions/cloud-hosting/281140/edit/social-value/social-valu;;localhost:7100;504;0 Assertion failed;60;723;DMP-1.5-Dryrun;DMP 1.5 Supplier Registration - Working on AWS NFT#106 - Actions#1;
1706278054030;POST https://www.nft.marketplace.team/suppliers/frameworks/g-cloud-14/declaration/edit/data-protection;/suppliers/frameworks/g-cloud-14/declaration/edit/data-protection;;localhost:7100;504;0 Assertion failed;60;723;DMP-1.5-Dryrun;DMP 1.5 Supplier Registration - Working on AWS NFT#433 - Actions#1;
1706278054471;GET https://www.nft.marketplace.team/suppliers/frameworks/g-cloud-14/declaration/edit/providing-suitable-services;/suppliers/frameworks/g-cloud-14/declaration/edit/providing-suitable-services;;localhost:7100;504;0 Assertion failed;60;723;DMP-1.5-Dryrun;DMP 1.5 Supplier Registration - Working on AWS NFT#781 - Actions#1;
1706278055328;POST https://www.nft.marketplace.team/suppliers/frameworks/g-cloud-14/declaration/edit/what-it-means-to-be-on-g-cloud-14;/suppliers/frameworks/g-cloud-14/declaration/edit/what-it-means-to-be-on-g-cloud-14;;localhost:7100;504;0 Assertion failed;60;723;DMP-1.5-Dryrun;DMP 1.5 Supplier Registration - Working on AWS NFT#669 - Actions#1;
1706278055533;GET https://www.nft.marketplace.team/suppliers/frameworks/g-cloud-14/declaration/start;/suppliers/frameworks/g-cloud-14/declaration/start;;localhost:7100;504;0 Assertion failed;60;723;DMP-1.5-Dryrun;DMP 1.5 Supplier Registration - Working on AWS NFT#102 - Actions#2;
1706278055865;GET https://www.nft.marketplace.team/suppliers/frameworks/g-cloud-14/declaration/start;/suppliers/frameworks/g-cloud-14/declaration/start;;localhost:7100;504;0 Assertion failed;60;723;DMP-1.5-Dryrun;DMP 1.5 Supplier Registration - Working on AWS NFT#776 - Actions#1;
1706278055878;POST https://www.nft.marketplace.team/suppliers/frameworks/g-cloud-14/declaration/edit/providing-suitable-services;/suppliers/frameworks/g-cloud-14/declaration/edit/providing-suitable-services;;localhost:7100;504;0 Assertion failed;60;723;DMP-1.5-Dryrun;DMP 1.5 Supplier Registration - Working on AWS NFT#737 - Actions#1;
1706278056619;GET https://www.nft.marketplace.team/suppliers/details;/suppliers/details;;localhost:7100;504;0 Assertion failed;60;723;DMP-1.5-Dryrun;DMP 1.5 Supplier Registration - Working on AWS NFT#120 - Actions#2;
1706278056732;GET https://www.nft.marketplace.team/suppliers/frameworks/g-cloud-14/submissions/cloud-hosting/281115/edit/scaling/scaling;/suppliers/frameworks/g-cloud-14/submissions/cloud-hosting/281140/edit/scaling/scaling;;localhost:7100;504;0 Assertion failed;60;723;DMP-1.5-Dryrun;DMP 1.5 Supplier Registration - Working on AWS NFT#269 - Actions#1;
1706278057280;GET https://www.nft.marketplace.team/suppliers/frameworks/g-cloud-14/submissions/cloud-hosting/281181/edit/how-users-work-with-your-service/command-line-interface;/suppliers/frameworks/g-cloud-14/submissions/cloud-hosting/281140/edit/how-users-work-with-your;/suppliers/frameworks/g-cloud-14/submissions/cloud-hosting/${pServiceId}/edit/how-users-work-with-your-service/api;localhost:7100;504;0 Assertion failed;60;723;DMP-1.5-Dryrun;DMP 1.5 Supplier Registration - Working on AWS NFT#309 - Actions#1;
1706278057940;POST https://www.nft.marketplace.team/suppliers/frameworks/g-cloud-14/declaration/edit/providing-suitable-services;/suppliers/frameworks/g-cloud-14/declaration/edit/providing-suitable-services;;localhost:7100;504;0 Assertion failed;60;723;DMP-1.5-Dryrun;DMP 1.5 Supplier Registration - Working on AWS NFT#714 - Actions#1;
1706278058599;POST https://www.nft.marketplace.team/suppliers/frameworks/g-cloud-14/submissions/cloud-hosting/281209/edit/user-support/web-chat-support;/suppliers/frameworks/g-cloud-14/submissions/cloud-hosting/281140/edit/user-support/web-chat-su;;localhost:7100;504;0 Assertion failed;60;723;DMP-1.5-Dryrun;DMP 1.5 Supplier Registration - Working on AWS NFT#188 - Actions#1;
1706278059179;GET https://www.nft.marketplace.team/suppliers/frameworks/g-cloud-14/submissions/cloud-hosting/281049/edit/governance/security-governance;/suppliers/frameworks/g-cloud-14/submissions/cloud-hosting/281140/edit/governance/board-level-s;/suppliers/frameworks/g-cloud-14/submissions/cloud-hosting/${pServiceId}/edit/governance/board-level-service-security;localhost:7100;504;0 Assertion failed;60;723;DMP-1.5-Dryrun;DMP 1.5 Supplier Registration - Working on AWS NFT#4 - Actions#1;
1706278059418;POST https://www.nft.marketplace.team/suppliers/frameworks/g-cloud-14/submissions/cloud-hosting/281099/edit/scaling/usage-notifications;/suppliers/frameworks/g-cloud-14/submissions/cloud-hosting/281140/edit/scaling/usage-notificati;;localhost:7100;504;0 Assertion failed;60;723;DMP-1.5-Dryrun;DMP 1.5 Supplier Registration - Working on AWS NFT#443 - Actions#1;
1706278059529;GET https://www.nft.marketplace.team/suppliers/frameworks/g-cloud-14/submissions/cloud-hosting/281253;/suppliers/frameworks/g-cloud-14/submissions/cloud-hosting/281140/edit/about-your-service/servi;/suppliers/frameworks/g-cloud-14/submissions/cloud-hosting/${pServiceId}/edit/about-your-service/service-categories;localhost:7100;504;0 Assertion failed;60;723;DMP-1.5-Dryrun;DMP 1.5 Supplier Registration - Working on AWS NFT#454 - Actions#1;
1706278060757;GET https://www.nft.marketplace.team/suppliers/frameworks/g-cloud-14/declaration/reuse;/suppliers/frameworks/g-cloud-14/declaration/reuse;;localhost:7100;504;0 Assertion failed;60;723;DMP-1.5-Dryrun;DMP 1.5 Supplier Registration - Working on AWS NFT#111 - Actions#2;
1706278061558;GET https://www.nft.marketplace.team/suppliers/frameworks/g-cloud-14/declaration/edit/what-it-means-to-be-on-g-cloud-14;/suppliers/frameworks/g-cloud-14/declaration/edit/providing-suitable-services;/suppliers/frameworks/g-cloud-14/declaration/edit/providing-suitable-services;localhost:7100;504;0 Assertion failed;60;723;DMP-1.5-Dryrun;DMP 1.5 Supplier Registration - Working on AWS NFT#708 - Actions#1;
1706278064845;GET https://www.nft.marketplace.team/suppliers/frameworks/g-cloud-14/declaration/edit/what-it-means-to-be-on-g-cloud-14;/suppliers/frameworks/g-cloud-14/declaration/edit/providing-suitable-services;/suppliers/frameworks/g-cloud-14/declaration/edit/providing-suitable-services;localhost:7100;504;0 Assertion failed;60;723;DMP-1.5-Dryrun;DMP 1.5 Supplier Registration - Working on AWS NFT#723 - Actions#1;
1706278113032;GET https://www.nft.marketplace.team/suppliers/details;/suppliers/details;;localhost:7100;200;1 Assertion failed;10.1;32258;DMP-1.5-Dryrun;DMP 1.5 Supplier Registration - Working on AWS NFT#855 - Actions#1;
1706278191315;POST https://www.nft.marketplace.team/suppliers/frameworks/g-cloud-14/submissions/cloud-hosting/281148/edit/scaling/scaling;/suppliers/frameworks/g-cloud-14/submissions/cloud-hosting/281140/edit/scaling/scaling;;localhost:7100;504;0 Assertion failed;60;723;DMP-1.5-Dryrun;DMP 1.5 Supplier Registration - Working on AWS NFT#101 - Actions#1;
1706278191315;GET https://www.nft.marketplace.team/suppliers/frameworks/g-cloud-14;/suppliers/details;/suppliers/details;localhost:7100;504;0 Assertion failed;60;761;DMP-1.5-Dryrun;DMP 1.5 Supplier Registration - Working on AWS NFT#837 - Actions#1;
1706278192892;GET https://www.nft.marketplace.team/suppliers/frameworks/g-cloud-14/declaration/edit/persons-with-significant-control;/suppliers/frameworks/g-cloud-14/declaration/edit/authorisation-or-organisation-legal-requireme;/suppliers/frameworks/g-cloud-14/declaration/edit/authorisation-or-organisation-legal-requirement;localhost:7100;504;0 Assertion failed;60;723;DMP-1.5-Dryrun;DMP 1.5 Supplier Registration - Working on AWS NFT#784 - Actions#1;
1706278193394;GET https://www.nft.marketplace.team/suppliers/frameworks/g-cloud-14/declaration/edit/group-or-consortium;/suppliers/frameworks/g-cloud-14/declaration/edit/ultimate-parent-company;/suppliers/frameworks/g-cloud-14/declaration/edit/ultimate-parent-company;localhost:7100;504;0 Assertion failed;60;761;DMP-1.5-Dryrun;DMP 1.5 Supplier Registration - Working on AWS NFT#725 - Actions#1;
1706278193422;GET https://www.nft.marketplace.team/suppliers/frameworks/g-cloud-14/declaration/start;/suppliers/frameworks/g-cloud-14/declaration/start;;localhost:7100;504;0 Assertion failed;60;761;DMP-1.5-Dryrun;DMP 1.5 Supplier Registration - Working on AWS NFT#889 - Actions#1;
1706278193646;GET https://www.nft.marketplace.team/suppliers/frameworks/g-cloud-14;/suppliers/details;/suppliers/details;localhost:7100;504;0 Assertion failed;60;761;DMP-1.5-Dryrun;DMP 1.5 Supplier Registration - Working on AWS NFT#915 - Actions#1;
1706278194119;GET https://www.nft.marketplace.team/suppliers/frameworks/g-cloud-14/declaration/reuse;/suppliers/frameworks/g-cloud-14/declaration/reuse;;localhost:7100;504;0 Assertion failed;60;723;DMP-1.5-Dryrun;DMP 1.5 Supplier Registration - Working on AWS NFT#816 - Actions#1;
1706278194802;GET https://www.nft.marketplace.team/suppliers/frameworks/g-cloud-14/declaration/reuse;/suppliers/frameworks/g-cloud-14/declaration/reuse;;localhost:7100;504;0 Assertion failed;60;723;DMP-1.5-Dryrun;DMP 1.5 Supplier Registration - Working on AWS NFT#826 - Actions#1;
1706278195396;GET https://www.nft.marketplace.team/suppliers/frameworks/g-cloud-14/submissions/cloud-hosting/281213/edit/how-users-work-with-your-service/web-interface;/suppliers/frameworks/g-cloud-14/submissions/cloud-hosting/281140/edit/how-users-work-with-your;;localhost:7100;504;0 Assertion failed;60;723;DMP-1.5-Dryrun;DMP 1.5 Supplier Registration - Working on AWS NFT#149 - Actions#1;
1706278197024;GET https://www.nft.marketplace.team/suppliers/frameworks/g-cloud-14/declaration/edit/providing-suitable-services;/suppliers/frameworks/g-cloud-14/declaration/edit/providing-suitable-services;;localhost:7100;504;0 Assertion failed;60;761;DMP-1.5-Dryrun;DMP 1.5 Supplier Registration - Working on AWS NFT#801 - Actions#1;
1706278198226;GET https://www.nft.marketplace.team/suppliers/frameworks/g-cloud-14/submissions/cloud-hosting/280993/edit/pricing/education-pricing;/suppliers/frameworks/g-cloud-14/submissions/cloud-hosting/281140/edit/pricing/price;/suppliers/frameworks/g-cloud-14/submissions/cloud-hosting/${pServiceId}/edit/pricing/price;localhost:7100;504;0 Assertion failed;60;723;DMP-1.5-Dryrun;DMP 1.5 Supplier Registration - Working on AWS NFT#317 - Actions#1;
1706278198299;POST https://www.nft.marketplace.team/suppliers/frameworks/g-cloud-14/submissions/cloud-hosting/281142/edit/onboarding-and-offboarding/end-of-contract-data-extraction;/suppliers/frameworks/g-cloud-14/submissions/cloud-hosting/281140/edit/onboarding-and-offboardi;;localhost:7100;504;0 Assertion failed;60;723;DMP-1.5-Dryrun;DMP 1.5 Supplier Registration - Working on AWS NFT#315 - Actions#1;
1706278198770;POST https://www.nft.marketplace.team/suppliers/details;/suppliers/details;/suppliers/details;localhost:7100;504;0 Assertion failed;60;761;DMP-1.5-Dryrun;DMP 1.5 Supplier Registration - Working on AWS NFT#942 - Actions#1;
1706278198860;GET https://www.nft.marketplace.team/suppliers/frameworks/g-cloud-14/declaration/edit/immediate-parent-company;/suppliers/frameworks/g-cloud-14/declaration/edit/persons-with-significant-control;/suppliers/frameworks/g-cloud-14/declaration/edit/persons-with-significant-control;localhost:7100;504;0 Assertion failed;60;723;DMP-1.5-Dryrun;DMP 1.5 Supplier Registration - Working on AWS NFT#754 - Actions#1;
1706278199652;GET https://www.nft.marketplace.team/suppliers/frameworks/g-cloud-14/declaration/start;/suppliers/frameworks/g-cloud-14/declaration/start;;localhost:7100;504;0 Assertion failed;60;761;DMP-1.5-Dryrun;DMP 1.5 Supplier Registration - Working on AWS NFT#857 - Actions#1;
1706278200225;GET https://www.nft.marketplace.team/suppliers/frameworks/g-cloud-14/declaration/edit/authorisation-or-organisation-legal-requirement;/suppliers/frameworks/g-cloud-14/declaration/edit/what-it-means-to-be-on-g-cloud-14;/suppliers/frameworks/g-cloud-14/declaration/edit/what-it-means-to-be-on-g-cloud-14;localhost:7100;504;0 Assertion failed;60;723;DMP-1.5-Dryrun;DMP 1.5 Supplier Registration - Working on AWS NFT#677 - Actions#1;
1706278200985;GET https://www.nft.marketplace.team/suppliers/frameworks/g-cloud-14/declaration/edit/economic-and-financial-standing;/suppliers/frameworks/g-cloud-14/declaration/edit/modern-slavery;/suppliers/frameworks/g-cloud-14/declaration/edit/modern-slavery;localhost:7100;504;0 Assertion failed;60;761;DMP-1.5-Dryrun;DMP 1.5 Supplier Registration - Working on AWS NFT#598 - Actions#1;
1706278201682;GET https://www.nft.marketplace.team/suppliers/details;/suppliers/details;;localhost:7100;504;0 Assertion failed;60;761;DMP-1.5-Dryrun;DMP 1.5 Supplier Registration - Working on AWS NFT#141 - Actions#2;
1706278202170;POST https://www.nft.marketplace.team/suppliers/frameworks/g-cloud-14/declaration/edit/authorisation-or-organisation-legal-requirement;/suppliers/frameworks/g-cloud-14/declaration/edit/authorisation-or-organisation-legal-requireme;;localhost:7100;504;0 Assertion failed;60;761;DMP-1.5-Dryrun;DMP 1.5 Supplier Registration - Working on AWS NFT#778 - Actions#1;
1706278202234;POST https://www.nft.marketplace.team/suppliers/frameworks/g-cloud-14/submissions/cloud-hosting/281274/edit/about-your-service/service-categories;/suppliers/frameworks/g-cloud-14/submissions/cloud-hosting/281140/edit/about-your-service/servi;;localhost:7100;504;0 Assertion failed;60;761;DMP-1.5-Dryrun;DMP 1.5 Supplier Registration - Working on AWS NFT#530 - Actions#1;
1706278202606;GET https://www.nft.marketplace.team/suppliers/frameworks/g-cloud-14;/suppliers/details;/suppliers/details;localhost:7100;504;0 Assertion failed;60;761;DMP-1.5-Dryrun;DMP 1.5 Supplier Registration - Working on AWS NFT#922 - Actions#1;
1706278202816;GET https://www.nft.marketplace.team/suppliers/frameworks/g-cloud-14/declaration/start;/suppliers/frameworks/g-cloud-14/declaration/start;;localhost:7100;504;0 Assertion failed;60;723;DMP-1.5-Dryrun;DMP 1.5 Supplier Registration - Working on AWS NFT#923 - Actions#1;
1706278203000;GET https://www.nft.marketplace.team/suppliers/frameworks/g-cloud-14/submissions/cloud-hosting/281170/edit/onboarding-and-offboarding/getting-started;/suppliers/frameworks/g-cloud-14/submissions/cloud-hosting/281140/edit/onboarding-and-offboardi;;localhost:7100;504;0 Assertion failed;60;723;DMP-1.5-Dryrun;DMP 1.5 Supplier Registration - Working on AWS NFT#321 - Actions#1;
1706278203604;GET https://www.nft.marketplace.team/suppliers/frameworks/g-cloud-14/declaration/start;/suppliers/frameworks/g-cloud-14/declaration/start;;localhost:7100;504;0 Assertion failed;60;761;DMP-1.5-Dryrun;DMP 1.5 Supplier Registration - Working on AWS NFT#914 - Actions#1;
1706278204185;GET https://www.nft.marketplace.team/suppliers/frameworks/g-cloud-14/submissions/cloud-hosting/281112/edit/data-in-transit-protection/protection-between-networks;/suppliers/frameworks/g-cloud-14/submissions/cloud-hosting/281140/edit/data-in-transit-protecti;;localhost:7100;504;0 Assertion failed;60;723;DMP-1.5-Dryrun;DMP 1.5 Supplier Registration - Working on AWS NFT#58 - Actions#1;
1706278206336;GET https://www.nft.marketplace.team/suppliers/frameworks/g-cloud-14/submissions/cloud-hosting/281218/edit/how-users-work-with-your-service/web-interface;/suppliers/frameworks/g-cloud-14/submissions/cloud-hosting/281140/edit/how-users-work-with-your;;localhost:7100;504;0 Assertion failed;60;723;DMP-1.5-Dryrun;DMP 1.5 Supplier Registration - Working on AWS NFT#194 - Actions#1;
1706278207575;POST https://www.nft.marketplace.team/suppliers/frameworks/g-cloud-14/declaration/edit/grounds-for-discretionary-exclusion;/suppliers/frameworks/g-cloud-14/declaration/edit/grounds-for-discretionary-exclusion;;localhost:7100;504;0 Assertion failed;60;761;DMP-1.5-Dryrun;DMP 1.5 Supplier Registration - Working on AWS NFT#543 - Actions#1;
1706278207756;POST https://www.nft.marketplace.team/suppliers/frameworks/g-cloud-14/declaration/edit/authorisation-or-organisation-legal-requirement;/suppliers/frameworks/g-cloud-14/declaration/edit/authorisation-or-organisation-legal-requireme;;localhost:7100;504;0 Assertion failed;60;761;DMP-1.5-Dryrun;DMP 1.5 Supplier Registration - Working on AWS NFT#749 - Actions#1;
1706278207817;GET https://www.nft.marketplace.team/suppliers/frameworks/g-cloud-14;/suppliers/details;/suppliers/details;localhost:7100;504;0 Assertion failed;60;761;DMP-1.5-Dryrun;DMP 1.5 Supplier Registration - Working on AWS NFT#846 - Actions#1;
1706278207817;GET https://www.nft.marketplace.team/suppliers/frameworks/g-cloud-14/declaration/edit/grounds-for-mandatory-exclusion-taxes;/suppliers/frameworks/g-cloud-14/declaration/edit/grounds-for-mandatory-exclusion;/suppliers/frameworks/g-cloud-14/declaration/edit/grounds-for-mandatory-exclusion;localhost:7100;504;0 Assertion failed;60;723;DMP-1.5-Dryrun;DMP 1.5 Supplier Registration - Working on AWS NFT#580 - Actions#1;
1706278207820;GET https://www.nft.marketplace.team/suppliers/frameworks/g-cloud-14/submissions/cloud-hosting/281270;/suppliers/frameworks/g-cloud-14/submissions/cloud-hosting/281140/edit/about-your-service/servi;/suppliers/frameworks/g-cloud-14/submissions/cloud-hosting/${pServiceId}/edit/about-your-service/service-categories;localhost:7100;504;0 Assertion failed;60;723;DMP-1.5-Dryrun;DMP 1.5 Supplier Registration - Working on AWS NFT#298 - Actions#1;
1706278207942;GET https://www.nft.marketplace.team/suppliers/frameworks/g-cloud-14/declaration/edit/immediate-parent-company;/suppliers/frameworks/g-cloud-14/declaration/edit/persons-with-significant-control;/suppliers/frameworks/g-cloud-14/declaration/edit/persons-with-significant-control;localhost:7100;504;0 Assertion failed;60;723;DMP-1.5-Dryrun;DMP 1.5 Supplier Registration - Working on AWS NFT#690 - Actions#1;
1706278208727;POST https://www.nft.marketplace.team/suppliers/frameworks/g-cloud-14/declaration/edit/what-it-means-to-be-on-g-cloud-14;/suppliers/frameworks/g-cloud-14/declaration/edit/what-it-means-to-be-on-g-cloud-14;;localhost:7100;504;0 Assertion failed;60;723;DMP-1.5-Dryrun;DMP 1.5 Supplier Registration - Working on AWS NFT#804 - Actions#1;
1706278208950;POST https://www.nft.marketplace.team/suppliers/details;/suppliers/details;/suppliers/details;localhost:7100;504;0 Assertion failed;60;723;DMP-1.5-Dryrun;DMP 1.5 Supplier Registration - Working on AWS NFT#941 - Actions#1;
1706278209022;GET https://www.nft.marketplace.team/suppliers/frameworks/g-cloud-14;/suppliers/details;/suppliers/details;localhost:7100;504;0 Assertion failed;60;723;DMP-1.5-Dryrun;DMP 1.5 Supplier Registration - Working on AWS NFT#895 - Actions#1;
1706278209471;GET https://www.nft.marketplace.team/suppliers/frameworks/g-cloud-14/declaration/edit/modern-slavery;/suppliers/frameworks/g-cloud-14/declaration/edit/grounds-for-discretionary-exclusion;/suppliers/frameworks/g-cloud-14/declaration/edit/grounds-for-discretionary-exclusion;localhost:7100;504;0 Assertion failed;60;723;DMP-1.5-Dryrun;DMP 1.5 Supplier Registration - Working on AWS NFT#47 - Actions#2;
1706278209649;GET https://www.nft.marketplace.team/suppliers/frameworks/g-cloud-14/submissions/cloud-hosting/281061/edit/separation-between-users/virtualisation;/suppliers/frameworks/g-cloud-14/submissions/cloud-hosting/281140/edit/separation-between-users;;localhost:7100;504;0 Assertion failed;60;723;DMP-1.5-Dryrun;DMP 1.5 Supplier Registration - Working on AWS NFT#10 - Actions#1;
1706278209708;POST https://www.nft.marketplace.team/suppliers/frameworks/g-cloud-14/submissions/cloud-hosting/281198/edit/onboarding-and-offboarding/end-of-contract-process;/suppliers/frameworks/g-cloud-14/submissions/cloud-hosting/281140/edit/onboarding-and-offboardi;;localhost:7100;504;0 Assertion failed;60;723;DMP-1.5-Dryrun;DMP 1.5 Supplier Registration - Working on AWS NFT#327 - Actions#1;
1706278209797;GET https://www.nft.marketplace.team/suppliers/frameworks/g-cloud-14/declaration/start;/suppliers/frameworks/g-cloud-14/declaration/start;;localhost:7100;504;0 Assertion failed;60;723;DMP-1.5-Dryrun;DMP 1.5 Supplier Registration - Working on AWS NFT#907 - Actions#1;
1706278209993;POST https://www.nft.marketplace.team/suppliers/frameworks/g-cloud-14/submissions/cloud-hosting/281179/edit/onboarding-and-offboarding/end-of-contract-data-extraction;/suppliers/frameworks/g-cloud-14/submissions/cloud-hosting/281140/edit/onboarding-and-offboardi;;localhost:7100;504;0 Assertion failed;60;723;DMP-1.5-Dryrun;DMP 1.5 Supplier Registration - Working on AWS NFT#348 - Actions#1;
1706278209998;GET https://www.nft.marketplace.team/suppliers/frameworks/g-cloud-14/declaration/edit/value-added-tax;/suppliers/frameworks/g-cloud-14/declaration/edit/working-with-government;/suppliers/frameworks/g-cloud-14/declaration/edit/working-with-government;localhost:7100;504;0 Assertion failed;60;723;DMP-1.5-Dryrun;DMP 1.5 Supplier Registration - Working on AWS NFT#510 - Actions#1;
1706278211308;POST https://www.nft.marketplace.team/suppliers/frameworks/g-cloud-14/declaration/edit/insurance-requirements;/suppliers/frameworks/g-cloud-14/declaration/edit/insurance-requirements;;localhost:7100;504;0 Assertion failed;60;723;DMP-1.5-Dryrun;DMP 1.5 Supplier Registration - Working on AWS NFT#595 - Actions#1;
1706278211582;GET https://www.nft.marketplace.team/suppliers/frameworks/g-cloud-14/declaration/start;/suppliers/frameworks/g-cloud-14/declaration/start;;localhost:7100;504;0 Assertion failed;60;723;DMP-1.5-Dryrun;DMP 1.5 Supplier Registration - Working on AWS NFT#921 - Actions#1;
1706278212836;GET https://www.nft.marketplace.team/suppliers/frameworks/g-cloud-14/declaration/edit/value-added-tax;/suppliers/frameworks/g-cloud-14/declaration/edit/working-with-government;/suppliers/frameworks/g-cloud-14/declaration/edit/working-with-government;localhost:7100;504;0 Assertion failed;60;761;DMP-1.5-Dryrun;DMP 1.5 Supplier Registration - Working on AWS NFT#591 - Actions#1;
1706278213069;POST https://www.nft.marketplace.team/suppliers/frameworks/g-cloud-14/declaration/edit/modern-slavery;/suppliers/frameworks/g-cloud-14/declaration/edit/modern-slavery;;localhost:7100;504;0 Assertion failed;60;723;DMP-1.5-Dryrun;DMP 1.5 Supplier Registration - Working on AWS NFT#581 - Actions#1;
1706278213383;POST https://www.nft.marketplace.team/suppliers/frameworks/g-cloud-14/declaration/edit/persons-with-significant-control;/suppliers/frameworks/g-cloud-14/declaration/edit/persons-with-significant-control;;localhost:7100;504;0 Assertion failed;60;723;DMP-1.5-Dryrun;DMP 1.5 Supplier Registration - Working on AWS NFT#728 - Actions#1;
1706278213765;GET https://www.nft.marketplace.team/suppliers;/user/login;;localhost:7100;504;0 Assertion failed;60;723;DMP-1.5-Dryrun;DMP 1.5 Supplier Registration - Working on AWS NFT#153 - Actions#2;
1706278214744;GET https://www.nft.marketplace.team/suppliers/frameworks/g-cloud-14/submissions/cloud-hosting/281034/edit/operational-security/vulnerability-management-type;/suppliers/frameworks/g-cloud-14/submissions/cloud-hosting/281140/edit/operational-security/con;/suppliers/frameworks/g-cloud-14/submissions/cloud-hosting/${pServiceId}/edit/operational-security/configuration-and-change-management-processes;localhost:7100;504;0 Assertion failed;60;761;DMP-1.5-Dryrun;DMP 1.5 Supplier Registration - Working on AWS NFT#178 - Actions#1;
1706278214802;POST https://www.nft.marketplace.team/suppliers/frameworks/g-cloud-14/declaration/edit/authorisation-or-organisation-legal-requirement;/suppliers/frameworks/g-cloud-14/declaration/edit/authorisation-or-organisation-legal-requireme;;localhost:7100;504;0 Assertion failed;60;723;DMP-1.5-Dryrun;DMP 1.5 Supplier Registration - Working on AWS NFT#123 - Actions#2;
1706278214852;POST https://www.nft.marketplace.team/suppliers/frameworks/g-cloud-14/declaration/edit/immediate-parent-company;/suppliers/frameworks/g-cloud-14/declaration/edit/immediate-parent-company;;localhost:7100;504;0 Assertion failed;60;761;DMP-1.5-Dryrun;DMP 1.5 Supplier Registration - Working on AWS NFT#731 - Actions#1;
1706278214903;GET https://www.nft.marketplace.team/suppliers/frameworks/g-cloud-14;/suppliers/details;/suppliers/details;localhost:7100;504;0 Assertion failed;60;723;DMP-1.5-Dryrun;DMP 1.5 Supplier Registration - Working on AWS NFT#839 - Actions#1;
1706278215141;POST https://www.nft.marketplace.team/suppliers/frameworks/g-cloud-14/declaration/edit/immediate-parent-company;/suppliers/frameworks/g-cloud-14/declaration/edit/immediate-parent-company;;localhost:7100;504;0 Assertion failed;60.1;761;DMP-1.5-Dryrun;DMP 1.5 Supplier Registration - Working on AWS NFT#702 - Actions#1;
1706278216271;GET https://www.nft.marketplace.team/suppliers/frameworks/g-cloud-14/declaration/reuse;/suppliers/frameworks/g-cloud-14/declaration/reuse;;localhost:7100;504;0 Assertion failed;60;761;DMP-1.5-Dryrun;DMP 1.5 Supplier Registration - Working on AWS NFT#809 - Actions#1;
1706278221122;GET https://www.nft.marketplace.team/suppliers/frameworks/g-cloud-14/submissions/cloud-hosting/281165/edit/backups-and-recovery/backup-and-recovery;/suppliers/frameworks/g-cloud-14/submissions/cloud-hosting/281140/edit/backups-and-recovery/bac;;localhost:7100;504;0 Assertion failed;60;723;DMP-1.5-Dryrun;DMP 1.5 Supplier Registration - Working on AWS NFT#134 - Actions#1;
1706278225725;GET https://www.nft.marketplace.team/suppliers/frameworks/g-cloud-14/declaration/edit/providing-suitable-services;/suppliers/frameworks/g-cloud-14/declaration/edit/providing-suitable-services;;localhost:7100;504;0 Assertion failed;60;723;DMP-1.5-Dryrun;DMP 1.5 Supplier Registration - Working on AWS NFT#829 - Actions#1;
1706278230242;POST https://www.nft.marketplace.team/suppliers/frameworks/g-cloud-14/submissions/cloud-hosting/281067/edit/governance/information-security-policies-and-processes;/suppliers/frameworks/g-cloud-14/submissions/cloud-hosting/281140/edit/governance/information-s;;localhost:7100;504;0 Assertion failed;60;723;DMP-1.5-Dryrun;DMP 1.5 Supplier Registration - Working on AWS NFT#205 - Actions#1;
1706278233560;GET https://www.nft.marketplace.team/suppliers/frameworks/g-cloud-14/submissions/cloud-hosting/281276/edit/about-your-service/service-categories;/suppliers/frameworks/g-cloud-14/submissions/cloud-hosting/281140/edit/about-your-service/servi;/suppliers/frameworks/g-cloud-14/submissions/cloud-hosting/${pServiceId}/edit/about-your-service/service-description;localhost:7100;504;0 Assertion failed;60;723;DMP-1.5-Dryrun;DMP 1.5 Supplier Registration - Working on AWS NFT#285 - Actions#1;
1706278235089;GET https://www.nft.marketplace.team/suppliers/frameworks/g-cloud-14/declaration/edit/ultimate-parent-company;/suppliers/frameworks/g-cloud-14/declaration/edit/immediate-parent-company;/suppliers/frameworks/g-cloud-14/declaration/edit/immediate-parent-company;localhost:7100;504;0 Assertion failed;60;723;DMP-1.5-Dryrun;DMP 1.5 Supplier Registration - Working on AWS NFT#670 - Actions#1;
1706278235425;POST https://www.nft.marketplace.team/suppliers/frameworks/g-cloud-14/submissions/cloud-hosting/281272/edit/service-features-and-benefits/service-features-and-benefits;/suppliers/frameworks/g-cloud-14/submissions/cloud-hosting/281140/edit/service-features-and-ben;;localhost:7100;504;0 Assertion failed;60;723;DMP-1.5-Dryrun;DMP 1.5 Supplier Registration - Working on AWS NFT#566 - Actions#1;
1706278235451;POST https://www.nft.marketplace.team/suppliers/frameworks/g-cloud-14/declaration/edit/economic-and-financial-standing;/suppliers/frameworks/g-cloud-14/declaration/edit/economic-and-financial-standing;;localhost:7100;504;0 Assertion failed;60;723;DMP-1.5-Dryrun;DMP 1.5 Supplier Registration - Working on AWS NFT#618 - Actions#1;
1706278236898;GET https://www.nft.marketplace.team/suppliers/frameworks/g-cloud-14;/suppliers/details;/suppliers/details;localhost:7100;504;0 Assertion failed;60;723;DMP-1.5-Dryrun;DMP 1.5 Supplier Registration - Working on AWS NFT#952 - Actions#1;
1706278237501;POST https://www.nft.marketplace.team/suppliers/frameworks/g-cloud-14/declaration/edit/persons-with-significant-control;/suppliers/frameworks/g-cloud-14/declaration/edit/persons-with-significant-control;;localhost:7100;504;0 Assertion failed;60;723;DMP-1.5-Dryrun;DMP 1.5 Supplier Registration - Working on AWS NFT#747 - Actions#1;
1706278239576;GET https://www.nft.marketplace.team/suppliers/frameworks/g-cloud-14/declaration/edit/group-or-consortium;/suppliers/frameworks/g-cloud-14/declaration/edit/ultimate-parent-company;/suppliers/frameworks/g-cloud-14/declaration/edit/ultimate-parent-company;localhost:7100;504;0 Assertion failed;60;723;DMP-1.5-Dryrun;DMP 1.5 Supplier Registration - Working on AWS NFT#717 - Actions#1;
1706278241700;GET https://www.nft.marketplace.team/suppliers/frameworks/g-cloud-14/submissions/cloud-hosting/281058/edit/governance/board-level-service-security;/suppliers/frameworks/g-cloud-14/submissions/cloud-hosting/281140/edit/governance/board-level-s;;localhost:7100;504;0 Assertion failed;60;723;DMP-1.5-Dryrun;DMP 1.5 Supplier Registration - Working on AWS NFT#16 - Actions#1;
1706278242334;GET https://www.nft.marketplace.team/suppliers/frameworks/g-cloud-14/declaration/edit/what-it-means-to-be-on-g-cloud-14;/suppliers/frameworks/g-cloud-14/declaration/edit/providing-suitable-services;/suppliers/frameworks/g-cloud-14/declaration/edit/providing-suitable-services;localhost:7100;504;0 Assertion failed;60;723;DMP-1.5-Dryrun;DMP 1.5 Supplier Registration - Working on AWS NFT#843 - Actions#1;
1706278243972;GET https://www.nft.marketplace.team/suppliers/frameworks/g-cloud-14/declaration/edit/authorisation-or-organisation-legal-requirement;/suppliers/frameworks/g-cloud-14/declaration/edit/what-it-means-to-be-on-g-cloud-14;/suppliers/frameworks/g-cloud-14/declaration/edit/what-it-means-to-be-on-g-cloud-14;localhost:7100;504;0 Assertion failed;60;723;DMP-1.5-Dryrun;DMP 1.5 Supplier Registration - Working on AWS NFT#856 - Actions#1;
1706278244840;GET https://www.nft.marketplace.team/suppliers/frameworks/g-cloud-14/declaration/start;/suppliers/frameworks/g-cloud-14/declaration/start;;localhost:7100;504;0 Assertion failed;60;723;DMP-1.5-Dryrun;DMP 1.5 Supplier Registration - Working on AWS NFT#919 - Actions#1;
1706278245885;GET https://www.nft.marketplace.team/suppliers/frameworks/g-cloud-14/submissions/cloud-hosting/281097/edit/asset-protection/data-sanitisation-process;/suppliers/frameworks/g-cloud-14/submissions/cloud-hosting/281140/edit/asset-protection/protect;/suppliers/frameworks/g-cloud-14/submissions/cloud-hosting/${pServiceId}/edit/asset-protection/protection-of-data-at-rest;localhost:7100;504;0 Assertion failed;60;723;DMP-1.5-Dryrun;DMP 1.5 Supplier Registration - Working on AWS NFT#450 - Actions#1;
1706278247936;GET https://www.nft.marketplace.team/suppliers/frameworks/g-cloud-14/declaration/edit/immediate-parent-company;/suppliers/frameworks/g-cloud-14/declaration/edit/persons-with-significant-control;/suppliers/frameworks/g-cloud-14/declaration/edit/persons-with-significant-control;localhost:7100;504;0 Assertion failed;60;723;DMP-1.5-Dryrun;DMP 1.5 Supplier Registration - Working on AWS NFT#648 - Actions#1;
1706278264611;GET https://www.nft.marketplace.team/suppliers/frameworks/g-cloud-14/declaration/edit/economic-and-financial-standing;/suppliers/frameworks/g-cloud-14/declaration/edit/modern-slavery;/suppliers/frameworks/g-cloud-14/declaration/edit/modern-slavery;localhost:7100;504;0 Assertion failed;60;723;DMP-1.5-Dryrun;DMP 1.5 Supplier Registration - Working on AWS NFT#628 - Actions#1;
1706278264644;GET https://www.nft.marketplace.team/suppliers/frameworks/g-cloud-14/submissions/cloud-hosting/280975/edit/documents/terms-and-conditions-document-url;/suppliers/frameworks/g-cloud-14/submissions/cloud-hosting/281142/edit/documents/service-defini_1;/suppliers/frameworks/g-cloud-14/submissions/cloud-hosting/${pServiceId}/edit/documents/service-definition-document-url;localhost:7100;504;0 Assertion failed;60;723;DMP-1.5-Dryrun;DMP 1.5 Supplier Registration - Working on AWS NFT#296 - Actions#1;
1706278264671;POST https://www.nft.marketplace.team/suppliers/frameworks/g-cloud-14/declaration/edit/providing-suitable-services;/suppliers/frameworks/g-cloud-14/declaration/edit/providing-suitable-services;;localhost:7100;504;0 Assertion failed;60;723;DMP-1.5-Dryrun;DMP 1.5 Supplier Registration - Working on AWS NFT#812 - Actions#1;
1706278264853;POST https://www.nft.marketplace.team/suppliers/frameworks/g-cloud-14/declaration/edit/providing-suitable-services;/suppliers/frameworks/g-cloud-14/declaration/edit/providing-suitable-services;;localhost:7100;504;0 Assertion failed;60;723;DMP-1.5-Dryrun;DMP 1.5 Supplier Registration - Working on AWS NFT#939 - Actions#1;
1706278265235;POST https://www.nft.marketplace.team/suppliers/frameworks/g-cloud-14/declaration/edit/key-subcontractors;/suppliers/frameworks/g-cloud-14/declaration/edit/key-subcontractors;;localhost:7100;504;0 Assertion failed;60;723;DMP-1.5-Dryrun;DMP 1.5 Supplier Registration - Working on AWS NFT#641 - Actions#1;
1706278266071;GET https://www.nft.marketplace.team/suppliers/frameworks/g-cloud-14/declaration/edit/providing-suitable-services;/suppliers/frameworks/g-cloud-14/declaration/edit/providing-suitable-services;;localhost:7100;504;0 Assertion failed;60;723;DMP-1.5-Dryrun;DMP 1.5 Supplier Registration - Working on AWS NFT#885 - Actions#1;
1706278266301;GET https://www.nft.marketplace.team/suppliers/frameworks/g-cloud-14/declaration/reuse;/suppliers/frameworks/g-cloud-14/declaration/reuse;;localhost:7100;504;0 Assertion failed;60;723;DMP-1.5-Dryrun;DMP 1.5 Supplier Registration - Working on AWS NFT#877 - Actions#1;
1706278382908;GET https://www.nft.marketplace.team/suppliers/frameworks/g-cloud-14/declaration/edit/persons-with-significant-control;/suppliers/frameworks/g-cloud-14/declaration/edit/authorisation-or-organisation-legal-requireme;/suppliers/frameworks/g-cloud-14/declaration/edit/authorisation-or-organisation-legal-requirement;localhost:7100;504;0 Assertion failed;60;723;DMP-1.5-Dryrun;DMP 1.5 Supplier Registration - Working on AWS NFT#911 - Actions#1;
1706278385396;GET https://www.nft.marketplace.team/suppliers/frameworks/g-cloud-14/submissions/cloud-hosting;/suppliers/frameworks/g-cloud-14/submissions/service-type;/suppliers/frameworks/g-cloud-14/submissions/service-type;localhost:7100;504;0 Assertion failed;60;761;DMP-1.5-Dryrun;DMP 1.5 Supplier Registration - Working on AWS NFT#400 - Actions#1;
1706278385509;GET https://www.nft.marketplace.team/suppliers/frameworks/g-cloud-14/declaration/edit/contracts-finder;/suppliers/frameworks/g-cloud-14/declaration/edit/health-and-safety;/suppliers/frameworks/g-cloud-14/declaration/edit/health-and-safety;localhost:7100;504;0 Assertion failed;60;723;DMP-1.5-Dryrun;DMP 1.5 Supplier Registration - Working on AWS NFT#56 - Actions#2;
1706278385812;GET https://www.nft.marketplace.team/suppliers/frameworks/g-cloud-14/declaration/edit/application-accuracy;/suppliers/frameworks/g-cloud-14/declaration/edit/framework-award-form-details;/suppliers/frameworks/g-cloud-14/declaration/edit/framework-award-form-details;localhost:7100;504;0 Assertion failed;60;761;DMP-1.5-Dryrun;DMP 1.5 Supplier Registration - Working on AWS NFT#619 - Actions#1;
1706278386359;GET https://www.nft.marketplace.team/suppliers/frameworks/g-cloud-14/submissions/cloud-hosting/281246/edit/user-support/support-levels;/suppliers/frameworks/g-cloud-14/submissions/cloud-hosting/281140/edit/user-support/onsite-supp;/suppliers/frameworks/g-cloud-14/submissions/cloud-hosting/${pServiceId}/edit/user-support/onsite-support;localhost:7100;504;0 Assertion failed;60;761;DMP-1.5-Dryrun;DMP 1.5 Supplier Registration - Working on AWS NFT#426 - Actions#1;
1706278386523;POST https://www.nft.marketplace.team/suppliers/frameworks/g-cloud-14/submissions/cloud-hosting/281248/edit/how-users-work-with-your-service/web-interface;/suppliers/frameworks/g-cloud-14/submissions/cloud-hosting/281140/edit/how-users-work-with-your;;localhost:7100;504;0 Assertion failed;60;761;DMP-1.5-Dryrun;DMP 1.5 Supplier Registration - Working on AWS NFT#451 - Actions#1;
1706278386555;GET https://www.nft.marketplace.team/suppliers/frameworks/g-cloud-14/declaration/edit/grounds-for-mandatory-exclusion;/suppliers/frameworks/g-cloud-14/declaration/edit/key-subcontractors;/suppliers/frameworks/g-cloud-14/declaration/edit/key-subcontractors;localhost:7100;504;0 Assertion failed;60;723;DMP-1.5-Dryrun;DMP 1.5 Supplier Registration - Working on AWS NFT#679 - Actions#1;
1706278387563;POST https://www.nft.marketplace.team/suppliers/frameworks/g-cloud-14/declaration/edit/persons-with-significant-control;/suppliers/frameworks/g-cloud-14/declaration/edit/persons-with-significant-control;;localhost:7100;504;0 Assertion failed;60;723;DMP-1.5-Dryrun;DMP 1.5 Supplier Registration - Working on AWS NFT#925 - Actions#1;
1706278388144;POST https://www.nft.marketplace.team/suppliers/frameworks/g-cloud-14/submissions/cloud-hosting/281260/edit/user-support/email-or-ticketing-support;/suppliers/frameworks/g-cloud-14/submissions/cloud-hosting/281140/edit/user-support/email-or-ti;;localhost:7100;504;0 Assertion failed;60;761;DMP-1.5-Dryrun;DMP 1.5 Supplier Registration - Working on AWS NFT#258 - Actions#1;
1706278388282;POST https://www.nft.marketplace.team/suppliers/frameworks/g-cloud-14/declaration/edit/grounds-for-mandatory-exclusion;/suppliers/frameworks/g-cloud-14/declaration/edit/grounds-for-mandatory-exclusion;;localhost:7100;504;0 Assertion failed;60;723;DMP-1.5-Dryrun;DMP 1.5 Supplier Registration - Working on AWS NFT#703 - Actions#1;
1706278388665;POST https://www.nft.marketplace.team/suppliers/frameworks/g-cloud-14/declaration/edit/group-or-consortium;/suppliers/frameworks/g-cloud-14/declaration/edit/group-or-consortium;;localhost:7100;504;0 Assertion failed;60;723;DMP-1.5-Dryrun;DMP 1.5 Supplier Registration - Working on AWS NFT#762 - Actions#1;
1706278388927;GET https://www.nft.marketplace.team/suppliers/frameworks/g-cloud-14/declaration/start;/suppliers/frameworks/g-cloud-14/declaration/start;;localhost:7100;504;0 Assertion failed;60;723;DMP-1.5-Dryrun;DMP 1.5 Supplier Registration - Working on AWS NFT#1008 - Actions#1;
1706278389051;POST https://www.nft.marketplace.team/suppliers/frameworks/g-cloud-14/submissions/cloud-hosting/281195/edit/onboarding-and-offboarding/end-of-contract-data-extraction;/suppliers/frameworks/g-cloud-14/submissions/cloud-hosting/281140/edit/onboarding-and-offboardi;;localhost:7100;504;0 Assertion failed;60;761;DMP-1.5-Dryrun;DMP 1.5 Supplier Registration - Working on AWS NFT#357 - Actions#1;
1706278389120;GET https://www.nft.marketplace.team/suppliers/frameworks/g-cloud-14/declaration/edit/grounds-for-discretionary-exclusion;/suppliers/frameworks/g-cloud-14/declaration/edit/grounds-for-mandatory-exclusion-taxes;/suppliers/frameworks/g-cloud-14/declaration/edit/grounds-for-mandatory-exclusion-taxes;localhost:7100;504;0 Assertion failed;60;723;DMP-1.5-Dryrun;DMP 1.5 Supplier Registration - Working on AWS NFT#716 - Actions#1;
1706278389282;GET https://www.nft.marketplace.team/suppliers/frameworks/g-cloud-14/submissions/cloud-hosting/281278;/suppliers/frameworks/g-cloud-14/submissions/cloud-hosting/281140/edit/service-features-and-ben;/suppliers/frameworks/g-cloud-14/submissions/cloud-hosting/${pServiceId}/edit/service-features-and-benefits/service-features-and-benefits;localhost:7100;504;0 Assertion failed;60;723;DMP-1.5-Dryrun;DMP 1.5 Supplier Registration - Working on AWS NFT#533 - Actions#1;
1706278389322;GET https://www.nft.marketplace.team/suppliers/frameworks/g-cloud-14/submissions/cloud-hosting/281119/edit/availability-and-resilience/approach-to-resilience;/suppliers/frameworks/g-cloud-14/submissions/cloud-hosting/281140/edit/availability-and-resilie;/suppliers/frameworks/g-cloud-14/submissions/cloud-hosting/${pServiceId}/edit/availability-and-resilience/guaranteed-availability;localhost:7100;504;0 Assertion failed;60;761;DMP-1.5-Dryrun;DMP 1.5 Supplier Registration - Working on AWS NFT#260 - Actions#1;
1706278389431;POST https://www.nft.marketplace.team/suppliers/frameworks/g-cloud-14/declaration/edit/immediate-parent-company;/suppliers/frameworks/g-cloud-14/declaration/edit/immediate-parent-company;;localhost:7100;504;0 Assertion failed;60;723;DMP-1.5-Dryrun;DMP 1.5 Supplier Registration - Working on AWS NFT#819 - Actions#1;
1706278389577;GET https://www.nft.marketplace.team/suppliers/frameworks/g-cloud-14/submissions/cloud-hosting/281093/edit/asset-protection/data-sanitisation-process;/suppliers/frameworks/g-cloud-14/submissions/cloud-hosting/281140/edit/asset-protection/protect;/suppliers/frameworks/g-cloud-14/submissions/cloud-hosting/${pServiceId}/edit/asset-protection/protection-of-data-at-rest;localhost:7100;504;0 Assertion failed;60;723;DMP-1.5-Dryrun;DMP 1.5 Supplier Registration - Working on AWS NFT#43 - Actions#1;
1706278389669;GET https://www.nft.marketplace.team/suppliers/frameworks/g-cloud-14;/suppliers/details;/suppliers/details;localhost:7100;504;0 Assertion failed;60;723;DMP-1.5-Dryrun;DMP 1.5 Supplier Registration - Working on AWS NFT#988 - Actions#1;
1706278390034;POST https://www.nft.marketplace.team/suppliers/frameworks/g-cloud-14/submissions/cloud-hosting/281254/edit/user-support/onsite-support;/suppliers/frameworks/g-cloud-14/submissions/cloud-hosting/281140/edit/user-support/onsite-supp;;localhost:7100;504;0 Assertion failed;60;761;DMP-1.5-Dryrun;DMP 1.5 Supplier Registration - Working on AWS NFT#445 - Actions#1;
1706278390073;POST https://www.nft.marketplace.team/suppliers/frameworks/g-cloud-14/declaration/edit/key-subcontractors;/suppliers/frameworks/g-cloud-14/declaration/edit/key-subcontractors;;localhost:7100;504;0 Assertion failed;60;723;DMP-1.5-Dryrun;DMP 1.5 Supplier Registration - Working on AWS NFT#764 - Actions#1;
1706278390319;POST https://www.nft.marketplace.team/suppliers/frameworks/g-cloud-14/submissions/cloud-hosting/281171/edit/analytics/metrics;/suppliers/frameworks/g-cloud-14/submissions/cloud-hosting/281140/edit/analytics/metrics;;localhost:7100;504;0 Assertion failed;60;723;DMP-1.5-Dryrun;DMP 1.5 Supplier Registration - Working on AWS NFT#342 - Actions#1;
1706278390912;GET https://www.nft.marketplace.team/suppliers/frameworks/g-cloud-14;/suppliers/details;/suppliers/details;localhost:7100;504;0 Assertion failed;60;723;DMP-1.5-Dryrun;DMP 1.5 Supplier Registration - Working on AWS NFT#984 - Actions#1;
1706278391487;GET https://www.nft.marketplace.team/suppliers/frameworks/g-cloud-14/declaration/edit/grounds-for-mandatory-exclusion-taxes;/suppliers/frameworks/g-cloud-14/declaration/edit/grounds-for-mandatory-exclusion;/suppliers/frameworks/g-cloud-14/declaration/edit/grounds-for-mandatory-exclusion;localhost:7100;504;0 Assertion failed;60;723;DMP-1.5-Dryrun;DMP 1.5 Supplier Registration - Working on AWS NFT#89 - Actions#2;
1706278391619;POST https://www.nft.marketplace.team/suppliers/frameworks/g-cloud-14/declaration/edit/authorisation-or-organisation-legal-requirement;/suppliers/frameworks/g-cloud-14/declaration/edit/authorisation-or-organisation-legal-requireme;;localhost:7100;504;0 Assertion failed;60;723;DMP-1.5-Dryrun;DMP 1.5 Supplier Registration - Working on AWS NFT#904 - Actions#1;
1706278391877;GET https://www.nft.marketplace.team/suppliers/frameworks/g-cloud-14/declaration/edit/contracts-finder;/suppliers/frameworks/g-cloud-14/declaration/edit/health-and-safety;/suppliers/frameworks/g-cloud-14/declaration/edit/health-and-safety;localhost:7100;504;0 Assertion failed;60;723;DMP-1.5-Dryrun;DMP 1.5 Supplier Registration - Working on AWS NFT#479 - Actions#1;
1706278392071;GET https://www.nft.marketplace.team/suppliers/frameworks/g-cloud-14/declaration/edit/providing-suitable-services;/suppliers/frameworks/g-cloud-14/declaration/edit/providing-suitable-services;;localhost:7100;504;0 Assertion failed;60;723;DMP-1.5-Dryrun;DMP 1.5 Supplier Registration - Working on AWS NFT#1005 - Actions#1;
1706278392075;GET https://www.nft.marketplace.team/suppliers/frameworks/g-cloud-14/declaration/edit/grounds-for-discretionary-exclusion;/suppliers/frameworks/g-cloud-14/declaration/edit/grounds-for-mandatory-exclusion-taxes;/suppliers/frameworks/g-cloud-14/declaration/edit/grounds-for-mandatory-exclusion-taxes;localhost:7100;504;0 Assertion failed;60;761;DMP-1.5-Dryrun;DMP 1.5 Supplier Registration - Working on AWS NFT#696 - Actions#1;
1706278392087;GET https://www.nft.marketplace.team/suppliers/frameworks/g-cloud-14/submissions/cloud-hosting/281216;/suppliers/frameworks/g-cloud-14/submissions/cloud-hosting/281140/edit/onboarding-and-offboardi;/suppliers/frameworks/g-cloud-14/submissions/cloud-hosting/${pServiceId}/edit/onboarding-and-offboarding/end-of-contract-process;localhost:7100;504;0 Assertion failed;60;723;DMP-1.5-Dryrun;DMP 1.5 Supplier Registration - Working on AWS NFT#161 - Actions#1;
1706278392091;GET https://www.nft.marketplace.team/suppliers/frameworks/g-cloud-14/submissions/cloud-hosting/create;/suppliers/frameworks/g-cloud-14/submissions/cloud-hosting/create;;localhost:7100;504;0 Assertion failed;60;723;DMP-1.5-Dryrun;DMP 1.5 Supplier Registration - Working on AWS NFT#569 - Actions#1;
1706278392501;POST https://www.nft.marketplace.team/suppliers/frameworks/g-cloud-14/declaration/edit/key-subcontractors;/suppliers/frameworks/g-cloud-14/declaration/edit/key-subcontractors;;localhost:7100;504;0 Assertion failed;60;723;DMP-1.5-Dryrun;DMP 1.5 Supplier Registration - Working on AWS NFT#796 - Actions#1;
1706278393140;GET https://www.nft.marketplace.team/suppliers/frameworks/g-cloud-14/declaration/edit/grounds-for-mandatory-exclusion-taxes;/suppliers/frameworks/g-cloud-14/declaration/edit/grounds-for-mandatory-exclusion;/suppliers/frameworks/g-cloud-14/declaration/edit/grounds-for-mandatory-exclusion;localhost:7100;504;0 Assertion failed;60;761;DMP-1.5-Dryrun;DMP 1.5 Supplier Registration - Working on AWS NFT#748 - Actions#1;
1706278393393;GET https://www.nft.marketplace.team/suppliers/frameworks/g-cloud-14/declaration/reuse;/suppliers/frameworks/g-cloud-14/declaration/reuse;;localhost:7100;504;0 Assertion failed;60;761;DMP-1.5-Dryrun;DMP 1.5 Supplier Registration - Working on AWS NFT#973 - Actions#1;
1706278393394;GET https://www.nft.marketplace.team/suppliers/frameworks/g-cloud-14/declaration/edit/modern-slavery;/suppliers/frameworks/g-cloud-14/declaration/edit/grounds-for-discretionary-exclusion;/suppliers/frameworks/g-cloud-14/declaration/edit/grounds-for-discretionary-exclusion;localhost:7100;504;0 Assertion failed;60;761;DMP-1.5-Dryrun;DMP 1.5 Supplier Registration - Working on AWS NFT#71 - Actions#2;
1706278393494;GET https://www.nft.marketplace.team/suppliers/frameworks/g-cloud-14/submissions/cloud-hosting/281160/edit/scaling/scaling;/suppliers/frameworks/g-cloud-14/submissions/cloud-hosting/281140/edit/scaling/scaling;;localhost:7100;504;0 Assertion failed;60;723;DMP-1.5-Dryrun;DMP 1.5 Supplier Registration - Working on AWS NFT#336 - Actions#1;
1706278393817;GET https://www.nft.marketplace.team/suppliers/frameworks/g-cloud-14/declaration/reuse;/suppliers/frameworks/g-cloud-14/declaration/reuse;;localhost:7100;504;0 Assertion failed;60;723;DMP-1.5-Dryrun;DMP 1.5 Supplier Registration - Working on AWS NFT#147 - Actions#2;
1706278394081;GET https://www.nft.marketplace.team/suppliers/frameworks/g-cloud-14/declaration/reuse;/suppliers/frameworks/g-cloud-14/declaration/reuse;;localhost:7100;504;0 Assertion failed;60;723;DMP-1.5-Dryrun;DMP 1.5 Supplier Registration - Working on AWS NFT#1007 - Actions#1;
1706278394086;POST https://www.nft.marketplace.team/suppliers/frameworks/g-cloud-14/declaration/edit/persons-with-significant-control;/suppliers/frameworks/g-cloud-14/declaration/edit/persons-with-significant-control;;localhost:7100;504;0 Assertion failed;60;723;DMP-1.5-Dryrun;DMP 1.5 Supplier Registration - Working on AWS NFT#132 - Actions#2;
1706278394201;GET https://www.nft.marketplace.team/suppliers/frameworks/g-cloud-14/declaration/edit/contracts-finder;/suppliers/frameworks/g-cloud-14/declaration/edit/health-and-safety;/suppliers/frameworks/g-cloud-14/declaration/edit/health-and-safety;localhost:7100;504;0 Assertion failed;60;723;DMP-1.5-Dryrun;DMP 1.5 Supplier Registration - Working on AWS NFT#492 - Actions#1;
1706278394435;POST https://www.nft.marketplace.team/suppliers/frameworks/g-cloud-14/declaration/edit/grounds-for-mandatory-exclusion;/suppliers/frameworks/g-cloud-14/declaration/edit/grounds-for-mandatory-exclusion;;localhost:7100;504;0 Assertion failed;60;723;DMP-1.5-Dryrun;DMP 1.5 Supplier Registration - Working on AWS NFT#709 - Actions#1;
1706278395279;POST https://www.nft.marketplace.team/suppliers/frameworks/g-cloud-14/declaration;/suppliers/frameworks/g-cloud-14/declaration;/suppliers/frameworks/g-cloud-14/declaration;localhost:7100;504;0 Assertion failed;60;723;DMP-1.5-Dryrun;DMP 1.5 Supplier Registration - Working on AWS NFT#476 - Actions#1;
1706278395526;POST https://www.nft.marketplace.team/suppliers/frameworks/g-cloud-14/submissions/cloud-hosting/281144/edit/data-in-transit-protection/protection-between-networks;/suppliers/frameworks/g-cloud-14/submissions/cloud-hosting/281140/edit/data-in-transit-protecti;;localhost:7100;504;0 Assertion failed;60;723;DMP-1.5-Dryrun;DMP 1.5 Supplier Registration - Working on AWS NFT#98 - Actions#1;
1706278395901;POST https://www.nft.marketplace.team/suppliers/details;/suppliers/details;/suppliers/details;localhost:7100;504;0 Assertion failed;60;761;DMP-1.5-Dryrun;DMP 1.5 Supplier Registration - Working on AWS NFT#1029 - Actions#1;
1706278395970;POST https://www.nft.marketplace.team/suppliers/details;/suppliers/details;/suppliers/details;localhost:7100;504;0 Assertion failed;60;761;DMP-1.5-Dryrun;DMP 1.5 Supplier Registration - Working on AWS NFT#1017 - Actions#1;
1706278396025;GET https://www.nft.marketplace.team/suppliers/frameworks/g-cloud-14/declaration/edit/authorisation-or-organisation-legal-requirement;/suppliers/frameworks/g-cloud-14/declaration/edit/what-it-means-to-be-on-g-cloud-14;/suppliers/frameworks/g-cloud-14/declaration/edit/what-it-means-to-be-on-g-cloud-14;localhost:7100;504;0 Assertion failed;60;723;DMP-1.5-Dryrun;DMP 1.5 Supplier Registration - Working on AWS NFT#947 - Actions#1;
1706278396055;POST https://www.nft.marketplace.team/suppliers/frameworks/g-cloud-14/submissions/cloud-hosting/280990/edit/social-value/social-value;/suppliers/frameworks/g-cloud-14/submissions/cloud-hosting/281140/edit/social-value/social-valu;;localhost:7100;504;0 Assertion failed;60;761;DMP-1.5-Dryrun;DMP 1.5 Supplier Registration - Working on AWS NFT#112 - Actions#1;
1706278396061;POST https://www.nft.marketplace.team/suppliers/frameworks/g-cloud-14/declaration/edit/authorisation-or-organisation-legal-requirement;/suppliers/frameworks/g-cloud-14/declaration/edit/authorisation-or-organisation-legal-requireme;;localhost:7100;504;0 Assertion failed;60;761;DMP-1.5-Dryrun;DMP 1.5 Supplier Registration - Working on AWS NFT#896 - Actions#1;
1706278396558;GET https://www.nft.marketplace.team/suppliers/frameworks/g-cloud-14/submissions/cloud-hosting/create;/suppliers/frameworks/g-cloud-14/submissions/cloud-hosting/create;;localhost:7100;504;0 Assertion failed;60;723;DMP-1.5-Dryrun;DMP 1.5 Supplier Registration - Working on AWS NFT#367 - Actions#1;
1706278396677;GET https://www.nft.marketplace.team/suppliers/frameworks/g-cloud-14/declaration/edit/providing-suitable-services;/suppliers/frameworks/g-cloud-14/declaration/edit/providing-suitable-services;;localhost:7100;504;0 Assertion failed;60;723;DMP-1.5-Dryrun;DMP 1.5 Supplier Registration - Working on AWS NFT#982 - Actions#1;
1706278396793;GET https://www.nft.marketplace.team/suppliers/frameworks/g-cloud-14/submissions/cloud-hosting/281229/edit/how-users-work-with-your-service/command-line-interface;/suppliers/frameworks/g-cloud-14/submissions/cloud-hosting/281140/edit/how-users-work-with-your;/suppliers/frameworks/g-cloud-14/submissions/cloud-hosting/${pServiceId}/edit/how-users-work-with-your-service/api;localhost:7100;504;0 Assertion failed;60;723;DMP-1.5-Dryrun;DMP 1.5 Supplier Registration - Working on AWS NFT#414 - Actions#1;
1706278396827;GET https://www.nft.marketplace.team/suppliers/frameworks/g-cloud-14/declaration/reuse;/suppliers/frameworks/g-cloud-14/declaration/reuse;;localhost:7100;504;0 Assertion failed;60;723;DMP-1.5-Dryrun;DMP 1.5 Supplier Registration - Working on AWS NFT#995 - Actions#1;
1706278397280;GET https://www.nft.marketplace.team/suppliers/frameworks/g-cloud-14/declaration/start;/suppliers/frameworks/g-cloud-14/declaration/start;;localhost:7100;504;0 Assertion failed;60;723;DMP-1.5-Dryrun;DMP 1.5 Supplier Registration - Working on AWS NFT#978 - Actions#1;
1706278397297;GET https://www.nft.marketplace.team/suppliers/frameworks/g-cloud-14/declaration/edit/persons-with-significant-control;/suppliers/frameworks/g-cloud-14/declaration/edit/authorisation-or-organisation-legal-requireme;/suppliers/frameworks/g-cloud-14/declaration/edit/authorisation-or-organisation-legal-requirement;localhost:7100;504;0 Assertion failed;60;723;DMP-1.5-Dryrun;DMP 1.5 Supplier Registration - Working on AWS NFT#865 - Actions#1;
1706278397396;GET https://www.nft.marketplace.team/suppliers/frameworks/g-cloud-14/declaration/edit/providing-suitable-services;/suppliers/frameworks/g-cloud-14/declaration/edit/providing-suitable-services;;localhost:7100;504;0 Assertion failed;60;723;DMP-1.5-Dryrun;DMP 1.5 Supplier Registration - Working on AWS NFT#981 - Actions#1;
1706278397652;POST https://www.nft.marketplace.team/suppliers/frameworks/g-cloud-14/declaration/edit/contracts-finder;/suppliers/frameworks/g-cloud-14/declaration/edit/contracts-finder;;localhost:7100;504;0 Assertion failed;60.2;723;DMP-1.5-Dryrun;DMP 1.5 Supplier Registration - Working on AWS NFT#572 - Actions#1;
1706278397657;GET https://www.nft.marketplace.team/suppliers/frameworks/g-cloud-14/declaration/edit/persons-with-significant-control;/suppliers/frameworks/g-cloud-14/declaration/edit/authorisation-or-organisation-legal-requireme;/suppliers/frameworks/g-cloud-14/declaration/edit/authorisation-or-organisation-legal-requirement;localhost:7100;504;0 Assertion failed;60.1;723;DMP-1.5-Dryrun;DMP 1.5 Supplier Registration - Working on AWS NFT#950 - Actions#1;
1706278397659;GET https://www.nft.marketplace.team/suppliers/frameworks/g-cloud-14/submissions/cloud-hosting/281111/edit/asset-protection/equipment-disposal-approach;/suppliers/frameworks/g-cloud-14/submissions/cloud-hosting/281140/edit/asset-protection/data-sa;/suppliers/frameworks/g-cloud-14/submissions/cloud-hosting/${pServiceId}/edit/asset-protection/data-sanitisation-process;localhost:7100;504;0 Assertion failed;60.2;723;DMP-1.5-Dryrun;DMP 1.5 Supplier Registration - Working on AWS NFT#462 - Actions#1;
1706278397743;GET https://www.nft.marketplace.team/suppliers/details;/suppliers/details;;localhost:7100;504;0 Assertion failed;60;723;DMP-1.5-Dryrun;DMP 1.5 Supplier Registration - Working on AWS NFT#1027 - Actions#1;
1706278397878;POST https://www.nft.marketplace.team/suppliers/frameworks/g-cloud-14/declaration/edit/persons-with-significant-control;/suppliers/frameworks/g-cloud-14/declaration/edit/persons-with-significant-control;;localhost:7100;504;0 Assertion failed;60;723;DMP-1.5-Dryrun;DMP 1.5 Supplier Registration - Working on AWS NFT#886 - Actions#1;
1706278398194;GET https://www.nft.marketplace.team/suppliers/frameworks/g-cloud-14/submissions/cloud-hosting/281243;/suppliers/frameworks/g-cloud-14/submissions/cloud-hosting/281140/edit/user-support/support-ava;/suppliers/frameworks/g-cloud-14/submissions/cloud-hosting/${pServiceId}/edit/user-support/support-available-to-third-party;localhost:7100;504;0 Assertion failed;60;723;DMP-1.5-Dryrun;DMP 1.5 Supplier Registration - Working on AWS NFT#200 - Actions#1;
1706278398332;POST https://www.nft.marketplace.team/suppliers/frameworks/g-cloud-14/declaration/edit/group-or-consortium;/suppliers/frameworks/g-cloud-14/declaration/edit/group-or-consortium;;localhost:7100;504;0 Assertion failed;60;723;DMP-1.5-Dryrun;DMP 1.5 Supplier Registration - Working on AWS NFT#775 - Actions#1;
1706278398451;POST https://www.nft.marketplace.team/suppliers/details;/suppliers/details;/suppliers/details;localhost:7100;504;0 Assertion failed;60;761;DMP-1.5-Dryrun;DMP 1.5 Supplier Registration - Working on AWS NFT#1024 - Actions#1;
1706278398466;POST https://www.nft.marketplace.team/suppliers/frameworks/g-cloud-14/declaration/edit/framework-award-form-details;/suppliers/frameworks/g-cloud-14/declaration/edit/framework-award-form-details;;localhost:7100;504;0 Assertion failed;60;761;DMP-1.5-Dryrun;DMP 1.5 Supplier Registration - Working on AWS NFT#8 - Actions#2;
1706278398568;POST https://www.nft.marketplace.team/suppliers/frameworks/g-cloud-14/declaration/edit/persons-with-significant-control;/suppliers/frameworks/g-cloud-14/declaration/edit/persons-with-significant-control;;localhost:7100;504;0 Assertion failed;60;723;DMP-1.5-Dryrun;DMP 1.5 Supplier Registration - Working on AWS NFT#946 - Actions#1;
1706278398810;POST https://www.nft.marketplace.team/suppliers/frameworks/g-cloud-14/declaration/edit/group-or-consortium;/suppliers/frameworks/g-cloud-14/declaration/edit/group-or-consortium;;localhost:7100;504;0 Assertion failed;60;723;DMP-1.5-Dryrun;DMP 1.5 Supplier Registration - Working on AWS NFT#756 - Actions#1;
1706278399034;GET https://www.nft.marketplace.team/suppliers/frameworks/g-cloud-14/submissions/cloud-hosting/281151/edit/data-in-transit-protection/protection-between-networks;/suppliers/frameworks/g-cloud-14/submissions/cloud-hosting/281140/edit/data-in-transit-protecti;;localhost:7100;504;0 Assertion failed;60;723;DMP-1.5-Dryrun;DMP 1.5 Supplier Registration - Working on AWS NFT#484 - Actions#1;
1706278399694;POST https://www.nft.marketplace.team/suppliers/frameworks/g-cloud-14/submissions/cloud-hosting/281288/edit/about-your-service/service-categories;/suppliers/frameworks/g-cloud-14/submissions/cloud-hosting/281140/edit/about-your-service/servi;;localhost:7100;504;0 Assertion failed;60;723;DMP-1.5-Dryrun;DMP 1.5 Supplier Registration - Working on AWS NFT#337 - Actions#1;
1706278399930;POST https://www.nft.marketplace.team/suppliers/frameworks/g-cloud-14/declaration/edit/immediate-parent-company;/suppliers/frameworks/g-cloud-14/declaration/edit/immediate-parent-company;;localhost:7100;504;0 Assertion failed;60;723;DMP-1.5-Dryrun;DMP 1.5 Supplier Registration - Working on AWS NFT#135 - Actions#2;
1706278400169;POST https://www.nft.marketplace.team/suppliers/frameworks/g-cloud-14/declaration/edit/providing-suitable-services;/suppliers/frameworks/g-cloud-14/declaration/edit/providing-suitable-services;;localhost:7100;504;0 Assertion failed;60;723;DMP-1.5-Dryrun;DMP 1.5 Supplier Registration - Working on AWS NFT#969 - Actions#1;
1706278400439;GET https://www.nft.marketplace.team/suppliers/frameworks/g-cloud-14/declaration/reuse;/suppliers/frameworks/g-cloud-14/declaration/reuse;;localhost:7100;504;0 Assertion failed;60;723;DMP-1.5-Dryrun;DMP 1.5 Supplier Registration - Working on AWS NFT#994 - Actions#1;
1706278400559;POST https://www.nft.marketplace.team/suppliers/frameworks/g-cloud-14/declaration/edit/ultimate-parent-company;/suppliers/frameworks/g-cloud-14/declaration/edit/ultimate-parent-company;;localhost:7100;504;0 Assertion failed;60;723;DMP-1.5-Dryrun;DMP 1.5 Supplier Registration - Working on AWS NFT#126 - Actions#2;
1706278400584;GET https://www.nft.marketplace.team/suppliers/frameworks/g-cloud-14/declaration/edit/providing-suitable-services;/suppliers/frameworks/g-cloud-14/declaration/edit/providing-suitable-services;;localhost:7100;504;0 Assertion failed;60;723;DMP-1.5-Dryrun;DMP 1.5 Supplier Registration - Working on AWS NFT#968 - Actions#1;
1706278400589;GET https://www.nft.marketplace.team/suppliers/frameworks/g-cloud-14/declaration/edit/key-subcontractors;/suppliers/frameworks/g-cloud-14/declaration/edit/group-or-consortium;/suppliers/frameworks/g-cloud-14/declaration/edit/group-or-consortium;localhost:7100;504;0 Assertion failed;60;723;DMP-1.5-Dryrun;DMP 1.5 Supplier Registration - Working on AWS NFT#805 - Actions#1;
1706278400669;GET https://www.nft.marketplace.team/suppliers/frameworks/g-cloud-14/declaration/edit/persons-with-significant-control;/suppliers/frameworks/g-cloud-14/declaration/edit/authorisation-or-organisation-legal-requireme;/suppliers/frameworks/g-cloud-14/declaration/edit/authorisation-or-organisation-legal-requirement;localhost:7100;504;0 Assertion failed;60;723;DMP-1.5-Dryrun;DMP 1.5 Supplier Registration - Working on AWS NFT#138 - Actions#2;
1706278400773;POST https://www.nft.marketplace.team/suppliers/frameworks/g-cloud-14/declaration/edit/grounds-for-mandatory-exclusion-taxes;/suppliers/frameworks/g-cloud-14/declaration/edit/grounds-for-mandatory-exclusion-taxes;;localhost:7100;504;0 Assertion failed;60;723;DMP-1.5-Dryrun;DMP 1.5 Supplier Registration - Working on AWS NFT#645 - Actions#1;
1706278400897;POST https://www.nft.marketplace.team/suppliers/frameworks/g-cloud-14/submissions/cloud-hosting/281146/edit/scaling/independence-of-resources;/suppliers/frameworks/g-cloud-14/submissions/cloud-hosting/281140/edit/scaling/independence-of-;;localhost:7100;504;0 Assertion failed;60;761;DMP-1.5-Dryrun;DMP 1.5 Supplier Registration - Working on AWS NFT#88 - Actions#1;
1706278400919;GET https://www.nft.marketplace.team/suppliers/frameworks/g-cloud-14/submissions/cloud-hosting/281197/edit/onboarding-and-offboarding/end-of-contract-process;/suppliers/frameworks/g-cloud-14/submissions/cloud-hosting/281140/edit/onboarding-and-offboardi;/suppliers/frameworks/g-cloud-14/submissions/cloud-hosting/${pServiceId}/edit/onboarding-and-offboarding/end-of-contract-data-extraction;localhost:7100;504;0 Assertion failed;60;723;DMP-1.5-Dryrun;DMP 1.5 Supplier Registration - Working on AWS NFT#152 - Actions#1;
1706278401038;GET https://www.nft.marketplace.team/suppliers/frameworks/g-cloud-14/submissions/cloud-hosting/281268;/suppliers/frameworks/g-cloud-14/submissions/cloud-hosting/281140/edit/service-scope/system-req;/suppliers/frameworks/g-cloud-14/submissions/cloud-hosting/${pServiceId}/edit/service-scope/system-requirements;localhost:7100;504;0 Assertion failed;60;761;DMP-1.5-Dryrun;DMP 1.5 Supplier Registration - Working on AWS NFT#279 - Actions#1;
1706278401162;GET https://www.nft.marketplace.team/suppliers/frameworks/g-cloud-14/declaration/edit/immediate-parent-company;/suppliers/frameworks/g-cloud-14/declaration/edit/persons-with-significant-control;/suppliers/frameworks/g-cloud-14/declaration/edit/persons-with-significant-control;localhost:7100;504;0 Assertion failed;60;723;DMP-1.5-Dryrun;DMP 1.5 Supplier Registration - Working on AWS NFT#811 - Actions#1;
1706278401395;GET https://www.nft.marketplace.team/suppliers/frameworks/g-cloud-14/submissions/cloud-hosting/281157/edit/scaling/independence-of-resources;/suppliers/frameworks/g-cloud-14/submissions/cloud-hosting/281140/edit/scaling/scaling;/suppliers/frameworks/g-cloud-14/submissions/cloud-hosting/${pServiceId}/edit/scaling/scaling;localhost:7100;504;0 Assertion failed;60;723;DMP-1.5-Dryrun;DMP 1.5 Supplier Registration - Working on AWS NFT#526 - Actions#1;
1706278401450;GET https://www.nft.marketplace.team/suppliers/frameworks/g-cloud-14/declaration/edit/grounds-for-mandatory-exclusion-taxes;/suppliers/frameworks/g-cloud-14/declaration/edit/grounds-for-mandatory-exclusion;/suppliers/frameworks/g-cloud-14/declaration/edit/grounds-for-mandatory-exclusion;localhost:7100;504;0 Assertion failed;60;723;DMP-1.5-Dryrun;DMP 1.5 Supplier Registration - Working on AWS NFT#743 - Actions#1;
1706278401773;GET https://www.nft.marketplace.team/suppliers/frameworks/g-cloud-14/declaration/edit/immediate-parent-company;/suppliers/frameworks/g-cloud-14/declaration/edit/persons-with-significant-control;/suppliers/frameworks/g-cloud-14/declaration/edit/persons-with-significant-control;localhost:7100;504;0 Assertion failed;60;723;DMP-1.5-Dryrun;DMP 1.5 Supplier Registration - Working on AWS NFT#890 - Actions#1;
1706278402292;POST https://www.nft.marketplace.team/suppliers/frameworks/g-cloud-14/declaration/edit/persons-with-significant-control;/suppliers/frameworks/g-cloud-14/declaration/edit/persons-with-significant-control;;localhost:7100;504;0 Assertion failed;60;761;DMP-1.5-Dryrun;DMP 1.5 Supplier Registration - Working on AWS NFT#820 - Actions#1;
1706278402314;POST https://www.nft.marketplace.team/suppliers/details;/suppliers/details;/suppliers/details;localhost:7100;504;0 Assertion failed;60;761;DMP-1.5-Dryrun;DMP 1.5 Supplier Registration - Working on AWS NFT#171 - Actions#2;
1706278402345;GET https://www.nft.marketplace.team/suppliers/frameworks/g-cloud-14;/suppliers/details;/suppliers/details;localhost:7100;504;0 Assertion failed;60;723;DMP-1.5-Dryrun;DMP 1.5 Supplier Registration - Working on AWS NFT#1018 - Actions#1;
1706278402349;POST https://www.nft.marketplace.team/suppliers/frameworks/g-cloud-14/declaration/edit/immediate-parent-company;/suppliers/frameworks/g-cloud-14/declaration/edit/immediate-parent-company;;localhost:7100;504;0 Assertion failed;60;723;DMP-1.5-Dryrun;DMP 1.5 Supplier Registration - Working on AWS NFT#806 - Actions#1;
1706278402532;POST https://www.nft.marketplace.team/suppliers/frameworks/g-cloud-14/submissions/cloud-hosting/281113/edit/asset-protection/data-sanitisation-process;/suppliers/frameworks/g-cloud-14/submissions/cloud-hosting/281140/edit/asset-protection/data-sa;;localhost:7100;504;0 Assertion failed;60;723;DMP-1.5-Dryrun;DMP 1.5 Supplier Registration - Working on AWS NFT#263 - Actions#1;
1706278402550;POST https://www.nft.marketplace.team/suppliers/frameworks/g-cloud-14/declaration/edit/grounds-for-mandatory-exclusion;/suppliers/frameworks/g-cloud-14/declaration/edit/grounds-for-mandatory-exclusion;;localhost:7100;504;0 Assertion failed;60;723;DMP-1.5-Dryrun;DMP 1.5 Supplier Registration - Working on AWS NFT#649 - Actions#1;
1706278402593;GET https://www.nft.marketplace.team/suppliers/frameworks/g-cloud-14/submissions/cloud-hosting/281025/edit/identity-and-authentication/access-restriction-management-and-support;/suppliers/frameworks/g-cloud-14/submissions/cloud-hosting/281140/edit/identity-and-authenticat;/suppliers/frameworks/g-cloud-14/submissions/cloud-hosting/${pServiceId}/edit/identity-and-authentication/user-authentication;localhost:7100;504;0 Assertion failed;60;723;DMP-1.5-Dryrun;DMP 1.5 Supplier Registration - Working on AWS NFT#169 - Actions#1;
1706278403040;GET https://www.nft.marketplace.team/suppliers/frameworks/g-cloud-14/declaration/edit/persons-with-significant-control;/suppliers/frameworks/g-cloud-14/declaration/edit/authorisation-or-organisation-legal-requireme;/suppliers/frameworks/g-cloud-14/declaration/edit/authorisation-or-organisation-legal-requirement;localhost:7100;504;0 Assertion failed;60;723;DMP-1.5-Dryrun;DMP 1.5 Supplier Registration - Working on AWS NFT#876 - Actions#1;
1706278403565;POST https://www.nft.marketplace.team/suppliers/frameworks/g-cloud-14/declaration/edit/grounds-for-mandatory-exclusion-taxes;/suppliers/frameworks/g-cloud-14/declaration/edit/grounds-for-mandatory-exclusion-taxes;;localhost:7100;504;0 Assertion failed;60;761;DMP-1.5-Dryrun;DMP 1.5 Supplier Registration - Working on AWS NFT#646 - Actions#1;
1706278403826;POST https://www.nft.marketplace.team/suppliers/frameworks/g-cloud-14/declaration/edit/key-subcontractors;/suppliers/frameworks/g-cloud-14/declaration/edit/key-subcontractors;;localhost:7100;504;0 Assertion failed;60;723;DMP-1.5-Dryrun;DMP 1.5 Supplier Registration - Working on AWS NFT#683 - Actions#1;
1706278404116;POST https://www.nft.marketplace.team/suppliers/frameworks/g-cloud-14/declaration/edit/contact-details;/suppliers/frameworks/g-cloud-14/declaration/edit/contact-details;;localhost:7100;504;0 Assertion failed;60;723;DMP-1.5-Dryrun;DMP 1.5 Supplier Registration - Working on AWS NFT#482 - Actions#1;
1706278404616;POST https://www.nft.marketplace.team/suppliers/frameworks/g-cloud-14/submissions/cloud-hosting/281275/edit/user-support/email-or-ticketing-support;/suppliers/frameworks/g-cloud-14/submissions/cloud-hosting/281140/edit/user-support/email-or-ti;;localhost:7100;504;0 Assertion failed;60;723;DMP-1.5-Dryrun;DMP 1.5 Supplier Registration - Working on AWS NFT#288 - Actions#1;
1706278405013;GET https://www.nft.marketplace.team/suppliers/frameworks/g-cloud-14/declaration/edit/providing-suitable-services;/suppliers/frameworks/g-cloud-14/declaration/edit/providing-suitable-services;;localhost:7100;504;0 Assertion failed;60;723;DMP-1.5-Dryrun;DMP 1.5 Supplier Registration - Working on AWS NFT#977 - Actions#1;
1706278405254;POST https://www.nft.marketplace.team/suppliers/frameworks/g-cloud-14/declaration/edit/value-added-tax;/suppliers/frameworks/g-cloud-14/declaration/edit/value-added-tax;;localhost:7100;504;0 Assertion failed;60;761;DMP-1.5-Dryrun;DMP 1.5 Supplier Registration - Working on AWS NFT#59 - Actions#2;
1706278405281;POST https://www.nft.marketplace.team/suppliers/frameworks/g-cloud-14/submissions/cloud-hosting/281121/edit/asset-protection/protection-of-data-at-rest;/suppliers/frameworks/g-cloud-14/submissions/cloud-hosting/281140/edit/asset-protection/protect;;localhost:7100;504;0 Assertion failed;60;723;DMP-1.5-Dryrun;DMP 1.5 Supplier Registration - Working on AWS NFT#480 - Actions#1;
1706278405390;GET https://www.nft.marketplace.team/suppliers/frameworks/g-cloud-14/declaration/edit/grounds-for-mandatory-exclusion-taxes;/suppliers/frameworks/g-cloud-14/declaration/edit/grounds-for-mandatory-exclusion;/suppliers/frameworks/g-cloud-14/declaration/edit/grounds-for-mandatory-exclusion;localhost:7100;504;0 Assertion failed;60;723;DMP-1.5-Dryrun;DMP 1.5 Supplier Registration - Working on AWS NFT#676 - Actions#1;
1706278405888;POST https://www.nft.marketplace.team/suppliers/frameworks/g-cloud-14/submissions/cloud-hosting/281079/edit/availability-and-resilience/outage-reporting;/suppliers/frameworks/g-cloud-14/submissions/cloud-hosting/281140/edit/availability-and-resilie;;localhost:7100;504;0 Assertion failed;60;723;DMP-1.5-Dryrun;DMP 1.5 Supplier Registration - Working on AWS NFT#37 - Actions#1;
1706278406036;GET https://www.nft.marketplace.team/suppliers/frameworks/g-cloud-14/submissions/cloud-hosting/280971;/suppliers/frameworks/g-cloud-14/submissions/cloud-hosting/281140/edit/pricing/free-or-trial-ve_1;/suppliers/frameworks/g-cloud-14/submissions/cloud-hosting/${pServiceId}/edit/pricing/free-or-trial-versions;localhost:7100;504;0 Assertion failed;60;723;DMP-1.5-Dryrun;DMP 1.5 Supplier Registration - Working on AWS NFT#290 - Actions#1;
1706278406092;GET https://www.nft.marketplace.team/suppliers/frameworks/g-cloud-14/declaration/edit/authorisation-or-organisation-legal-requirement;/suppliers/frameworks/g-cloud-14/declaration/edit/what-it-means-to-be-on-g-cloud-14;/suppliers/frameworks/g-cloud-14/declaration/edit/what-it-means-to-be-on-g-cloud-14;localhost:7100;504;0 Assertion failed;60;723;DMP-1.5-Dryrun;DMP 1.5 Supplier Registration - Working on AWS NFT#930 - Actions#1;
1706278406291;GET https://www.nft.marketplace.team/suppliers/frameworks/g-cloud-14/declaration/start;/suppliers/frameworks/g-cloud-14/declaration/start;;localhost:7100;504;0 Assertion failed;60;723;DMP-1.5-Dryrun;DMP 1.5 Supplier Registration - Working on AWS NFT#1009 - Actions#1;
1706278406546;POST https://www.nft.marketplace.team/suppliers/frameworks/g-cloud-14/declaration/edit/framework-award-form-details;/suppliers/frameworks/g-cloud-14/declaration/edit/framework-award-form-details;;localhost:7100;504;0 Assertion failed;60;761;DMP-1.5-Dryrun;DMP 1.5 Supplier Registration - Working on AWS NFT#470 - Actions#1;
1706278406625;GET https://www.nft.marketplace.team/suppliers/frameworks/g-cloud-14/declaration/edit/grounds-for-mandatory-exclusion;/suppliers/frameworks/g-cloud-14/declaration/edit/key-subcontractors;/suppliers/frameworks/g-cloud-14/declaration/edit/key-subcontractors;localhost:7100;504;0 Assertion failed;60;723;DMP-1.5-Dryrun;DMP 1.5 Supplier Registration - Working on AWS NFT#803 - Actions#1;
1706278406902;GET https://www.nft.marketplace.team/suppliers/frameworks/g-cloud-14/submissions/cloud-hosting/281169;/suppliers/frameworks/g-cloud-14/submissions/cloud-hosting/281140/edit/backups-and-recovery/bac;/suppliers/frameworks/g-cloud-14/submissions/cloud-hosting/${pServiceId}/edit/backups-and-recovery/backup-and-recovery;localhost:7100;504;0 Assertion failed;60;723;DMP-1.5-Dryrun;DMP 1.5 Supplier Registration - Working on AWS NFT#544 - Actions#1;
1706278407449;GET https://www.nft.marketplace.team/suppliers/frameworks/g-cloud-14/declaration/edit/authorisation-or-organisation-legal-requirement;/suppliers/frameworks/g-cloud-14/declaration/edit/what-it-means-to-be-on-g-cloud-14;/suppliers/frameworks/g-cloud-14/declaration/edit/what-it-means-to-be-on-g-cloud-14;localhost:7100;504;0 Assertion failed;60;723;DMP-1.5-Dryrun;DMP 1.5 Supplier Registration - Working on AWS NFT#945 - Actions#1;
1706278407577;GET https://www.nft.marketplace.team/suppliers/frameworks/g-cloud-14/declaration/edit/economic-and-financial-standing;/suppliers/frameworks/g-cloud-14/declaration/edit/modern-slavery;/suppliers/frameworks/g-cloud-14/declaration/edit/modern-slavery;localhost:7100;504;0 Assertion failed;60;723;DMP-1.5-Dryrun;DMP 1.5 Supplier Registration - Working on AWS NFT#640 - Actions#1;
1706278407748;POST https://www.nft.marketplace.team/suppliers/frameworks/g-cloud-14/declaration/edit/grounds-for-mandatory-exclusion;/suppliers/frameworks/g-cloud-14/declaration/edit/grounds-for-mandatory-exclusion;;localhost:7100;504;0 Assertion failed;60;723;DMP-1.5-Dryrun;DMP 1.5 Supplier Registration - Working on AWS NFT#759 - Actions#1;
1706278407992;GET https://www.nft.marketplace.team/suppliers/frameworks/g-cloud-14/declaration/edit/grounds-for-mandatory-exclusion;/suppliers/frameworks/g-cloud-14/declaration/edit/key-subcontractors;/suppliers/frameworks/g-cloud-14/declaration/edit/key-subcontractors;localhost:7100;504;0 Assertion failed;60;723;DMP-1.5-Dryrun;DMP 1.5 Supplier Registration - Working on AWS NFT#770 - Actions#1;
1706278408981;GET https://www.nft.marketplace.team/suppliers/frameworks/g-cloud-14/declaration/reuse;/suppliers/frameworks/g-cloud-14/declaration/reuse;;localhost:7100;504;0 Assertion failed;60;723;DMP-1.5-Dryrun;DMP 1.5 Supplier Registration - Working on AWS NFT#1000 - Actions#1;
1706278409400;GET https://www.nft.marketplace.team/suppliers/frameworks/g-cloud-14/declaration/edit/authorisation-or-organisation-legal-requirement;/suppliers/frameworks/g-cloud-14/declaration/edit/what-it-means-to-be-on-g-cloud-14;/suppliers/frameworks/g-cloud-14/declaration/edit/what-it-means-to-be-on-g-cloud-14;localhost:7100;504;0 Assertion failed;60;723;DMP-1.5-Dryrun;DMP 1.5 Supplier Registration - Working on AWS NFT#928 - Actions#1;
1706278409603;POST https://www.nft.marketplace.team/suppliers/frameworks/g-cloud-14/declaration/edit/grounds-for-discretionary-exclusion;/suppliers/frameworks/g-cloud-14/declaration/edit/grounds-for-discretionary-exclusion;;localhost:7100;504;0 Assertion failed;60;723;DMP-1.5-Dryrun;DMP 1.5 Supplier Registration - Working on AWS NFT#656 - Actions#1;
1706278410788;POST https://www.nft.marketplace.team/suppliers/frameworks/g-cloud-14/declaration/edit/value-added-tax;/suppliers/frameworks/g-cloud-14/declaration/edit/value-added-tax;;localhost:7100;504;0 Assertion failed;60;723;DMP-1.5-Dryrun;DMP 1.5 Supplier Registration - Working on AWS NFT#585 - Actions#1;
1706278411098;POST https://www.nft.marketplace.team/suppliers/frameworks/g-cloud-14/declaration/edit/grounds-for-mandatory-exclusion-taxes;/suppliers/frameworks/g-cloud-14/declaration/edit/grounds-for-mandatory-exclusion-taxes;;localhost:7100;504;0 Assertion failed;60;723;DMP-1.5-Dryrun;DMP 1.5 Supplier Registration - Working on AWS NFT#707 - Actions#1;
1706278411860;POST https://www.nft.marketplace.team/suppliers/frameworks/g-cloud-14/submissions/cloud-hosting/281291/edit/about-your-service/service-description;/suppliers/frameworks/g-cloud-14/submissions/cloud-hosting/281140/edit/about-your-service/servi;;localhost:7100;504;0 Assertion failed;60;761;DMP-1.5-Dryrun;DMP 1.5 Supplier Registration - Working on AWS NFT#421 - Actions#1;
1706278412121;GET https://www.nft.marketplace.team/suppliers/frameworks/g-cloud-14/declaration/edit/economic-and-financial-standing;/suppliers/frameworks/g-cloud-14/declaration/edit/modern-slavery;/suppliers/frameworks/g-cloud-14/declaration/edit/modern-slavery;localhost:7100;504;0 Assertion failed;60;723;DMP-1.5-Dryrun;DMP 1.5 Supplier Registration - Working on AWS NFT#680 - Actions#1;
1706278412256;POST https://www.nft.marketplace.team/suppliers/frameworks/g-cloud-14/declaration/edit/providing-suitable-services;/suppliers/frameworks/g-cloud-14/declaration/edit/providing-suitable-services;;localhost:7100;504;0 Assertion failed;60;723;DMP-1.5-Dryrun;DMP 1.5 Supplier Registration - Working on AWS NFT#971 - Actions#1;
1706278413376;GET https://www.nft.marketplace.team/suppliers/frameworks/g-cloud-14/submissions/cloud-hosting/281287/edit/service-features-and-benefits/service-features-and-benefits;/suppliers/frameworks/g-cloud-14/submissions/cloud-hosting/281140/edit/service-features-and-ben;;localhost:7100;504;0 Assertion failed;60;723;DMP-1.5-Dryrun;DMP 1.5 Supplier Registration - Working on AWS NFT#391 - Actions#1;
1706278413697;GET https://www.nft.marketplace.team/suppliers/frameworks/g-cloud-14/submissions/cloud-hosting/281174/edit/analytics/metrics;/suppliers/frameworks/g-cloud-14/submissions/cloud-hosting/281140/edit/analytics/metrics;;localhost:7100;504;0 Assertion failed;60;761;DMP-1.5-Dryrun;DMP 1.5 Supplier Registration - Working on AWS NFT#122 - Actions#1;
1706278413969;POST https://www.nft.marketplace.team/suppliers/frameworks/g-cloud-14/submissions/cloud-hosting/281284/edit/service-scope/system-requirements;/suppliers/frameworks/g-cloud-14/submissions/cloud-hosting/281140/edit/service-scope/system-req;;localhost:7100;504;0 Assertion failed;60;723;DMP-1.5-Dryrun;DMP 1.5 Supplier Registration - Working on AWS NFT#527 - Actions#1;
1706278413977;POST https://www.nft.marketplace.team/suppliers/frameworks/g-cloud-14/declaration/edit/persons-with-significant-control;/suppliers/frameworks/g-cloud-14/declaration/edit/persons-with-significant-control;;localhost:7100;504;0 Assertion failed;60;723;DMP-1.5-Dryrun;DMP 1.5 Supplier Registration - Working on AWS NFT#887 - Actions#1;
1706278414019;POST https://www.nft.marketplace.team/suppliers/frameworks/g-cloud-14/declaration/edit/health-and-safety;/suppliers/frameworks/g-cloud-14/declaration/edit/health-and-safety;;localhost:7100;504;0 Assertion failed;60;723;DMP-1.5-Dryrun;DMP 1.5 Supplier Registration - Working on AWS NFT#519 - Actions#1;
1706278414222;GET https://www.nft.marketplace.team/suppliers/details;/suppliers/details;;localhost:7100;200;1 Assertion failed;8.27;32289;DMP-1.5-Dryrun;DMP 1.5 Supplier Registration - Working on AWS NFT#1030 - Actions#1;
1706278416816;POST https://www.nft.marketplace.team/suppliers/frameworks/g-cloud-14/declaration/edit/grounds-for-discretionary-exclusion;/suppliers/frameworks/g-cloud-14/declaration/edit/grounds-for-discretionary-exclusion;;localhost:7100;504;0 Assertion failed;60;723;DMP-1.5-Dryrun;DMP 1.5 Supplier Registration - Working on AWS NFT#750 - Actions#1;
1706278416834;POST https://www.nft.marketplace.team/suppliers/frameworks/g-cloud-14/declaration/edit/grounds-for-mandatory-exclusion-taxes;/suppliers/frameworks/g-cloud-14/declaration/edit/grounds-for-mandatory-exclusion-taxes;;localhost:7100;504;0 Assertion failed;60;761;DMP-1.5-Dryrun;DMP 1.5 Supplier Registration - Working on AWS NFT#730 - Actions#1;
1706278417087;GET https://www.nft.marketplace.team/suppliers/frameworks/g-cloud-14/submissions/cloud-hosting/281289/edit/service-features-and-benefits/service-features-and-benefits;/suppliers/frameworks/g-cloud-14/submissions/cloud-hosting/281140/edit/service-features-and-ben;;localhost:7100;504;0 Assertion failed;60;723;DMP-1.5-Dryrun;DMP 1.5 Supplier Registration - Working on AWS NFT#565 - Actions#1;
1706278417591;POST https://www.nft.marketplace.team/suppliers/frameworks/g-cloud-14/submissions/cloud-hosting/281126/edit/data-in-transit-protection/protection-within-your-network;/suppliers/frameworks/g-cloud-14/submissions/cloud-hosting/281140/edit/data-in-transit-protecti;;localhost:7100;504;0 Assertion failed;60;761;DMP-1.5-Dryrun;DMP 1.5 Supplier Registration - Working on AWS NFT#281 - Actions#1;
1706278418338;POST https://www.nft.marketplace.team/suppliers/frameworks/g-cloud-14/submissions/cloud-hosting/281147/edit/data-in-transit-protection/protection-between-networks;/suppliers/frameworks/g-cloud-14/submissions/cloud-hosting/281140/edit/data-in-transit-protecti;;localhost:7100;504;0 Assertion failed;60;723;DMP-1.5-Dryrun;DMP 1.5 Supplier Registration - Working on AWS NFT#303 - Actions#1;
1706278418380;GET https://www.nft.marketplace.team/suppliers/frameworks/g-cloud-14/declaration/start;/suppliers/frameworks/g-cloud-14/declaration/start;;localhost:7100;504;0 Assertion failed;60;761;DMP-1.5-Dryrun;DMP 1.5 Supplier Registration - Working on AWS NFT#996 - Actions#1;
1706278418575;POST https://www.nft.marketplace.team/suppliers/frameworks/g-cloud-14/declaration/edit/framework-award-form-details;/suppliers/frameworks/g-cloud-14/declaration/edit/framework-award-form-details;;localhost:7100;504;0 Assertion failed;60;723;DMP-1.5-Dryrun;DMP 1.5 Supplier Registration - Working on AWS NFT#449 - Actions#1;
1706278418647;GET https://www.nft.marketplace.team/suppliers/frameworks/g-cloud-14/declaration/edit/immediate-parent-company;/suppliers/frameworks/g-cloud-14/declaration/edit/persons-with-significant-control;/suppliers/frameworks/g-cloud-14/declaration/edit/persons-with-significant-control;localhost:7100;504;0 Assertion failed;60;723;DMP-1.5-Dryrun;DMP 1.5 Supplier Registration - Working on AWS NFT#878 - Actions#1;
1706278418855;GET https://www.nft.marketplace.team/suppliers/frameworks/g-cloud-14/submissions/cloud-hosting/280994/edit/standards-and-certifications/csa-star-certification;/suppliers/frameworks/g-cloud-14/submissions/cloud-hosting/281140/edit/standards-and-certificat;/suppliers/frameworks/g-cloud-14/submissions/cloud-hosting/${pServiceId}/edit/standards-and-certifications/iso-28000-2007-certification;localhost:7100;504;0 Assertion failed;60;723;DMP-1.5-Dryrun;DMP 1.5 Supplier Registration - Working on AWS NFT#115 - Actions#1;
1706278419022;POST https://www.nft.marketplace.team/suppliers/frameworks/g-cloud-14/declaration/edit/insurance-requirements;/suppliers/frameworks/g-cloud-14/declaration/edit/insurance-requirements;;localhost:7100;504;0 Assertion failed;60;723;DMP-1.5-Dryrun;DMP 1.5 Supplier Registration - Working on AWS NFT#41 - Actions#2;
1706278420724;POST https://www.nft.marketplace.team/suppliers/frameworks/g-cloud-14/declaration/edit/grounds-for-mandatory-exclusion;/suppliers/frameworks/g-cloud-14/declaration/edit/grounds-for-mandatory-exclusion;;localhost:7100;504;0 Assertion failed;60;723;DMP-1.5-Dryrun;DMP 1.5 Supplier Registration - Working on AWS NFT#761 - Actions#1;
1706278420751;POST https://www.nft.marketplace.team/suppliers/frameworks/g-cloud-14/submissions/cloud-hosting/281127/edit/asset-protection/data-storage-and-processing-locations;/suppliers/frameworks/g-cloud-14/submissions/cloud-hosting/281140/edit/asset-protection/data-st;;localhost:7100;504;0 Assertion failed;60;723;DMP-1.5-Dryrun;DMP 1.5 Supplier Registration - Working on AWS NFT#471 - Actions#1;
1706278421020;POST https://www.nft.marketplace.team/suppliers/frameworks/g-cloud-14/submissions/cloud-hosting/281255/edit/user-support/onsite-support;/suppliers/frameworks/g-cloud-14/submissions/cloud-hosting/281140/edit/user-support/onsite-supp;;localhost:7100;504;0 Assertion failed;60;723;DMP-1.5-Dryrun;DMP 1.5 Supplier Registration - Working on AWS NFT#438 - Actions#1;
1706278421257;GET https://www.nft.marketplace.team/suppliers/frameworks/g-cloud-14/submissions;/suppliers/frameworks/g-cloud-14/submissions;;localhost:7100;504;0 Assertion failed;60;723;DMP-1.5-Dryrun;DMP 1.5 Supplier Registration - Working on AWS NFT#439 - Actions#1;
1706278421294;GET https://www.nft.marketplace.team/suppliers/frameworks/g-cloud-14/declaration/edit/ultimate-parent-company;/suppliers/frameworks/g-cloud-14/declaration/edit/immediate-parent-company;/suppliers/frameworks/g-cloud-14/declaration/edit/immediate-parent-company;localhost:7100;504;0 Assertion failed;60;723;DMP-1.5-Dryrun;DMP 1.5 Supplier Registration - Working on AWS NFT#893 - Actions#1;
1706278421338;GET https://www.nft.marketplace.team/suppliers/frameworks/g-cloud-14/declaration/edit/health-and-safety;/suppliers/frameworks/g-cloud-14/declaration/edit/data-protection;/suppliers/frameworks/g-cloud-14/declaration/edit/data-protection;localhost:7100;504;0 Assertion failed;60;723;DMP-1.5-Dryrun;DMP 1.5 Supplier Registration - Working on AWS NFT#574 - Actions#1;
1706278421385;GET https://www.nft.marketplace.team/suppliers/details;/suppliers/details;;localhost:7100;504;0 Assertion failed;60;723;DMP-1.5-Dryrun;DMP 1.5 Supplier Registration - Working on AWS NFT#1023 - Actions#1;
1706278421715;GET https://www.nft.marketplace.team/suppliers/frameworks/g-cloud-14/declaration/edit/grounds-for-discretionary-exclusion;/suppliers/frameworks/g-cloud-14/declaration/edit/grounds-for-mandatory-exclusion-taxes;/suppliers/frameworks/g-cloud-14/declaration/edit/grounds-for-mandatory-exclusion-taxes;localhost:7100;504;0 Assertion failed;60;723;DMP-1.5-Dryrun;DMP 1.5 Supplier Registration - Working on AWS NFT#783 - Actions#1;
1706278421769;POST https://www.nft.marketplace.team/suppliers/frameworks/g-cloud-14/submissions/cloud-hosting/281042/edit/staff-security/government-security-clearances;/suppliers/frameworks/g-cloud-14/submissions/cloud-hosting/281140/edit/staff-security/governmen;;localhost:7100;504;0 Assertion failed;60;723;DMP-1.5-Dryrun;DMP 1.5 Supplier Registration - Working on AWS NFT#386 - Actions#1;
1706278422065;GET https://www.nft.marketplace.team/suppliers/frameworks/g-cloud-14/declaration/edit/health-and-safety;/suppliers/frameworks/g-cloud-14/declaration/edit/data-protection;/suppliers/frameworks/g-cloud-14/declaration/edit/data-protection;localhost:7100;504;0 Assertion failed;60;723;DMP-1.5-Dryrun;DMP 1.5 Supplier Registration - Working on AWS NFT#513 - Actions#1;
1706278422162;GET https://www.nft.marketplace.team/suppliers/frameworks/g-cloud-14/submissions/cloud-hosting/281226/edit/onboarding-and-offboarding/getting-started;/suppliers/frameworks/g-cloud-14/submissions/cloud-hosting/281140/edit/onboarding-and-offboardi;;localhost:7100;504;0 Assertion failed;60;723;DMP-1.5-Dryrun;DMP 1.5 Supplier Registration - Working on AWS NFT#411 - Actions#1;
1706278422246;POST https://www.nft.marketplace.team/suppliers/frameworks/g-cloud-14/submissions/service-type;/suppliers/frameworks/g-cloud-14/submissions/service-type;;localhost:7100;504;0 Assertion failed;60;761;DMP-1.5-Dryrun;DMP 1.5 Supplier Registration - Working on AWS NFT#415 - Actions#1;
1706278423259;POST https://www.nft.marketplace.team/suppliers/frameworks/g-cloud-14/declaration/edit/grounds-for-mandatory-exclusion-taxes;/suppliers/frameworks/g-cloud-14/declaration/edit/grounds-for-mandatory-exclusion-taxes;;localhost:7100;504;0 Assertion failed;60;723;DMP-1.5-Dryrun;DMP 1.5 Supplier Registration - Working on AWS NFT#642 - Actions#1;
1706278423550;POST https://www.nft.marketplace.team/suppliers/frameworks/g-cloud-14/declaration/edit/authorisation-or-organisation-legal-requirement;/suppliers/frameworks/g-cloud-14/declaration/edit/authorisation-or-organisation-legal-requireme;;localhost:7100;504;0 Assertion failed;60;723;DMP-1.5-Dryrun;DMP 1.5 Supplier Registration - Working on AWS NFT#836 - Actions#1;
1706278423554;POST https://www.nft.marketplace.team/suppliers/frameworks/g-cloud-14/declaration/edit/providing-suitable-services;/suppliers/frameworks/g-cloud-14/declaration/edit/providing-suitable-services;;localhost:7100;504;0 Assertion failed;60;723;DMP-1.5-Dryrun;DMP 1.5 Supplier Registration - Working on AWS NFT#959 - Actions#1;
1706278424130;POST https://www.nft.marketplace.team/suppliers/frameworks/g-cloud-14/declaration/edit/grounds-for-mandatory-exclusion;/suppliers/frameworks/g-cloud-14/declaration/edit/grounds-for-mandatory-exclusion;;localhost:7100;504;0 Assertion failed;60;761;DMP-1.5-Dryrun;DMP 1.5 Supplier Registration - Working on AWS NFT#746 - Actions#1;
1706278424541;GET https://www.nft.marketplace.team/suppliers/frameworks/g-cloud-14/declaration/edit/group-or-consortium;/suppliers/frameworks/g-cloud-14/declaration/edit/ultimate-parent-company;/suppliers/frameworks/g-cloud-14/declaration/edit/ultimate-parent-company;localhost:7100;504;0 Assertion failed;60;723;DMP-1.5-Dryrun;DMP 1.5 Supplier Registration - Working on AWS NFT#736 - Actions#1;
1706278425233;POST https://www.nft.marketplace.team/suppliers/frameworks/g-cloud-14/submissions/cloud-hosting/281238/edit/how-users-work-with-your-service/web-interface;/suppliers/frameworks/g-cloud-14/submissions/cloud-hosting/281140/edit/how-users-work-with-your;;localhost:7100;504;0 Assertion failed;60;723;DMP-1.5-Dryrun;DMP 1.5 Supplier Registration - Working on AWS NFT#466 - Actions#1;
1706278425308;POST https://www.nft.marketplace.team/suppliers/frameworks/g-cloud-14/declaration/edit/key-subcontractors;/suppliers/frameworks/g-cloud-14/declaration/edit/key-subcontractors;;localhost:7100;504;0 Assertion failed;60;723;DMP-1.5-Dryrun;DMP 1.5 Supplier Registration - Working on AWS NFT#790 - Actions#1;
1706278425574;POST https://www.nft.marketplace.team/suppliers/frameworks/g-cloud-14/submissions/cloud-hosting/281134/edit/asset-protection/datacentre-security-standards;/suppliers/frameworks/g-cloud-14/submissions/cloud-hosting/281140/edit/asset-protection/datacen;;localhost:7100;504;0 Assertion failed;60;723;DMP-1.5-Dryrun;DMP 1.5 Supplier Registration - Working on AWS NFT#91 - Actions#1;
1706278425671;POST https://www.nft.marketplace.team/suppliers/frameworks/g-cloud-14/declaration/edit/grounds-for-mandatory-exclusion;/suppliers/frameworks/g-cloud-14/declaration/edit/grounds-for-mandatory-exclusion;;localhost:7100;504;0 Assertion failed;60;723;DMP-1.5-Dryrun;DMP 1.5 Supplier Registration - Working on AWS NFT#792 - Actions#1;
1706278425698;GET https://www.nft.marketplace.team/suppliers/frameworks/g-cloud-14/declaration/edit/providing-suitable-services;/suppliers/frameworks/g-cloud-14/declaration/edit/providing-suitable-services;;localhost:7100;504;0 Assertion failed;60;723;DMP-1.5-Dryrun;DMP 1.5 Supplier Registration - Working on AWS NFT#983 - Actions#1;
1706278425855;GET https://www.nft.marketplace.team/suppliers/frameworks/g-cloud-14/submissions/cloud-hosting/281040/edit/operational-security/incident-management-approach;/suppliers/frameworks/g-cloud-14/submissions/cloud-hosting/281140/edit/operational-security/inc;/suppliers/frameworks/g-cloud-14/submissions/cloud-hosting/${pServiceId}/edit/operational-security/incident-management-type;localhost:7100;504;0 Assertion failed;60;723;DMP-1.5-Dryrun;DMP 1.5 Supplier Registration - Working on AWS NFT#374 - Actions#1;
1706278425876;POST https://www.nft.marketplace.team/suppliers/frameworks/g-cloud-14/submissions/cloud-hosting/281292/edit/about-your-service/service-description;/suppliers/frameworks/g-cloud-14/submissions/cloud-hosting/281140/edit/about-your-service/servi;;localhost:7100;504;0 Assertion failed;60;761;DMP-1.5-Dryrun;DMP 1.5 Supplier Registration - Working on AWS NFT#403 - Actions#1;
1706278426199;POST https://www.nft.marketplace.team/suppliers/frameworks/g-cloud-14/declaration/edit/grounds-for-mandatory-exclusion-taxes;/suppliers/frameworks/g-cloud-14/declaration/edit/grounds-for-mandatory-exclusion-taxes;;localhost:7100;504;0 Assertion failed;60;761;DMP-1.5-Dryrun;DMP 1.5 Supplier Registration - Working on AWS NFT#694 - Actions#1;
1706278426314;GET https://www.nft.marketplace.team/suppliers/frameworks/g-cloud-14/declaration/edit/key-subcontractors;/suppliers/frameworks/g-cloud-14/declaration/edit/group-or-consortium;/suppliers/frameworks/g-cloud-14/declaration/edit/group-or-consortium;localhost:7100;504;0 Assertion failed;60;723;DMP-1.5-Dryrun;DMP 1.5 Supplier Registration - Working on AWS NFT#793 - Actions#1;
1706278426790;POST https://www.nft.marketplace.team/suppliers/frameworks/g-cloud-14/declaration/edit/grounds-for-mandatory-exclusion-taxes;/suppliers/frameworks/g-cloud-14/declaration/edit/grounds-for-mandatory-exclusion-taxes;;localhost:7100;504;0 Assertion failed;60;723;DMP-1.5-Dryrun;DMP 1.5 Supplier Registration - Working on AWS NFT#99 - Actions#2;
1706278427214;POST https://www.nft.marketplace.team/suppliers/frameworks/g-cloud-14/declaration/edit/grounds-for-mandatory-exclusion-taxes;/suppliers/frameworks/g-cloud-14/declaration/edit/grounds-for-mandatory-exclusion-taxes;;localhost:7100;504;0 Assertion failed;60;723;DMP-1.5-Dryrun;DMP 1.5 Supplier Registration - Working on AWS NFT#695 - Actions#1;
1706278427260;POST https://www.nft.marketplace.team/suppliers/frameworks/g-cloud-14/submissions/cloud-hosting/281282/edit/service-scope/service-constraints;/suppliers/frameworks/g-cloud-14/submissions/cloud-hosting/281140/edit/service-scope/service-co;;localhost:7100;504;0 Assertion failed;60;761;DMP-1.5-Dryrun;DMP 1.5 Supplier Registration - Working on AWS NFT#343 - Actions#1;
1706278427272;POST https://www.nft.marketplace.team/suppliers/frameworks/g-cloud-14/declaration/edit/authorisation-or-organisation-legal-requirement;/suppliers/frameworks/g-cloud-14/declaration/edit/authorisation-or-organisation-legal-requireme;;localhost:7100;504;0 Assertion failed;60;723;DMP-1.5-Dryrun;DMP 1.5 Supplier Registration - Working on AWS NFT#850 - Actions#1;
1706278428229;GET https://www.nft.marketplace.team/suppliers/frameworks/g-cloud-14/declaration/edit/key-subcontractors;/suppliers/frameworks/g-cloud-14/declaration/edit/group-or-consortium;/suppliers/frameworks/g-cloud-14/declaration/edit/group-or-consortium;localhost:7100;504;0 Assertion failed;60;723;DMP-1.5-Dryrun;DMP 1.5 Supplier Registration - Working on AWS NFT#726 - Actions#1;
1706278428504;GET https://www.nft.marketplace.team/suppliers/frameworks/g-cloud-14/submissions/cloud-hosting/281016;/suppliers/frameworks/g-cloud-14/submissions/cloud-hosting/281140/edit/audit-information-for-us;/suppliers/frameworks/g-cloud-14/submissions/cloud-hosting/${pServiceId}/edit/audit-information-for-users/how-long-system-logs-stored;localhost:7100;504;0 Assertion failed;60;723;DMP-1.5-Dryrun;DMP 1.5 Supplier Registration - Working on AWS NFT#154 - Actions#1;
1706278428510;POST https://www.nft.marketplace.team/suppliers/frameworks/g-cloud-14/submissions/cloud-hosting/281249/edit/how-users-work-with-your-service/web-interface;/suppliers/frameworks/g-cloud-14/submissions/cloud-hosting/281140/edit/how-users-work-with-your;;localhost:7100;504;0 Assertion failed;60;723;DMP-1.5-Dryrun;DMP 1.5 Supplier Registration - Working on AWS NFT#252 - Actions#1;
1706278428533;GET https://www.nft.marketplace.team/suppliers/frameworks/g-cloud-14/declaration/edit/grounds-for-mandatory-exclusion;/suppliers/frameworks/g-cloud-14/declaration/edit/key-subcontractors;/suppliers/frameworks/g-cloud-14/declaration/edit/key-subcontractors;localhost:7100;504;0 Assertion failed;60;723;DMP-1.5-Dryrun;DMP 1.5 Supplier Registration - Working on AWS NFT#639 - Actions#1;
1706278428921;POST https://www.nft.marketplace.team/suppliers/frameworks/g-cloud-14/declaration/edit/authorisation-or-organisation-legal-requirement;/suppliers/frameworks/g-cloud-14/declaration/edit/authorisation-or-organisation-legal-requireme;;localhost:7100;504;0 Assertion failed;60;723;DMP-1.5-Dryrun;DMP 1.5 Supplier Registration - Working on AWS NFT#868 - Actions#1;
1706278430018;POST https://www.nft.marketplace.team/suppliers/frameworks/g-cloud-14/declaration/edit/grounds-for-mandatory-exclusion-taxes;/suppliers/frameworks/g-cloud-14/declaration/edit/grounds-for-mandatory-exclusion-taxes;;localhost:7100;504;0 Assertion failed;60;723;DMP-1.5-Dryrun;DMP 1.5 Supplier Registration - Working on AWS NFT#751 - Actions#1;
1706278430991;GET https://www.nft.marketplace.team/suppliers/frameworks/g-cloud-14/submissions/cloud-hosting/281013/edit/standards-and-certifications/csa-star-certification;/suppliers/frameworks/g-cloud-14/submissions/cloud-hosting/281140/edit/standards-and-certificat;/suppliers/frameworks/g-cloud-14/submissions/cloud-hosting/${pServiceId}/edit/standards-and-certifications/iso-28000-2007-certification;localhost:7100;504;0 Assertion failed;60;723;DMP-1.5-Dryrun;DMP 1.5 Supplier Registration - Working on AWS NFT#142 - Actions#1;
1706278431758;GET https://www.nft.marketplace.team/suppliers/frameworks/g-cloud-14/declaration/edit/persons-with-significant-control;/suppliers/frameworks/g-cloud-14/declaration/edit/authorisation-or-organisation-legal-requireme;/suppliers/frameworks/g-cloud-14/declaration/edit/authorisation-or-organisation-legal-requirement;localhost:7100;504;0 Assertion failed;60;761;DMP-1.5-Dryrun;DMP 1.5 Supplier Registration - Working on AWS NFT#938 - Actions#1;
1706278433804;GET https://www.nft.marketplace.team/suppliers/frameworks/g-cloud-14/declaration/edit/insurance-requirements;/suppliers/frameworks/g-cloud-14/declaration/edit/value-added-tax;/suppliers/frameworks/g-cloud-14/declaration/edit/value-added-tax;localhost:7100;504;0 Assertion failed;60;723;DMP-1.5-Dryrun;DMP 1.5 Supplier Registration - Working on AWS NFT#74 - Actions#2;
1706278433833;GET https://www.nft.marketplace.team/suppliers/frameworks/g-cloud-14/declaration/edit/providing-suitable-services;/suppliers/frameworks/g-cloud-14/declaration/edit/providing-suitable-services;;localhost:7100;504;0 Assertion failed;60;761;DMP-1.5-Dryrun;DMP 1.5 Supplier Registration - Working on AWS NFT#972 - Actions#1;
1706278434267;POST https://www.nft.marketplace.team/suppliers/frameworks/g-cloud-14/declaration/edit/ultimate-parent-company;/suppliers/frameworks/g-cloud-14/declaration/edit/ultimate-parent-company;;localhost:7100;504;0 Assertion failed;60;723;DMP-1.5-Dryrun;DMP 1.5 Supplier Registration - Working on AWS NFT#840 - Actions#1;
1706278434669;POST https://www.nft.marketplace.team/suppliers/frameworks/g-cloud-14/declaration/edit/authorisation-or-organisation-legal-requirement;/suppliers/frameworks/g-cloud-14/declaration/edit/authorisation-or-organisation-legal-requireme;;localhost:7100;504;0 Assertion failed;60;723;DMP-1.5-Dryrun;DMP 1.5 Supplier Registration - Working on AWS NFT#951 - Actions#1;
1706278435305;GET https://www.nft.marketplace.team/suppliers/frameworks/g-cloud-14/declaration/reuse;/suppliers/frameworks/g-cloud-14/declaration/reuse;;localhost:7100;504;0 Assertion failed;60;723;DMP-1.5-Dryrun;DMP 1.5 Supplier Registration - Working on AWS NFT#991 - Actions#1;
1706278435660;POST https://www.nft.marketplace.team/suppliers/frameworks/g-cloud-14/declaration/edit/ultimate-parent-company;/suppliers/frameworks/g-cloud-14/declaration/edit/ultimate-parent-company;;localhost:7100;504;0 Assertion failed;60;723;DMP-1.5-Dryrun;DMP 1.5 Supplier Registration - Working on AWS NFT#866 - Actions#1;
1706278436976;GET https://www.nft.marketplace.team/suppliers/frameworks/g-cloud-14/declaration/edit/immediate-parent-company;/suppliers/frameworks/g-cloud-14/declaration/edit/persons-with-significant-control;/suppliers/frameworks/g-cloud-14/declaration/edit/persons-with-significant-control;localhost:7100;504;0 Assertion failed;60;723;DMP-1.5-Dryrun;DMP 1.5 Supplier Registration - Working on AWS NFT#899 - Actions#1;
1706278437372;GET https://www.nft.marketplace.team/suppliers/frameworks/g-cloud-14/submissions/cloud-hosting/281009/edit/standards-and-certifications/pci-certification;/suppliers/frameworks/g-cloud-14/submissions/cloud-hosting/281140/edit/standards-and-certificat;/suppliers/frameworks/g-cloud-14/submissions/cloud-hosting/${pServiceId}/edit/standards-and-certifications/csa-star-certification;localhost:7100;504;0 Assertion failed;60;723;DMP-1.5-Dryrun;DMP 1.5 Supplier Registration - Working on AWS NFT#136 - Actions#1;
1706278439116;GET https://www.nft.marketplace.team/suppliers/frameworks/g-cloud-14/declaration/edit/persons-with-significant-control;/suppliers/frameworks/g-cloud-14/declaration/edit/authorisation-or-organisation-legal-requireme;/suppliers/frameworks/g-cloud-14/declaration/edit/authorisation-or-organisation-legal-requirement;localhost:7100;504;0 Assertion failed;60;723;DMP-1.5-Dryrun;DMP 1.5 Supplier Registration - Working on AWS NFT#903 - Actions#1;
1706278440184;POST https://www.nft.marketplace.team/suppliers/frameworks/g-cloud-14/declaration/edit/persons-with-significant-control;/suppliers/frameworks/g-cloud-14/declaration/edit/persons-with-significant-control;;localhost:7100;504;0 Assertion failed;60;723;DMP-1.5-Dryrun;DMP 1.5 Supplier Registration - Working on AWS NFT#833 - Actions#1;
1706278441681;GET https://www.nft.marketplace.team/suppliers/frameworks/g-cloud-14/submissions/cloud-hosting/281081/edit/availability-and-resilience/outage-reporting;/suppliers/frameworks/g-cloud-14/submissions/cloud-hosting/281140/edit/availability-and-resilie;/suppliers/frameworks/g-cloud-14/submissions/cloud-hosting/${pServiceId}/edit/availability-and-resilience/approach-to-resilience;localhost:7100;504;0 Assertion failed;60;723;DMP-1.5-Dryrun;DMP 1.5 Supplier Registration - Working on AWS NFT#233 - Actions#1;
1706278442228;GET https://www.nft.marketplace.team/suppliers/frameworks/g-cloud-14/declaration/edit/persons-with-significant-control;/suppliers/frameworks/g-cloud-14/declaration/edit/authorisation-or-organisation-legal-requireme;/suppliers/frameworks/g-cloud-14/declaration/edit/authorisation-or-organisation-legal-requirement;localhost:7100;504;0 Assertion failed;60;723;DMP-1.5-Dryrun;DMP 1.5 Supplier Registration - Working on AWS NFT#835 - Actions#1;
1706278443685;GET https://www.nft.marketplace.team/suppliers/frameworks/g-cloud-14/declaration/edit/contact-details;/suppliers/frameworks/g-cloud-14/declaration/edit/declaration-of-accuracy-and-understanding;/suppliers/frameworks/g-cloud-14/declaration/edit/declaration-of-accuracy-and-understanding;localhost:7100;504;0 Assertion failed;60;723;DMP-1.5-Dryrun;DMP 1.5 Supplier Registration - Working on AWS NFT#588 - Actions#1;
1706278446195;POST https://www.nft.marketplace.team/suppliers/frameworks/g-cloud-14/declaration/edit/grounds-for-discretionary-exclusion;/suppliers/frameworks/g-cloud-14/declaration/edit/grounds-for-discretionary-exclusion;;localhost:7100;504;0 Assertion failed;60;723;DMP-1.5-Dryrun;DMP 1.5 Supplier Registration - Working on AWS NFT#753 - Actions#1;
1706278446576;GET https://www.nft.marketplace.team/suppliers/frameworks/g-cloud-14/declaration/edit/persons-with-significant-control;/suppliers/frameworks/g-cloud-14/declaration/edit/authorisation-or-organisation-legal-requireme;/suppliers/frameworks/g-cloud-14/declaration/edit/authorisation-or-organisation-legal-requirement;localhost:7100;504;0 Assertion failed;60;723;DMP-1.5-Dryrun;DMP 1.5 Supplier Registration - Working on AWS NFT#860 - Actions#1;
1706278447525;GET https://www.nft.marketplace.team/suppliers/details;/suppliers/details;;localhost:7100;200;1 Assertion failed;11.3;32182;DMP-1.5-Dryrun;DMP 1.5 Supplier Registration - Working on AWS NFT#1057 - Actions#1;
1706278454276;GET https://www.nft.marketplace.team/suppliers/details;/suppliers/details;;localhost:7100;200;1 Assertion failed;25.4;31949;DMP-1.5-Dryrun;DMP 1.5 Supplier Registration - Working on AWS NFT#1049 - Actions#1;
1706278477165;GET https://www.nft.marketplace.team/suppliers/details;/suppliers/details;;localhost:7100;200;1 Assertion failed;30.6;32197;DMP-1.5-Dryrun;DMP 1.5 Supplier Registration - Working on AWS NFT#1149 - Actions#1;
1706278581288;GET https://www.nft.marketplace.team/suppliers/frameworks/g-cloud-14/declaration/edit/grounds-for-mandatory-exclusion-taxes;/suppliers/frameworks/g-cloud-14/declaration/edit/grounds-for-mandatory-exclusion;/suppliers/frameworks/g-cloud-14/declaration/edit/grounds-for-mandatory-exclusion;localhost:7100;504;0 Assertion failed;60;723;DMP-1.5-Dryrun;DMP 1.5 Supplier Registration - Working on AWS NFT#944 - Actions#1;
1706278581358;GET https://www.nft.marketplace.team/suppliers/frameworks/g-cloud-14/declaration/edit/key-subcontractors;/suppliers/frameworks/g-cloud-14/declaration/edit/group-or-consortium;/suppliers/frameworks/g-cloud-14/declaration/edit/group-or-consortium;localhost:7100;504;0 Assertion failed;60;761;DMP-1.5-Dryrun;DMP 1.5 Supplier Registration - Working on AWS NFT#910 - Actions#1;
1706278582029;POST https://www.nft.marketplace.team/suppliers/frameworks/g-cloud-14/declaration/edit/ultimate-parent-company;/suppliers/frameworks/g-cloud-14/declaration/edit/ultimate-parent-company;;localhost:7100;504;0 Assertion failed;60;723;DMP-1.5-Dryrun;DMP 1.5 Supplier Registration - Working on AWS NFT#940 - Actions#1;
1706278582311;GET https://www.nft.marketplace.team/suppliers/frameworks/g-cloud-14/submissions/cloud-hosting/281271/edit/user-support/support-levels;/suppliers/frameworks/g-cloud-14/submissions/cloud-hosting/281140/edit/user-support/onsite-supp;/suppliers/frameworks/g-cloud-14/submissions/cloud-hosting/${pServiceId}/edit/user-support/onsite-support;localhost:7100;504;0 Assertion failed;60;723;DMP-1.5-Dryrun;DMP 1.5 Supplier Registration - Working on AWS NFT#472 - Actions#1;
1706278582389;POST https://www.nft.marketplace.team/suppliers/frameworks/g-cloud-14/declaration/edit/providing-suitable-services;/suppliers/frameworks/g-cloud-14/declaration/edit/providing-suitable-services;;localhost:7100;504;0 Assertion failed;60;723;DMP-1.5-Dryrun;DMP 1.5 Supplier Registration - Working on AWS NFT#1035 - Actions#1;
1706278582533;GET https://www.nft.marketplace.team/suppliers/frameworks/g-cloud-14/declaration/start;/suppliers/frameworks/g-cloud-14/declaration/start;;localhost:7100;504;0 Assertion failed;60;761;DMP-1.5-Dryrun;DMP 1.5 Supplier Registration - Working on AWS NFT#1167 - Actions#1;
1706278582615;POST https://www.nft.marketplace.team/suppliers/frameworks/g-cloud-14/declaration/edit/grounds-for-mandatory-exclusion-taxes;/suppliers/frameworks/g-cloud-14/declaration/edit/grounds-for-mandatory-exclusion-taxes;;localhost:7100;504;0 Assertion failed;60;723;DMP-1.5-Dryrun;DMP 1.5 Supplier Registration - Working on AWS NFT#844 - Actions#1;
1706278582684;POST https://www.nft.marketplace.team/suppliers/frameworks/g-cloud-14/declaration/edit/authorisation-or-organisation-legal-requirement;/suppliers/frameworks/g-cloud-14/declaration/edit/authorisation-or-organisation-legal-requireme;;localhost:7100;504;0 Assertion failed;60;723;DMP-1.5-Dryrun;DMP 1.5 Supplier Registration - Working on AWS NFT#958 - Actions#1;
1706278582715;GET https://www.nft.marketplace.team/suppliers/frameworks/g-cloud-14/declaration/start;/suppliers/frameworks/g-cloud-14/declaration/start;;localhost:7100;504;0 Assertion failed;60;761;DMP-1.5-Dryrun;DMP 1.5 Supplier Registration - Working on AWS NFT#1144 - Actions#1;
1706278582716;POST https://www.nft.marketplace.team/suppliers/frameworks/g-cloud-14/declaration/edit/persons-with-significant-control;/suppliers/frameworks/g-cloud-14/declaration/edit/persons-with-significant-control;;localhost:7100;504;0 Assertion failed;60;723;DMP-1.5-Dryrun;DMP 1.5 Supplier Registration - Working on AWS NFT#989 - Actions#1;
1706278582756;GET https://www.nft.marketplace.team/suppliers/frameworks/g-cloud-14/declaration/edit/modern-slavery;/suppliers/frameworks/g-cloud-14/declaration/edit/grounds-for-discretionary-exclusion;/suppliers/frameworks/g-cloud-14/declaration/edit/grounds-for-discretionary-exclusion;localhost:7100;504;0 Assertion failed;60;723;DMP-1.5-Dryrun;DMP 1.5 Supplier Registration - Working on AWS NFT#768 - Actions#1;
1706278583403;GET https://www.nft.marketplace.team/suppliers/frameworks/g-cloud-14;/suppliers/details;/suppliers/details;localhost:7100;504;0 Assertion failed;60;723;DMP-1.5-Dryrun;DMP 1.5 Supplier Registration - Working on AWS NFT#1156 - Actions#1;
1706278583666;POST https://www.nft.marketplace.team/suppliers/frameworks/g-cloud-14/declaration/edit/key-subcontractors;/suppliers/frameworks/g-cloud-14/declaration/edit/key-subcontractors;;localhost:7100;504;0 Assertion failed;60;723;DMP-1.5-Dryrun;DMP 1.5 Supplier Registration - Working on AWS NFT#851 - Actions#1;
1706278584232;GET https://www.nft.marketplace.team/suppliers/frameworks/g-cloud-14/declaration/edit/key-subcontractors;/suppliers/frameworks/g-cloud-14/declaration/edit/group-or-consortium;/suppliers/frameworks/g-cloud-14/declaration/edit/group-or-consortium;localhost:7100;504;0 Assertion failed;60;723;DMP-1.5-Dryrun;DMP 1.5 Supplier Registration - Working on AWS NFT#906 - Actions#1;
1706278584334;POST https://www.nft.marketplace.team/suppliers/frameworks/g-cloud-14/declaration/edit/authorisation-or-organisation-legal-requirement;/suppliers/frameworks/g-cloud-14/declaration/edit/authorisation-or-organisation-legal-requireme;;localhost:7100;504;0 Assertion failed;60;723;DMP-1.5-Dryrun;DMP 1.5 Supplier Registration - Working on AWS NFT#1020 - Actions#1;
1706278584395;GET https://www.nft.marketplace.team/suppliers/frameworks/g-cloud-14/declaration/start;/suppliers/frameworks/g-cloud-14/declaration/start;;localhost:7100;504;0 Assertion failed;60;761;DMP-1.5-Dryrun;DMP 1.5 Supplier Registration - Working on AWS NFT#1129 - Actions#1;
1706278584561;POST https://www.nft.marketplace.team/suppliers/frameworks/g-cloud-14/declaration/edit/authorisation-or-organisation-legal-requirement;/suppliers/frameworks/g-cloud-14/declaration/edit/authorisation-or-organisation-legal-requireme;;localhost:7100;504;0 Assertion failed;60;723;DMP-1.5-Dryrun;DMP 1.5 Supplier Registration - Working on AWS NFT#1025 - Actions#1;
1706278584634;GET https://www.nft.marketplace.team/suppliers/frameworks/g-cloud-14/declaration/edit/grounds-for-mandatory-exclusion;/suppliers/frameworks/g-cloud-14/declaration/edit/key-subcontractors;/suppliers/frameworks/g-cloud-14/declaration/edit/key-subcontractors;localhost:7100;504;0 Assertion failed;60;723;DMP-1.5-Dryrun;DMP 1.5 Supplier Registration - Working on AWS NFT#830 - Actions#1;
1706278585178;POST https://www.nft.marketplace.team/suppliers/frameworks/g-cloud-14/declaration/edit/group-or-consortium;/suppliers/frameworks/g-cloud-14/declaration/edit/group-or-consortium;;localhost:7100;504;0 Assertion failed;60;723;DMP-1.5-Dryrun;DMP 1.5 Supplier Registration - Working on AWS NFT#841 - Actions#1;
1706278585348;POST https://www.nft.marketplace.team/suppliers/frameworks/g-cloud-14/declaration/edit/working-with-government;/suppliers/frameworks/g-cloud-14/declaration/edit/working-with-government;;localhost:7100;504;0 Assertion failed;60;723;DMP-1.5-Dryrun;DMP 1.5 Supplier Registration - Working on AWS NFT#660 - Actions#1;
1706278585378;GET https://www.nft.marketplace.team/suppliers/frameworks/g-cloud-14/declaration/start;/suppliers/frameworks/g-cloud-14/declaration/start;;localhost:7100;504;0 Assertion failed;60;723;DMP-1.5-Dryrun;DMP 1.5 Supplier Registration - Working on AWS NFT#1076 - Actions#1;
1706278585732;GET https://www.nft.marketplace.team/suppliers/frameworks/g-cloud-14/declaration/start;/suppliers/frameworks/g-cloud-14/declaration/start;;localhost:7100;504;0 Assertion failed;60;723;DMP-1.5-Dryrun;DMP 1.5 Supplier Registration - Working on AWS NFT#1204 - Actions#1;
1706278585834;GET https://www.nft.marketplace.team/suppliers/frameworks/g-cloud-14/declaration/start;/suppliers/frameworks/g-cloud-14/declaration/start;;localhost:7100;504;0 Assertion failed;60;723;DMP-1.5-Dryrun;DMP 1.5 Supplier Registration - Working on AWS NFT#1098 - Actions#1;
1706278586034;POST https://www.nft.marketplace.team/suppliers/details;/suppliers/details;/suppliers/details;localhost:7100;504;0 Assertion failed;60;723;DMP-1.5-Dryrun;DMP 1.5 Supplier Registration - Working on AWS NFT#1213 - Actions#1;
1706278586042;POST https://www.nft.marketplace.team/suppliers/frameworks/g-cloud-14/declaration/edit/persons-with-significant-control;/suppliers/frameworks/g-cloud-14/declaration/edit/persons-with-significant-control;;localhost:7100;504;0 Assertion failed;60;723;DMP-1.5-Dryrun;DMP 1.5 Supplier Registration - Working on AWS NFT#964 - Actions#1;
1706278586274;POST https://www.nft.marketplace.team/suppliers/frameworks/g-cloud-14/declaration/edit/modern-slavery;/suppliers/frameworks/g-cloud-14/declaration/edit/modern-slavery;;localhost:7100;504;0 Assertion failed;60;723;DMP-1.5-Dryrun;DMP 1.5 Supplier Registration - Working on AWS NFT#657 - Actions#1;
1706278586656;GET https://www.nft.marketplace.team/suppliers/frameworks/g-cloud-14/declaration/edit/authorisation-or-organisation-legal-requirement;/suppliers/frameworks/g-cloud-14/declaration/edit/what-it-means-to-be-on-g-cloud-14;/suppliers/frameworks/g-cloud-14/declaration/edit/what-it-means-to-be-on-g-cloud-14;localhost:7100;504;0 Assertion failed;60;723;DMP-1.5-Dryrun;DMP 1.5 Supplier Registration - Working on AWS NFT#1006 - Actions#1;
1706278586750;POST https://www.nft.marketplace.team/suppliers/frameworks/g-cloud-14/declaration/edit/value-added-tax;/suppliers/frameworks/g-cloud-14/declaration/edit/value-added-tax;;localhost:7100;504;0 Assertion failed;60;723;DMP-1.5-Dryrun;DMP 1.5 Supplier Registration - Working on AWS NFT#735 - Actions#1;
1706278586872;GET https://www.nft.marketplace.team/suppliers/frameworks/g-cloud-14/submissions/cloud-hosting/281056/edit/operational-security/incident-management-approach;/suppliers/frameworks/g-cloud-14/submissions/cloud-hosting/281140/edit/operational-security/inc;/suppliers/frameworks/g-cloud-14/submissions/cloud-hosting/${pServiceId}/edit/operational-security/incident-management-type;localhost:7100;504;0 Assertion failed;60;761;DMP-1.5-Dryrun;DMP 1.5 Supplier Registration - Working on AWS NFT#419 - Actions#1;
1706278587336;GET https://www.nft.marketplace.team/suppliers/frameworks/g-cloud-14/declaration/start;/suppliers/frameworks/g-cloud-14/declaration/start;;localhost:7100;504;0 Assertion failed;60;761;DMP-1.5-Dryrun;DMP 1.5 Supplier Registration - Working on AWS NFT#1130 - Actions#1;
1706278587694;GET https://www.nft.marketplace.team/suppliers/frameworks/g-cloud-14/declaration/edit/authorisation-or-organisation-legal-requirement;/suppliers/frameworks/g-cloud-14/declaration/edit/what-it-means-to-be-on-g-cloud-14;/suppliers/frameworks/g-cloud-14/declaration/edit/what-it-means-to-be-on-g-cloud-14;localhost:7100;504;0 Assertion failed;60;723;DMP-1.5-Dryrun;DMP 1.5 Supplier Registration - Working on AWS NFT#967 - Actions#1;
1706278587711;GET https://www.nft.marketplace.team/suppliers/frameworks/g-cloud-14/declaration/edit/providing-suitable-services;/suppliers/frameworks/g-cloud-14/declaration/edit/providing-suitable-services;;localhost:7100;504;0 Assertion failed;60;723;DMP-1.5-Dryrun;DMP 1.5 Supplier Registration - Working on AWS NFT#1081 - Actions#1;
1706278587859;POST https://www.nft.marketplace.team/suppliers/details;/suppliers/details;/suppliers/details;localhost:7100;504;0 Assertion failed;60;723;DMP-1.5-Dryrun;DMP 1.5 Supplier Registration - Working on AWS NFT#1182 - Actions#1;
1706278587885;POST https://www.nft.marketplace.team/suppliers/frameworks/g-cloud-14/submissions/cloud-hosting/281293/edit/service-features-and-benefits/service-features-and-benefits;/suppliers/frameworks/g-cloud-14/submissions/cloud-hosting/281140/edit/service-features-and-ben;;localhost:7100;504;0 Assertion failed;60;723;DMP-1.5-Dryrun;DMP 1.5 Supplier Registration - Working on AWS NFT#567 - Actions#1;
1706278588057;POST https://www.nft.marketplace.team/suppliers/frameworks/g-cloud-14/declaration/edit/providing-suitable-services;/suppliers/frameworks/g-cloud-14/declaration/edit/providing-suitable-services;;localhost:7100;504;0 Assertion failed;60;723;DMP-1.5-Dryrun;DMP 1.5 Supplier Registration - Working on AWS NFT#1047 - Actions#1;
1706278588537;GET https://www.nft.marketplace.team/suppliers/frameworks/g-cloud-14/declaration/reuse;/suppliers/frameworks/g-cloud-14/declaration/reuse;;localhost:7100;504;0 Assertion failed;60;723;DMP-1.5-Dryrun;DMP 1.5 Supplier Registration - Working on AWS NFT#1178 - Actions#1;
1706278588667;GET https://www.nft.marketplace.team/suppliers/frameworks/g-cloud-14/submissions/cloud-hosting/281185/edit/scaling/usage-notifications;/suppliers/frameworks/g-cloud-14/submissions/cloud-hosting/281140/edit/scaling/independence-of-;/suppliers/frameworks/g-cloud-14/submissions/cloud-hosting/${pServiceId}/edit/scaling/independence-of-resources;localhost:7100;504;0 Assertion failed;60;761;DMP-1.5-Dryrun;DMP 1.5 Supplier Registration - Working on AWS NFT#312 - Actions#1;
1706278589414;GET https://www.nft.marketplace.team/suppliers/frameworks/g-cloud-14/declaration/start;/suppliers/frameworks/g-cloud-14/declaration/start;;localhost:7100;504;0 Assertion failed;60;723;DMP-1.5-Dryrun;DMP 1.5 Supplier Registration - Working on AWS NFT#1106 - Actions#1;
1706278589416;POST https://www.nft.marketplace.team/suppliers/details;/suppliers/details;/suppliers/details;localhost:7100;504;0 Assertion failed;60;723;DMP-1.5-Dryrun;DMP 1.5 Supplier Registration - Working on AWS NFT#1195 - Actions#1;
1706278589437;POST https://www.nft.marketplace.team/suppliers/frameworks/g-cloud-14/declaration/edit/authorisation-or-organisation-legal-requirement;/suppliers/frameworks/g-cloud-14/declaration/edit/authorisation-or-organisation-legal-requireme;;localhost:7100;504;0 Assertion failed;60;723;DMP-1.5-Dryrun;DMP 1.5 Supplier Registration - Working on AWS NFT#963 - Actions#1;
1706278589484;GET https://www.nft.marketplace.team/suppliers/frameworks/g-cloud-14/declaration;/suppliers/frameworks/g-cloud-14/declaration/edit/contact-details;/suppliers/frameworks/g-cloud-14/declaration/edit/contact-details;localhost:7100;504;0 Assertion failed;60;723;DMP-1.5-Dryrun;DMP 1.5 Supplier Registration - Working on AWS NFT#578 - Actions#1;
1706278589540;GET https://www.nft.marketplace.team/suppliers/frameworks/g-cloud-14/submissions/cloud-hosting/280987;/suppliers/frameworks/g-cloud-14/submissions/cloud-hosting/281140/edit/energy-efficiency/energy;/suppliers/frameworks/g-cloud-14/submissions/cloud-hosting/${pServiceId}/edit/energy-efficiency/energy-efficiency;localhost:7100;504;0 Assertion failed;60;761;DMP-1.5-Dryrun;DMP 1.5 Supplier Registration - Working on AWS NFT#299 - Actions#1;
1706278589747;POST https://www.nft.marketplace.team/suppliers/frameworks/g-cloud-14/declaration/edit/economic-and-financial-standing;/suppliers/frameworks/g-cloud-14/declaration/edit/economic-and-financial-standing;;localhost:7100;504;0 Assertion failed;60;761;DMP-1.5-Dryrun;DMP 1.5 Supplier Registration - Working on AWS NFT#745 - Actions#1;
1706278590358;POST https://www.nft.marketplace.team/suppliers/frameworks/g-cloud-14/declaration/edit/working-with-government;/suppliers/frameworks/g-cloud-14/declaration/edit/working-with-government;;localhost:7100;504;0 Assertion failed;60;723;DMP-1.5-Dryrun;DMP 1.5 Supplier Registration - Working on AWS NFT#699 - Actions#1;
1706278590692;POST https://www.nft.marketplace.team/suppliers/frameworks/g-cloud-14/declaration/edit/authorisation-or-organisation-legal-requirement;/suppliers/frameworks/g-cloud-14/declaration/edit/authorisation-or-organisation-legal-requireme;;localhost:7100;504;0 Assertion failed;60;723;DMP-1.5-Dryrun;DMP 1.5 Supplier Registration - Working on AWS NFT#986 - Actions#1;
1706278590865;POST https://www.nft.marketplace.team/suppliers/frameworks/g-cloud-14/declaration/edit/contracts-finder;/suppliers/frameworks/g-cloud-14/declaration/edit/contracts-finder;;localhost:7100;504;0 Assertion failed;60;723;DMP-1.5-Dryrun;DMP 1.5 Supplier Registration - Working on AWS NFT#621 - Actions#1;
1706278591062;GET https://www.nft.marketplace.team/suppliers/frameworks/g-cloud-14/declaration/reuse;/suppliers/frameworks/g-cloud-14/declaration/reuse;;localhost:7100;504;0 Assertion failed;60;723;DMP-1.5-Dryrun;DMP 1.5 Supplier Registration - Working on AWS NFT#1070 - Actions#1;
1706278591697;POST https://www.nft.marketplace.team/suppliers/details;/suppliers/details;/suppliers/details;localhost:7100;504;0 Assertion failed;60;723;DMP-1.5-Dryrun;DMP 1.5 Supplier Registration - Working on AWS NFT#1193 - Actions#1;
1706278593001;GET https://www.nft.marketplace.team/suppliers/frameworks/g-cloud-14/submissions/cloud-hosting/281107;/suppliers/frameworks/g-cloud-14/submissions/cloud-hosting/281140/edit/availability-and-resilie;/suppliers/frameworks/g-cloud-14/submissions/cloud-hosting/${pServiceId}/edit/availability-and-resilience/outage-reporting;localhost:7100;504;0 Assertion failed;60;723;DMP-1.5-Dryrun;DMP 1.5 Supplier Registration - Working on AWS NFT#456 - Actions#1;
1706278594091;GET https://www.nft.marketplace.team/suppliers/frameworks/g-cloud-14/declaration/reuse;/suppliers/frameworks/g-cloud-14/declaration/reuse;;localhost:7100;504;0 Assertion failed;60;761;DMP-1.5-Dryrun;DMP 1.5 Supplier Registration - Working on AWS NFT#1034 - Actions#1;
1706278594101;GET https://www.nft.marketplace.team/suppliers/frameworks/g-cloud-14/declaration/edit/grounds-for-discretionary-exclusion;/suppliers/frameworks/g-cloud-14/declaration/edit/grounds-for-mandatory-exclusion-taxes;/suppliers/frameworks/g-cloud-14/declaration/edit/grounds-for-mandatory-exclusion-taxes;localhost:7100;504;0 Assertion failed;60;723;DMP-1.5-Dryrun;DMP 1.5 Supplier Registration - Working on AWS NFT#929 - Actions#1;
1706278594271;POST https://www.nft.marketplace.team/suppliers/details;/suppliers/details;/suppliers/details;localhost:7100;504;0 Assertion failed;60;723;DMP-1.5-Dryrun;DMP 1.5 Supplier Registration - Working on AWS NFT#1214 - Actions#1;
1706278594739;POST https://www.nft.marketplace.team/suppliers/frameworks/g-cloud-14/declaration/edit/economic-and-financial-standing;/suppliers/frameworks/g-cloud-14/declaration/edit/economic-and-financial-standing;;localhost:7100;504;0 Assertion failed;60;723;DMP-1.5-Dryrun;DMP 1.5 Supplier Registration - Working on AWS NFT#674 - Actions#1;
1706278595408;POST https://www.nft.marketplace.team/suppliers/frameworks/g-cloud-14/declaration/edit/key-subcontractors;/suppliers/frameworks/g-cloud-14/declaration/edit/key-subcontractors;;localhost:7100;504;0 Assertion failed;60;723;DMP-1.5-Dryrun;DMP 1.5 Supplier Registration - Working on AWS NFT#875 - Actions#1;
1706278595673;GET https://www.nft.marketplace.team/suppliers/frameworks/g-cloud-14/declaration/edit/ultimate-parent-company;/suppliers/frameworks/g-cloud-14/declaration/edit/immediate-parent-company;/suppliers/frameworks/g-cloud-14/declaration/edit/immediate-parent-company;localhost:7100;504;0 Assertion failed;60;723;DMP-1.5-Dryrun;DMP 1.5 Supplier Registration - Working on AWS NFT#961 - Actions#1;
1706278595888;GET https://www.nft.marketplace.team/suppliers/frameworks/g-cloud-14/declaration/edit/grounds-for-mandatory-exclusion-taxes;/suppliers/frameworks/g-cloud-14/declaration/edit/grounds-for-mandatory-exclusion;/suppliers/frameworks/g-cloud-14/declaration/edit/grounds-for-mandatory-exclusion;localhost:7100;504;0 Assertion failed;60;723;DMP-1.5-Dryrun;DMP 1.5 Supplier Registration - Working on AWS NFT#832 - Actions#1;
1706278596250;GET https://www.nft.marketplace.team/suppliers/frameworks/g-cloud-14/declaration/reuse;/suppliers/frameworks/g-cloud-14/declaration/reuse;;localhost:7100;504;0 Assertion failed;60;723;DMP-1.5-Dryrun;DMP 1.5 Supplier Registration - Working on AWS NFT#1059 - Actions#1;
1706278596298;GET https://www.nft.marketplace.team/suppliers/frameworks/g-cloud-14/declaration/edit/immediate-parent-company;/suppliers/frameworks/g-cloud-14/declaration/edit/persons-with-significant-control;/suppliers/frameworks/g-cloud-14/declaration/edit/persons-with-significant-control;localhost:7100;504;0 Assertion failed;60;723;DMP-1.5-Dryrun;DMP 1.5 Supplier Registration - Working on AWS NFT#1001 - Actions#1;
1706278596515;GET https://www.nft.marketplace.team/suppliers/frameworks/g-cloud-14/declaration/edit/grounds-for-discretionary-exclusion;/suppliers/frameworks/g-cloud-14/declaration/edit/grounds-for-mandatory-exclusion-taxes;/suppliers/frameworks/g-cloud-14/declaration/edit/grounds-for-mandatory-exclusion-taxes;localhost:7100;504;0 Assertion failed;60;723;DMP-1.5-Dryrun;DMP 1.5 Supplier Registration - Working on AWS NFT#888 - Actions#1;
1706278596651;POST https://www.nft.marketplace.team/suppliers/frameworks/g-cloud-14/declaration/edit/key-subcontractors;/suppliers/frameworks/g-cloud-14/declaration/edit/key-subcontractors;;localhost:7100;504;0 Assertion failed;60;723;DMP-1.5-Dryrun;DMP 1.5 Supplier Registration - Working on AWS NFT#948 - Actions#1;
1706278597435;GET https://www.nft.marketplace.team/suppliers/frameworks/g-cloud-14/declaration/edit/grounds-for-mandatory-exclusion-taxes;/suppliers/frameworks/g-cloud-14/declaration/edit/grounds-for-mandatory-exclusion;/suppliers/frameworks/g-cloud-14/declaration/edit/grounds-for-mandatory-exclusion;localhost:7100;504;0 Assertion failed;60;723;DMP-1.5-Dryrun;DMP 1.5 Supplier Registration - Working on AWS NFT#853 - Actions#1;
1706278597817;GET https://www.nft.marketplace.team/suppliers/frameworks/g-cloud-14/declaration/start;/suppliers/frameworks/g-cloud-14/declaration/start;;localhost:7100;504;0 Assertion failed;60;723;DMP-1.5-Dryrun;DMP 1.5 Supplier Registration - Working on AWS NFT#1210 - Actions#1;
1706278598471;GET https://www.nft.marketplace.team/suppliers/frameworks/g-cloud-14/declaration/edit/grounds-for-mandatory-exclusion-taxes;/suppliers/frameworks/g-cloud-14/declaration/edit/grounds-for-mandatory-exclusion;/suppliers/frameworks/g-cloud-14/declaration/edit/grounds-for-mandatory-exclusion;localhost:7100;504;0 Assertion failed;60;761;DMP-1.5-Dryrun;DMP 1.5 Supplier Registration - Working on AWS NFT#882 - Actions#1;
1706278598837;POST https://www.nft.marketplace.team/suppliers/frameworks/g-cloud-14/declaration/edit/providing-suitable-services;/suppliers/frameworks/g-cloud-14/declaration/edit/providing-suitable-services;;localhost:7100;504;0 Assertion failed;60;723;DMP-1.5-Dryrun;DMP 1.5 Supplier Registration - Working on AWS NFT#1141 - Actions#1;
1706278599207;GET https://www.nft.marketplace.team/suppliers/frameworks/g-cloud-14/submissions/cloud-hosting/280997/edit/documents/terms-and-conditions-document-url;/suppliers/frameworks/g-cloud-14/submissions/cloud-hosting/281140/edit/documents/service-defini;/suppliers/frameworks/g-cloud-14/submissions/cloud-hosting/${pServiceId}/edit/documents/service-definition-document-url;localhost:7100;504;0 Assertion failed;60;723;DMP-1.5-Dryrun;DMP 1.5 Supplier Registration - Working on AWS NFT#332 - Actions#1;
1706278599942;GET https://www.nft.marketplace.team/suppliers/frameworks/g-cloud-14/declaration/edit/key-subcontractors;/suppliers/frameworks/g-cloud-14/declaration/edit/group-or-consortium;/suppliers/frameworks/g-cloud-14/declaration/edit/group-or-consortium;localhost:7100;504;0 Assertion failed;60;723;DMP-1.5-Dryrun;DMP 1.5 Supplier Registration - Working on AWS NFT#813 - Actions#1;
1706278600094;POST https://www.nft.marketplace.team/suppliers/frameworks/g-cloud-14/declaration/edit/key-subcontractors;/suppliers/frameworks/g-cloud-14/declaration/edit/key-subcontractors;;localhost:7100;504;0 Assertion failed;60;723;DMP-1.5-Dryrun;DMP 1.5 Supplier Registration - Working on AWS NFT#874 - Actions#1;
1706278600506;GET https://www.nft.marketplace.team/suppliers/frameworks/g-cloud-14/declaration/start;/suppliers/frameworks/g-cloud-14/declaration/start;;localhost:7100;504;0 Assertion failed;60;761;DMP-1.5-Dryrun;DMP 1.5 Supplier Registration - Working on AWS NFT#1158 - Actions#1;
1706278601828;GET https://www.nft.marketplace.team/suppliers/frameworks/g-cloud-14/declaration/edit/providing-suitable-services;/suppliers/frameworks/g-cloud-14/declaration/edit/providing-suitable-services;;localhost:7100;504;0 Assertion failed;60;723;DMP-1.5-Dryrun;DMP 1.5 Supplier Registration - Working on AWS NFT#1063 - Actions#1;
1706278601909;GET https://www.nft.marketplace.team/suppliers/frameworks/g-cloud-14/declaration/edit/immediate-parent-company;/suppliers/frameworks/g-cloud-14/declaration/edit/persons-with-significant-control;/suppliers/frameworks/g-cloud-14/declaration/edit/persons-with-significant-control;localhost:7100;504;0 Assertion failed;60;723;DMP-1.5-Dryrun;DMP 1.5 Supplier Registration - Working on AWS NFT#1003 - Actions#1;
1706278601931;POST https://www.nft.marketplace.team/suppliers/frameworks/g-cloud-14/declaration/edit/persons-with-significant-control;/suppliers/frameworks/g-cloud-14/declaration/edit/persons-with-significant-control;;localhost:7100;504;0 Assertion failed;60;723;DMP-1.5-Dryrun;DMP 1.5 Supplier Registration - Working on AWS NFT#954 - Actions#1;
1706278602016;GET https://www.nft.marketplace.team/suppliers/frameworks/g-cloud-14/declaration/start;/suppliers/frameworks/g-cloud-14/declaration/start;;localhost:7100;504;0 Assertion failed;60;723;DMP-1.5-Dryrun;DMP 1.5 Supplier Registration - Working on AWS NFT#1147 - Actions#1;
1706278602020;GET https://www.nft.marketplace.team/suppliers/frameworks/g-cloud-14/submissions/cloud-hosting/281207/edit/scaling/scaling;/suppliers/frameworks/g-cloud-14/submissions/cloud-hosting/281140/edit/scaling/scaling;;localhost:7100;504;0 Assertion failed;60;723;DMP-1.5-Dryrun;DMP 1.5 Supplier Registration - Working on AWS NFT#167 - Actions#1;
1706278602638;POST https://www.nft.marketplace.team/suppliers/frameworks/g-cloud-14/declaration/edit/group-or-consortium;/suppliers/frameworks/g-cloud-14/declaration/edit/group-or-consortium;;localhost:7100;504;0 Assertion failed;60;761;DMP-1.5-Dryrun;DMP 1.5 Supplier Registration - Working on AWS NFT#894 - Actions#1;
1706278602766;GET https://www.nft.marketplace.team/suppliers/frameworks/g-cloud-14/declaration/reuse;/suppliers/frameworks/g-cloud-14/declaration/reuse;;localhost:7100;504;0 Assertion failed;60;761;DMP-1.5-Dryrun;DMP 1.5 Supplier Registration - Working on AWS NFT#1137 - Actions#1;
1706278603034;GET https://www.nft.marketplace.team/suppliers/frameworks/g-cloud-14;/suppliers/details;/suppliers/details;localhost:7100;504;0 Assertion failed;60;723;DMP-1.5-Dryrun;DMP 1.5 Supplier Registration - Working on AWS NFT#1140 - Actions#1;
1706278603294;POST https://www.nft.marketplace.team/suppliers/frameworks/g-cloud-14/declaration/edit/insurance-requirements;/suppliers/frameworks/g-cloud-14/declaration/edit/insurance-requirements;;localhost:7100;504;0 Assertion failed;60;723;DMP-1.5-Dryrun;DMP 1.5 Supplier Registration - Working on AWS NFT#732 - Actions#1;
1706278603306;GET https://www.nft.marketplace.team/suppliers/frameworks/g-cloud-14/submissions/cloud-hosting/281240/edit/onboarding-and-offboarding/end-of-contract-data-extraction;/suppliers/frameworks/g-cloud-14/submissions/cloud-hosting/281140/edit/onboarding-and-offboardi;/suppliers/frameworks/g-cloud-14/submissions/cloud-hosting/${pServiceId}/edit/onboarding-and-offboarding/documentation;localhost:7100;504;0 Assertion failed;60;723;DMP-1.5-Dryrun;DMP 1.5 Supplier Registration - Working on AWS NFT#475 - Actions#1;
1706278604029;POST https://www.nft.marketplace.team/suppliers/frameworks/g-cloud-14/submissions/cloud-hosting/281257/edit/how-users-work-with-your-service/command-line-interface;/suppliers/frameworks/g-cloud-14/submissions/cloud-hosting/281140/edit/how-users-work-with-your;;localhost:7100;504;0 Assertion failed;60;723;DMP-1.5-Dryrun;DMP 1.5 Supplier Registration - Working on AWS NFT#255 - Actions#1;
1706278604831;GET https://www.nft.marketplace.team/suppliers/frameworks/g-cloud-14/declaration/reuse;/suppliers/frameworks/g-cloud-14/declaration/reuse;;localhost:7100;504;0 Assertion failed;60;723;DMP-1.5-Dryrun;DMP 1.5 Supplier Registration - Working on AWS NFT#1061 - Actions#1;
1706278607589;GET https://www.nft.marketplace.team/suppliers/frameworks/g-cloud-14/submissions/cloud-hosting/281175/edit/scaling/usage-notifications;/suppliers/frameworks/g-cloud-14/submissions/cloud-hosting/281140/edit/scaling/independence-of-;/suppliers/frameworks/g-cloud-14/submissions/cloud-hosting/${pServiceId}/edit/scaling/independence-of-resources;localhost:7100;504;0 Assertion failed;60;723;DMP-1.5-Dryrun;DMP 1.5 Supplier Registration - Working on AWS NFT#514 - Actions#1;
1706278610043;GET https://www.nft.marketplace.team/suppliers/frameworks/g-cloud-14/declaration/edit/working-with-government;/suppliers/frameworks/g-cloud-14/declaration/edit/economic-and-financial-standing;/suppliers/frameworks/g-cloud-14/declaration/edit/economic-and-financial-standing;localhost:7100;504;0 Assertion failed;60;723;DMP-1.5-Dryrun;DMP 1.5 Supplier Registration - Working on AWS NFT#647 - Actions#1;
1706278610047;GET https://www.nft.marketplace.team/suppliers/frameworks/g-cloud-14/declaration/reuse;/suppliers/frameworks/g-cloud-14/declaration/reuse;;localhost:7100;504;0 Assertion failed;60;723;DMP-1.5-Dryrun;DMP 1.5 Supplier Registration - Working on AWS NFT#1112 - Actions#1;
1706278610332;GET https://www.nft.marketplace.team/suppliers/frameworks/g-cloud-14/submissions/cloud-hosting/281263/edit/how-users-work-with-your-service/web-interface;/suppliers/frameworks/g-cloud-14/submissions/cloud-hosting/281140/edit/how-users-work-with-your;;localhost:7100;504;0 Assertion failed;60;723;DMP-1.5-Dryrun;DMP 1.5 Supplier Registration - Working on AWS NFT#432 - Actions#1;
1706278611393;GET https://www.nft.marketplace.team/suppliers/frameworks/g-cloud-14/declaration/start;/suppliers/frameworks/g-cloud-14/declaration/start;;localhost:7100;504;0 Assertion failed;60;723;DMP-1.5-Dryrun;DMP 1.5 Supplier Registration - Working on AWS NFT#1188 - Actions#1;
1706278611435;GET https://www.nft.marketplace.team/suppliers/frameworks/g-cloud-14/declaration/edit/modern-slavery;/suppliers/frameworks/g-cloud-14/declaration/edit/grounds-for-discretionary-exclusion;/suppliers/frameworks/g-cloud-14/declaration/edit/grounds-for-discretionary-exclusion;localhost:7100;504;0 Assertion failed;60;723;DMP-1.5-Dryrun;DMP 1.5 Supplier Registration - Working on AWS NFT#787 - Actions#1;
1706278612633;GET https://www.nft.marketplace.team/suppliers/frameworks/g-cloud-14;/suppliers/details;/suppliers/details;localhost:7100;504;0 Assertion failed;60;723;DMP-1.5-Dryrun;DMP 1.5 Supplier Registration - Working on AWS NFT#1212 - Actions#1;
1706278612922;GET https://www.nft.marketplace.team/suppliers/frameworks/g-cloud-14/declaration/start;/suppliers/frameworks/g-cloud-14/declaration/start;;localhost:7100;504;0 Assertion failed;60;723;DMP-1.5-Dryrun;DMP 1.5 Supplier Registration - Working on AWS NFT#1183 - Actions#1;
1706278613029;POST https://www.nft.marketplace.team/suppliers/frameworks/g-cloud-14/declaration/edit/application-accuracy;/suppliers/frameworks/g-cloud-14/declaration/edit/application-accuracy;;localhost:7100;504;0 Assertion failed;60;723;DMP-1.5-Dryrun;DMP 1.5 Supplier Registration - Working on AWS NFT#615 - Actions#1;
1706278615063;POST https://www.nft.marketplace.team/suppliers/frameworks/g-cloud-14/declaration/edit/application-accuracy;/suppliers/frameworks/g-cloud-14/declaration/edit/application-accuracy;;localhost:7100;504;0 Assertion failed;60;723;DMP-1.5-Dryrun;DMP 1.5 Supplier Registration - Working on AWS NFT#603 - Actions#1;
1706278616905;POST https://www.nft.marketplace.team/suppliers/frameworks/g-cloud-14/declaration/edit/insurance-requirements;/suppliers/frameworks/g-cloud-14/declaration/edit/insurance-requirements;;localhost:7100;504;0 Assertion failed;60;723;DMP-1.5-Dryrun;DMP 1.5 Supplier Registration - Working on AWS NFT#667 - Actions#1;
1706278617382;GET https://www.nft.marketplace.team/suppliers/frameworks/g-cloud-14/declaration/edit/providing-suitable-services;/suppliers/frameworks/g-cloud-14/declaration/edit/providing-suitable-services;;localhost:7100;504;0 Assertion failed;60;723;DMP-1.5-Dryrun;DMP 1.5 Supplier Registration - Working on AWS NFT#1171 - Actions#1;
1706278644272;GET https://www.nft.marketplace.team/suppliers/frameworks/g-cloud-14/declaration/edit/value-added-tax;/suppliers/frameworks/g-cloud-14/declaration/edit/working-with-government;/suppliers/frameworks/g-cloud-14/declaration/edit/working-with-government;localhost:7100;504;0 Assertion failed;60;723;DMP-1.5-Dryrun;DMP 1.5 Supplier Registration - Working on AWS NFT#734 - Actions#1;
1706278644294;GET https://www.nft.marketplace.team/suppliers/frameworks/g-cloud-14/declaration/start;/suppliers/frameworks/g-cloud-14/declaration/start;;localhost:7100;504;0 Assertion failed;60;723;DMP-1.5-Dryrun;DMP 1.5 Supplier Registration - Working on AWS NFT#1206 - Actions#1;
1706278648073;POST https://www.nft.marketplace.team/suppliers/frameworks/g-cloud-14/declaration/edit/grounds-for-mandatory-exclusion;/suppliers/frameworks/g-cloud-14/declaration/edit/grounds-for-mandatory-exclusion;;localhost:7100;504;0 Assertion failed;60;723;DMP-1.5-Dryrun;DMP 1.5 Supplier Registration - Working on AWS NFT#913 - Actions#1;
1706278649577;POST https://www.nft.marketplace.team/suppliers/frameworks/g-cloud-14/declaration/edit/health-and-safety;/suppliers/frameworks/g-cloud-14/declaration/edit/health-and-safety;;localhost:7100;504;0 Assertion failed;60;723;DMP-1.5-Dryrun;DMP 1.5 Supplier Registration - Working on AWS NFT#636 - Actions#1;
1706278650460;POST https://www.nft.marketplace.team/suppliers/frameworks/g-cloud-14/declaration/edit/providing-suitable-services;/suppliers/frameworks/g-cloud-14/declaration/edit/providing-suitable-services;;localhost:7100;504;0 Assertion failed;60;723;DMP-1.5-Dryrun;DMP 1.5 Supplier Registration - Working on AWS NFT#1133 - Actions#1;
1706278652061;GET https://www.nft.marketplace.team/suppliers;/user/login;;localhost:7100;504;0 Assertion failed;60;723;DMP-1.5-Dryrun;DMP 1.5 Supplier Registration - Working on AWS NFT#1222 - Actions#1;
1706278652400;POST https://www.nft.marketplace.team/suppliers/frameworks/g-cloud-14/declaration/edit/grounds-for-mandatory-exclusion-taxes;/suppliers/frameworks/g-cloud-14/declaration/edit/grounds-for-mandatory-exclusion-taxes;;localhost:7100;504;0 Assertion failed;60;761;DMP-1.5-Dryrun;DMP 1.5 Supplier Registration - Working on AWS NFT#810 - Actions#1;
1706278652463;GET https://www.nft.marketplace.team/suppliers/frameworks/g-cloud-14/declaration/reuse;/suppliers/frameworks/g-cloud-14/declaration/reuse;;localhost:7100;504;0 Assertion failed;60;723;DMP-1.5-Dryrun;DMP 1.5 Supplier Registration - Working on AWS NFT#1194 - Actions#1;
1706278652591;GET https://www.nft.marketplace.team/suppliers/frameworks/g-cloud-14/declaration/reuse;/suppliers/frameworks/g-cloud-14/declaration/reuse;;localhost:7100;504;0 Assertion failed;60;723;DMP-1.5-Dryrun;DMP 1.5 Supplier Registration - Working on AWS NFT#1198 - Actions#1;
1706278653070;GET https://www.nft.marketplace.team/suppliers/frameworks/g-cloud-14/declaration/edit/key-subcontractors;/suppliers/frameworks/g-cloud-14/declaration/edit/group-or-consortium;/suppliers/frameworks/g-cloud-14/declaration/edit/group-or-consortium;localhost:7100;504;0 Assertion failed;60;723;DMP-1.5-Dryrun;DMP 1.5 Supplier Registration - Working on AWS NFT#997 - Actions#1;
1706278653619;GET https://www.nft.marketplace.team/suppliers;/user/login;;localhost:7100;504;0 Assertion failed;60;761;DMP-1.5-Dryrun;DMP 1.5 Supplier Registration - Working on AWS NFT#1229 - Actions#1;
1706278654141;GET https://www.nft.marketplace.team/suppliers/frameworks/g-cloud-14/declaration/edit/providing-suitable-services;/suppliers/frameworks/g-cloud-14/declaration/edit/providing-suitable-services;;localhost:7100;504;0 Assertion failed;60;723;DMP-1.5-Dryrun;DMP 1.5 Supplier Registration - Working on AWS NFT#1175 - Actions#1;
1706278655164;POST https://www.nft.marketplace.team/suppliers/frameworks/g-cloud-14/declaration/edit/what-it-means-to-be-on-g-cloud-14;/suppliers/frameworks/g-cloud-14/declaration/edit/what-it-means-to-be-on-g-cloud-14;;localhost:7100;504;0 Assertion failed;60;723;DMP-1.5-Dryrun;DMP 1.5 Supplier Registration - Working on AWS NFT#1041 - Actions#1;
1706278655329;POST https://www.nft.marketplace.team/suppliers/frameworks/g-cloud-14/declaration/edit/ultimate-parent-company;/suppliers/frameworks/g-cloud-14/declaration/edit/ultimate-parent-company;;localhost:7100;504;0 Assertion failed;60;723;DMP-1.5-Dryrun;DMP 1.5 Supplier Registration - Working on AWS NFT#979 - Actions#1;
1706278656154;GET https://www.nft.marketplace.team/suppliers/frameworks/g-cloud-14/declaration/edit/framework-award-form-details;/suppliers/frameworks/g-cloud-14/declaration/edit/contracts-finder;/suppliers/frameworks/g-cloud-14/declaration/edit/contracts-finder;localhost:7100;504;0 Assertion failed;60;723;DMP-1.5-Dryrun;DMP 1.5 Supplier Registration - Working on AWS NFT#583 - Actions#1;
1706278656211;POST https://www.nft.marketplace.team/suppliers/frameworks/g-cloud-14/declaration/edit/grounds-for-discretionary-exclusion;/suppliers/frameworks/g-cloud-14/declaration/edit/grounds-for-discretionary-exclusion;;localhost:7100;504;0 Assertion failed;60;723;DMP-1.5-Dryrun;DMP 1.5 Supplier Registration - Working on AWS NFT#879 - Actions#1;
1706278656930;GET https://www.nft.marketplace.team/suppliers;/user/login;;localhost:7100;504;0 Assertion failed;60;723;DMP-1.5-Dryrun;DMP 1.5 Supplier Registration - Working on AWS NFT#1242 - Actions#1;
1706278658254;GET https://www.nft.marketplace.team/suppliers/frameworks/g-cloud-14/declaration/edit/value-added-tax;/suppliers/frameworks/g-cloud-14/declaration/edit/working-with-government;/suppliers/frameworks/g-cloud-14/declaration/edit/working-with-government;localhost:7100;504;0 Assertion failed;60;761;DMP-1.5-Dryrun;DMP 1.5 Supplier Registration - Working on AWS NFT#701 - Actions#1;
1706278658538;GET https://www.nft.marketplace.team/suppliers;/user/login;;localhost:7100;504;0 Assertion failed;60;723;DMP-1.5-Dryrun;DMP 1.5 Supplier Registration - Working on AWS NFT#1249 - Actions#1;
1706278658701;GET https://www.nft.marketplace.team/suppliers/frameworks/g-cloud-14/declaration/edit/ultimate-parent-company;/suppliers/frameworks/g-cloud-14/declaration/edit/immediate-parent-company;/suppliers/frameworks/g-cloud-14/declaration/edit/immediate-parent-company;localhost:7100;504;0 Assertion failed;60;723;DMP-1.5-Dryrun;DMP 1.5 Supplier Registration - Working on AWS NFT#987 - Actions#1;
1706278659027;GET https://www.nft.marketplace.team/suppliers;/user/login;;localhost:7100;504;0 Assertion failed;60;723;DMP-1.5-Dryrun;DMP 1.5 Supplier Registration - Working on AWS NFT#1260 - Actions#1;
1706278659162;GET https://www.nft.marketplace.team/suppliers/frameworks/g-cloud-14/declaration/edit/providing-suitable-services;/suppliers/frameworks/g-cloud-14/declaration/edit/providing-suitable-services;;localhost:7100;504;0 Assertion failed;60;723;DMP-1.5-Dryrun;DMP 1.5 Supplier Registration - Working on AWS NFT#1128 - Actions#1;
1706278659202;GET https://www.nft.marketplace.team/suppliers/frameworks/g-cloud-14/submissions/cloud-hosting/281073/edit/operational-security/vulnerability-management-type;/suppliers/frameworks/g-cloud-14/submissions/cloud-hosting/281140/edit/operational-security/con;/suppliers/frameworks/g-cloud-14/submissions/cloud-hosting/${pServiceId}/edit/operational-security/configuration-and-change-management-processes;localhost:7100;504;0 Assertion failed;60;723;DMP-1.5-Dryrun;DMP 1.5 Supplier Registration - Working on AWS NFT#19 - Actions#1;
1706278660686;GET https://www.nft.marketplace.team/suppliers/frameworks/g-cloud-14/declaration/edit/providing-suitable-services;/suppliers/frameworks/g-cloud-14/declaration/edit/providing-suitable-services;;localhost:7100;504;0 Assertion failed;60;723;DMP-1.5-Dryrun;DMP 1.5 Supplier Registration - Working on AWS NFT#1117 - Actions#1;
1706278660910;GET https://www.nft.marketplace.team/suppliers/frameworks/g-cloud-14/declaration/edit/what-it-means-to-be-on-g-cloud-14;/suppliers/frameworks/g-cloud-14/declaration/edit/providing-suitable-services;/suppliers/frameworks/g-cloud-14/declaration/edit/providing-suitable-services;localhost:7100;504;0 Assertion failed;60;723;DMP-1.5-Dryrun;DMP 1.5 Supplier Registration - Working on AWS NFT#1164 - Actions#1;
1706278660988;GET https://www.nft.marketplace.team/suppliers;/user/login;;localhost:7100;504;0 Assertion failed;60;723;DMP-1.5-Dryrun;DMP 1.5 Supplier Registration - Working on AWS NFT#1261 - Actions#1;
1706278661635;GET https://www.nft.marketplace.team/suppliers/frameworks/g-cloud-14/declaration/edit/grounds-for-mandatory-exclusion;/suppliers/frameworks/g-cloud-14/declaration/edit/key-subcontractors;/suppliers/frameworks/g-cloud-14/declaration/edit/key-subcontractors;localhost:7100;504;0 Assertion failed;60;723;DMP-1.5-Dryrun;DMP 1.5 Supplier Registration - Working on AWS NFT#953 - Actions#1;
1706278662196;POST https://www.nft.marketplace.team/suppliers/frameworks/g-cloud-14/submissions/cloud-hosting/281205/edit/scaling/scaling;/suppliers/frameworks/g-cloud-14/submissions/cloud-hosting/281140/edit/scaling/scaling;;localhost:7100;504;0 Assertion failed;60;723;DMP-1.5-Dryrun;DMP 1.5 Supplier Registration - Working on AWS NFT#369 - Actions#1;
1706278662806;POST https://www.nft.marketplace.team/suppliers/frameworks/g-cloud-14/declaration/edit/providing-suitable-services;/suppliers/frameworks/g-cloud-14/declaration/edit/providing-suitable-services;;localhost:7100;504;0 Assertion failed;60;723;DMP-1.5-Dryrun;DMP 1.5 Supplier Registration - Working on AWS NFT#1179 - Actions#1;
1706278662834;GET https://www.nft.marketplace.team/suppliers/frameworks/g-cloud-14/declaration/edit/grounds-for-discretionary-exclusion;/suppliers/frameworks/g-cloud-14/declaration/edit/grounds-for-mandatory-exclusion-taxes;/suppliers/frameworks/g-cloud-14/declaration/edit/grounds-for-mandatory-exclusion-taxes;localhost:7100;504;0 Assertion failed;60;723;DMP-1.5-Dryrun;DMP 1.5 Supplier Registration - Working on AWS NFT#873 - Actions#1;
1706278663962;POST https://www.nft.marketplace.team/suppliers/frameworks/g-cloud-14;/suppliers/frameworks/g-cloud-14;;localhost:7100;504;0 Assertion failed;60;723;DMP-1.5-Dryrun;DMP 1.5 Supplier Registration - Working on AWS NFT#1247 - Actions#1;
1706278664574;POST https://www.nft.marketplace.team/suppliers/frameworks/g-cloud-14/declaration/edit/working-with-government;/suppliers/frameworks/g-cloud-14/declaration/edit/working-with-government;;localhost:7100;504;0 Assertion failed;60;723;DMP-1.5-Dryrun;DMP 1.5 Supplier Registration - Working on AWS NFT#671 - Actions#1;
1706278664594;GET https://www.nft.marketplace.team/suppliers/frameworks/g-cloud-14/declaration/edit/group-or-consortium;/suppliers/frameworks/g-cloud-14/declaration/edit/ultimate-parent-company;/suppliers/frameworks/g-cloud-14/declaration/edit/ultimate-parent-company;localhost:7100;504;0 Assertion failed;60;723;DMP-1.5-Dryrun;DMP 1.5 Supplier Registration - Working on AWS NFT#999 - Actions#1;
1706278664697;POST https://www.nft.marketplace.team/suppliers/frameworks/g-cloud-14;/suppliers/frameworks/g-cloud-14;;localhost:7100;504;0 Assertion failed;60;723;DMP-1.5-Dryrun;DMP 1.5 Supplier Registration - Working on AWS NFT#1238 - Actions#1;
1706278665180;GET https://www.nft.marketplace.team/suppliers;/user/login;;localhost:7100;504;0 Assertion failed;60;723;DMP-1.5-Dryrun;DMP 1.5 Supplier Registration - Working on AWS NFT#1273 - Actions#1;
1706278666225;POST https://www.nft.marketplace.team/suppliers/frameworks/g-cloud-14/declaration/edit/application-accuracy;/suppliers/frameworks/g-cloud-14/declaration/edit/application-accuracy;;localhost:7100;504;0 Assertion failed;60;723;DMP-1.5-Dryrun;DMP 1.5 Supplier Registration - Working on AWS NFT#625 - Actions#1;
1706278666274;GET https://www.nft.marketplace.team/suppliers/frameworks/g-cloud-14/declaration/edit/ultimate-parent-company;/suppliers/frameworks/g-cloud-14/declaration/edit/immediate-parent-company;/suppliers/frameworks/g-cloud-14/declaration/edit/immediate-parent-company;localhost:7100;504;0 Assertion failed;60;723;DMP-1.5-Dryrun;DMP 1.5 Supplier Registration - Working on AWS NFT#956 - Actions#1;
1706278666877;GET https://www.nft.marketplace.team/suppliers;/user/login;;localhost:7100;504;0 Assertion failed;60;723;DMP-1.5-Dryrun;DMP 1.5 Supplier Registration - Working on AWS NFT#1278 - Actions#1;
1706278667292;GET https://www.nft.marketplace.team/suppliers/frameworks/g-cloud-14/declaration/edit/what-it-means-to-be-on-g-cloud-14;/suppliers/frameworks/g-cloud-14/declaration/edit/providing-suitable-services;/suppliers/frameworks/g-cloud-14/declaration/edit/providing-suitable-services;localhost:7100;504;0 Assertion failed;60;723;DMP-1.5-Dryrun;DMP 1.5 Supplier Registration - Working on AWS NFT#1163 - Actions#1;
1706278667295;GET https://www.nft.marketplace.team/suppliers;/user/login;;localhost:7100;504;0 Assertion failed;60;723;DMP-1.5-Dryrun;DMP 1.5 Supplier Registration - Working on AWS NFT#1274 - Actions#1;
1706278667784;POST https://www.nft.marketplace.team/suppliers/frameworks/g-cloud-14/submissions/cloud-hosting/281290/edit/reselling/supplier-type;/suppliers/frameworks/g-cloud-14/submissions/cloud-hosting/281140/edit/reselling/supplier-type;;localhost:7100;504;0 Assertion failed;60;723;DMP-1.5-Dryrun;DMP 1.5 Supplier Registration - Working on AWS NFT#568 - Actions#1;
1706278668748;POST https://www.nft.marketplace.team/suppliers/frameworks/g-cloud-14/declaration/edit/what-it-means-to-be-on-g-cloud-14;/suppliers/frameworks/g-cloud-14/declaration/edit/what-it-means-to-be-on-g-cloud-14;;localhost:7100;504;0 Assertion failed;60;723;DMP-1.5-Dryrun;DMP 1.5 Supplier Registration - Working on AWS NFT#1065 - Actions#1;
1706278668754;GET https://www.nft.marketplace.team/suppliers;/user/login;;localhost:7100;504;0 Assertion failed;60;723;DMP-1.5-Dryrun;DMP 1.5 Supplier Registration - Working on AWS NFT#1282 - Actions#1;
1706278670994;GET https://www.nft.marketplace.team/suppliers/frameworks/g-cloud-14/declaration/edit/grounds-for-mandatory-exclusion-taxes;/suppliers/frameworks/g-cloud-14/declaration/edit/grounds-for-mandatory-exclusion;/suppliers/frameworks/g-cloud-14/declaration/edit/grounds-for-mandatory-exclusion;localhost:7100;504;0 Assertion failed;60;723;DMP-1.5-Dryrun;DMP 1.5 Supplier Registration - Working on AWS NFT#892 - Actions#1;
1706278675442;POST https://www.nft.marketplace.team/suppliers/frameworks/g-cloud-14/declaration/edit/immediate-parent-company;/suppliers/frameworks/g-cloud-14/declaration/edit/immediate-parent-company;;localhost:7100;504;0 Assertion failed;60;723;DMP-1.5-Dryrun;DMP 1.5 Supplier Registration - Working on AWS NFT#1011 - Actions#1;
1706278675982;GET https://www.nft.marketplace.team/suppliers/frameworks/g-cloud-14/declaration/edit/what-it-means-to-be-on-g-cloud-14;/suppliers/frameworks/g-cloud-14/declaration/edit/providing-suitable-services;/suppliers/frameworks/g-cloud-14/declaration/edit/providing-suitable-services;localhost:7100;504;0 Assertion failed;60;723;DMP-1.5-Dryrun;DMP 1.5 Supplier Registration - Working on AWS NFT#1079 - Actions#1;
1706278676135;POST https://www.nft.marketplace.team/suppliers/frameworks/g-cloud-14/declaration/edit/providing-suitable-services;/suppliers/frameworks/g-cloud-14/declaration/edit/providing-suitable-services;;localhost:7100;504;0 Assertion failed;60;723;DMP-1.5-Dryrun;DMP 1.5 Supplier Registration - Working on AWS NFT#1105 - Actions#1;
1706278676393;POST https://www.nft.marketplace.team/suppliers/frameworks/g-cloud-14/declaration/edit/insurance-requirements;/suppliers/frameworks/g-cloud-14/declaration/edit/insurance-requirements;;localhost:7100;504;0 Assertion failed;60;723;DMP-1.5-Dryrun;DMP 1.5 Supplier Registration - Working on AWS NFT#96 - Actions#2;
1706278677557;POST https://www.nft.marketplace.team/suppliers/frameworks/g-cloud-14/declaration/edit/data-protection;/suppliers/frameworks/g-cloud-14/declaration/edit/data-protection;;localhost:7100;504;0 Assertion failed;60;723;DMP-1.5-Dryrun;DMP 1.5 Supplier Registration - Working on AWS NFT#719 - Actions#1;
1706278680839;POST https://www.nft.marketplace.team/suppliers/frameworks/g-cloud-14/declaration/edit/contact-details;/suppliers/frameworks/g-cloud-14/declaration/edit/contact-details;;localhost:7100;504;0 Assertion failed;60;723;DMP-1.5-Dryrun;DMP 1.5 Supplier Registration - Working on AWS NFT#552 - Actions#1;
1706278808936;POST https://www.nft.marketplace.team/suppliers/frameworks/g-cloud-14/declaration/edit/authorisation-or-organisation-legal-requirement;/suppliers/frameworks/g-cloud-14/declaration/edit/authorisation-or-organisation-legal-requireme;;localhost:7100;504;0 Assertion failed;60;723;DMP-1.5-Dryrun;DMP 1.5 Supplier Registration - Working on AWS NFT#1110 - Actions#1;
1706278809395;POST https://www.nft.marketplace.team/suppliers/frameworks/g-cloud-14/submissions/cloud-hosting/280991/complete;/suppliers/frameworks/g-cloud-14/submissions/cloud-hosting/281142/complete;/suppliers/frameworks/g-cloud-14/submissions/cloud-hosting/${pServiceId};localhost:7100;504;0 Assertion failed;60;723;DMP-1.5-Dryrun;DMP 1.5 Supplier Registration - Working on AWS NFT#305 - Actions#1;
1706278810425;GET https://www.nft.marketplace.team/suppliers/frameworks/g-cloud-14/submissions/cloud-hosting/281150/edit/asset-protection/protection-of-data-at-rest;/suppliers/frameworks/g-cloud-14/submissions/cloud-hosting/281140/edit/asset-protection/penetra;/suppliers/frameworks/g-cloud-14/submissions/cloud-hosting/${pServiceId}/edit/asset-protection/penetration-testing;localhost:7100;504;0 Assertion failed;60;723;DMP-1.5-Dryrun;DMP 1.5 Supplier Registration - Working on AWS NFT#297 - Actions#1;
1706278811062;POST https://www.nft.marketplace.team/suppliers/frameworks/g-cloud-14/declaration/edit/modern-slavery;/suppliers/frameworks/g-cloud-14/declaration/edit/modern-slavery;;localhost:7100;504;0 Assertion failed;60;761;DMP-1.5-Dryrun;DMP 1.5 Supplier Registration - Working on AWS NFT#849 - Actions#1;
1706278811251;POST https://www.nft.marketplace.team/suppliers/frameworks/g-cloud-14/declaration/edit/persons-with-significant-control;/suppliers/frameworks/g-cloud-14/declaration/edit/persons-with-significant-control;;localhost:7100;504;0 Assertion failed;60;723;DMP-1.5-Dryrun;DMP 1.5 Supplier Registration - Working on AWS NFT#1134 - Actions#1;
1706278811638;POST https://www.nft.marketplace.team/suppliers/frameworks/g-cloud-14/declaration/edit/persons-with-significant-control;/suppliers/frameworks/g-cloud-14/declaration/edit/persons-with-significant-control;;localhost:7100;504;0 Assertion failed;60;723;DMP-1.5-Dryrun;DMP 1.5 Supplier Registration - Working on AWS NFT#1173 - Actions#1;
1706278811744;POST https://www.nft.marketplace.team/suppliers/frameworks/g-cloud-14/submissions/cloud-hosting/281132/edit/separation-between-users/virtualisation;/suppliers/frameworks/g-cloud-14/submissions/cloud-hosting/281140/edit/separation-between-users;;localhost:7100;504;0 Assertion failed;60;723;DMP-1.5-Dryrun;DMP 1.5 Supplier Registration - Working on AWS NFT#483 - Actions#1;
1706278811978;POST https://www.nft.marketplace.team/suppliers/frameworks/g-cloud-14/declaration/edit/grounds-for-mandatory-exclusion;/suppliers/frameworks/g-cloud-14/declaration/edit/grounds-for-mandatory-exclusion;;localhost:7100;504;0 Assertion failed;60;723;DMP-1.5-Dryrun;DMP 1.5 Supplier Registration - Working on AWS NFT#156 - Actions#2;
1706278812145;POST https://www.nft.marketplace.team/suppliers/frameworks/g-cloud-14/declaration/edit/grounds-for-mandatory-exclusion-taxes;/suppliers/frameworks/g-cloud-14/declaration/edit/grounds-for-mandatory-exclusion-taxes;;localhost:7100;504;0 Assertion failed;60;761;DMP-1.5-Dryrun;DMP 1.5 Supplier Registration - Working on AWS NFT#966 - Actions#1;
1706278812278;GET https://www.nft.marketplace.team/suppliers/frameworks/g-cloud-14/declaration/edit/value-added-tax;/suppliers/frameworks/g-cloud-14/declaration/edit/working-with-government;/suppliers/frameworks/g-cloud-14/declaration/edit/working-with-government;localhost:7100;504;0 Assertion failed;60;761;DMP-1.5-Dryrun;DMP 1.5 Supplier Registration - Working on AWS NFT#815 - Actions#1;
1706278812533;GET https://www.nft.marketplace.team/suppliers/frameworks/g-cloud-14/declaration/reuse;/suppliers/frameworks/g-cloud-14/declaration/reuse;;localhost:7100;504;0 Assertion failed;60;723;DMP-1.5-Dryrun;DMP 1.5 Supplier Registration - Working on AWS NFT#1230 - Actions#1;
1706278812556;GET https://www.nft.marketplace.team/suppliers/frameworks/g-cloud-14/declaration/edit/data-protection;/suppliers/frameworks/g-cloud-14/declaration/edit/insurance-requirements;/suppliers/frameworks/g-cloud-14/declaration/edit/insurance-requirements;localhost:7100;504;0 Assertion failed;60;723;DMP-1.5-Dryrun;DMP 1.5 Supplier Registration - Working on AWS NFT#786 - Actions#1;
1706278812725;GET https://www.nft.marketplace.team/suppliers/frameworks/g-cloud-14/declaration/reuse;/suppliers/frameworks/g-cloud-14/declaration/reuse;;localhost:7100;504;0 Assertion failed;60;761;DMP-1.5-Dryrun;DMP 1.5 Supplier Registration - Working on AWS NFT#1258 - Actions#1;
1706278812850;GET https://www.nft.marketplace.team/suppliers/frameworks/g-cloud-14/submissions/cloud-hosting/280973/edit/documents/terms-and-conditions-document-url;/suppliers/frameworks/g-cloud-14/submissions/cloud-hosting/281142/edit/documents/service-defini_1;/suppliers/frameworks/g-cloud-14/submissions/cloud-hosting/${pServiceId}/edit/documents/service-definition-document-url;localhost:7100;504;0 Assertion failed;60;723;DMP-1.5-Dryrun;DMP 1.5 Supplier Registration - Working on AWS NFT#289 - Actions#1;
1706278813572;GET https://www.nft.marketplace.team/suppliers/frameworks/g-cloud-14/declaration/start;/suppliers/frameworks/g-cloud-14/declaration/start;;localhost:7100;504;0 Assertion failed;60;723;DMP-1.5-Dryrun;DMP 1.5 Supplier Registration - Working on AWS NFT#1316 - Actions#1;
1706278813693;GET https://www.nft.marketplace.team/suppliers/frameworks/g-cloud-14/declaration/edit/ultimate-parent-company;/suppliers/frameworks/g-cloud-14/declaration/edit/immediate-parent-company;/suppliers/frameworks/g-cloud-14/declaration/edit/immediate-parent-company;localhost:7100;504;0 Assertion failed;60;723;DMP-1.5-Dryrun;DMP 1.5 Supplier Registration - Working on AWS NFT#1033 - Actions#1;
1706278813875;POST https://www.nft.marketplace.team/suppliers/frameworks/g-cloud-14/declaration/edit/immediate-parent-company;/suppliers/frameworks/g-cloud-14/declaration/edit/immediate-parent-company;;localhost:7100;504;0 Assertion failed;60;723;DMP-1.5-Dryrun;DMP 1.5 Supplier Registration - Working on AWS NFT#1118 - Actions#1;
1706278814140;GET https://www.nft.marketplace.team/suppliers/frameworks/g-cloud-14/declaration/edit/persons-with-significant-control;/suppliers/frameworks/g-cloud-14/declaration/edit/authorisation-or-organisation-legal-requireme;/suppliers/frameworks/g-cloud-14/declaration/edit/authorisation-or-organisation-legal-requirement;localhost:7100;504;0 Assertion failed;60;723;DMP-1.5-Dryrun;DMP 1.5 Supplier Registration - Working on AWS NFT#1209 - Actions#1;
1706278814285;POST https://www.nft.marketplace.team/suppliers/frameworks/g-cloud-14/declaration/edit/persons-with-significant-control;/suppliers/frameworks/g-cloud-14/declaration/edit/persons-with-significant-control;;localhost:7100;504;0 Assertion failed;60;723;DMP-1.5-Dryrun;DMP 1.5 Supplier Registration - Working on AWS NFT#1162 - Actions#1;
1706278814563;POST https://www.nft.marketplace.team/suppliers/details;/suppliers/details;/suppliers/details;localhost:7100;504;0 Assertion failed;60;761;DMP-1.5-Dryrun;DMP 1.5 Supplier Registration - Working on AWS NFT#1338 - Actions#1;
1706278814623;POST https://www.nft.marketplace.team/suppliers/frameworks/g-cloud-14/submissions/cloud-hosting/281000/edit/pricing/free-or-trial-versions;/suppliers/frameworks/g-cloud-14/submissions/cloud-hosting/281140/edit/pricing/free-or-trial-ve_1;;localhost:7100;504;0 Assertion failed;60;723;DMP-1.5-Dryrun;DMP 1.5 Supplier Registration - Working on AWS NFT#118 - Actions#1;
1706278814863;POST https://www.nft.marketplace.team/suppliers/frameworks/g-cloud-14/declaration/edit/authorisation-or-organisation-legal-requirement;/suppliers/frameworks/g-cloud-14/declaration/edit/authorisation-or-organisation-legal-requireme;;localhost:7100;504;0 Assertion failed;60;761;DMP-1.5-Dryrun;DMP 1.5 Supplier Registration - Working on AWS NFT#1096 - Actions#1;
1706278814941;POST https://www.nft.marketplace.team/suppliers/frameworks/g-cloud-14/declaration/edit/immediate-parent-company;/suppliers/frameworks/g-cloud-14/declaration/edit/immediate-parent-company;;localhost:7100;504;0 Assertion failed;60;761;DMP-1.5-Dryrun;DMP 1.5 Supplier Registration - Working on AWS NFT#1045 - Actions#1;
1706278815150;GET https://www.nft.marketplace.team/suppliers/frameworks/g-cloud-14/declaration/edit/health-and-safety;/suppliers/frameworks/g-cloud-14/declaration/edit/data-protection;/suppliers/frameworks/g-cloud-14/declaration/edit/data-protection;localhost:7100;504;0 Assertion failed;60;761;DMP-1.5-Dryrun;DMP 1.5 Supplier Registration - Working on AWS NFT#652 - Actions#1;
1706278815839;GET https://www.nft.marketplace.team/suppliers/frameworks/g-cloud-14/declaration/edit/economic-and-financial-standing;/suppliers/frameworks/g-cloud-14/declaration/edit/modern-slavery;/suppliers/frameworks/g-cloud-14/declaration/edit/modern-slavery;localhost:7100;504;0 Assertion failed;60;723;DMP-1.5-Dryrun;DMP 1.5 Supplier Registration - Working on AWS NFT#881 - Actions#1;
1706278816305;POST https://www.nft.marketplace.team/suppliers/frameworks/g-cloud-14/submissions/service-type;/suppliers/frameworks/g-cloud-14/submissions/service-type;;localhost:7100;504;0 Assertion failed;60;761;DMP-1.5-Dryrun;DMP 1.5 Supplier Registration - Working on AWS NFT#579 - Actions#1;
1706278816449;GET https://www.nft.marketplace.team/suppliers/frameworks/g-cloud-14/declaration/edit/group-or-consortium;/suppliers/frameworks/g-cloud-14/declaration/edit/ultimate-parent-company;/suppliers/frameworks/g-cloud-14/declaration/edit/ultimate-parent-company;localhost:7100;504;0 Assertion failed;60;761;DMP-1.5-Dryrun;DMP 1.5 Supplier Registration - Working on AWS NFT#1040 - Actions#1;
1706278817214;GET https://www.nft.marketplace.team/suppliers/frameworks/g-cloud-14/declaration/edit/insurance-requirements;/suppliers/frameworks/g-cloud-14/declaration/edit/value-added-tax;/suppliers/frameworks/g-cloud-14/declaration/edit/value-added-tax;localhost:7100;504;0 Assertion failed;60;723;DMP-1.5-Dryrun;DMP 1.5 Supplier Registration - Working on AWS NFT#897 - Actions#1;
1706278817483;GET https://www.nft.marketplace.team/suppliers/frameworks/g-cloud-14/declaration/edit/ultimate-parent-company;/suppliers/frameworks/g-cloud-14/declaration/edit/immediate-parent-company;/suppliers/frameworks/g-cloud-14/declaration/edit/immediate-parent-company;localhost:7100;504;0 Assertion failed;60;761;DMP-1.5-Dryrun;DMP 1.5 Supplier Registration - Working on AWS NFT#1036 - Actions#1;
1706278817756;GET https://www.nft.marketplace.team/suppliers/frameworks/g-cloud-14/declaration/edit/grounds-for-mandatory-exclusion-taxes;/suppliers/frameworks/g-cloud-14/declaration/edit/grounds-for-mandatory-exclusion;/suppliers/frameworks/g-cloud-14/declaration/edit/grounds-for-mandatory-exclusion;localhost:7100;504;0 Assertion failed;60;723;DMP-1.5-Dryrun;DMP 1.5 Supplier Registration - Working on AWS NFT#150 - Actions#2;
1706278817836;POST https://www.nft.marketplace.team/suppliers/details;/suppliers/details;/suppliers/details;localhost:7100;504;0 Assertion failed;60;761;DMP-1.5-Dryrun;DMP 1.5 Supplier Registration - Working on AWS NFT#1343 - Actions#1;
1706278817860;GET https://www.nft.marketplace.team/suppliers/frameworks/g-cloud-14/declaration/reuse;/suppliers/frameworks/g-cloud-14/declaration/reuse;;localhost:7100;504;0 Assertion failed;60;761;DMP-1.5-Dryrun;DMP 1.5 Supplier Registration - Working on AWS NFT#1246 - Actions#1;
1706278817863;GET https://www.nft.marketplace.team/suppliers/frameworks/g-cloud-14/declaration/edit/contracts-finder;/suppliers/frameworks/g-cloud-14/declaration/edit/health-and-safety;/suppliers/frameworks/g-cloud-14/declaration/edit/health-and-safety;localhost:7100;504;0 Assertion failed;60;723;DMP-1.5-Dryrun;DMP 1.5 Supplier Registration - Working on AWS NFT#766 - Actions#1;
1706278818054;GET https://www.nft.marketplace.team/suppliers/frameworks/g-cloud-14/declaration/edit/providing-suitable-services;/suppliers/frameworks/g-cloud-14/declaration/edit/providing-suitable-services;;localhost:7100;504;0 Assertion failed;60;723;DMP-1.5-Dryrun;DMP 1.5 Supplier Registration - Working on AWS NFT#1290 - Actions#1;
1706278818111;POST https://www.nft.marketplace.team/suppliers/frameworks/g-cloud-14/declaration/edit/value-added-tax;/suppliers/frameworks/g-cloud-14/declaration/edit/value-added-tax;;localhost:7100;504;0 Assertion failed;60;761;DMP-1.5-Dryrun;DMP 1.5 Supplier Registration - Working on AWS NFT#800 - Actions#1;
1706278818307;GET https://www.nft.marketplace.team/suppliers/frameworks/g-cloud-14/declaration/edit/contracts-finder;/suppliers/frameworks/g-cloud-14/declaration/edit/health-and-safety;/suppliers/frameworks/g-cloud-14/declaration/edit/health-and-safety;localhost:7100;504;0 Assertion failed;60;723;DMP-1.5-Dryrun;DMP 1.5 Supplier Registration - Working on AWS NFT#691 - Actions#1;
1706278818312;GET https://www.nft.marketplace.team/suppliers/frameworks/g-cloud-14/declaration/edit/grounds-for-discretionary-exclusion;/suppliers/frameworks/g-cloud-14/declaration/edit/grounds-for-mandatory-exclusion-taxes;/suppliers/frameworks/g-cloud-14/declaration/edit/grounds-for-mandatory-exclusion-taxes;localhost:7100;504;0 Assertion failed;60;723;DMP-1.5-Dryrun;DMP 1.5 Supplier Registration - Working on AWS NFT#985 - Actions#1;
1706278818326;POST https://www.nft.marketplace.team/suppliers/frameworks/g-cloud-14/declaration/edit/providing-suitable-services;/suppliers/frameworks/g-cloud-14/declaration/edit/providing-suitable-services;;localhost:7100;504;0 Assertion failed;60;723;DMP-1.5-Dryrun;DMP 1.5 Supplier Registration - Working on AWS NFT#180 - Actions#2;
1706278818621;GET https://www.nft.marketplace.team/suppliers/frameworks/g-cloud-14/declaration/edit/providing-suitable-services;/suppliers/frameworks/g-cloud-14/declaration/edit/providing-suitable-services;;localhost:7100;504;0 Assertion failed;60;723;DMP-1.5-Dryrun;DMP 1.5 Supplier Registration - Working on AWS NFT#1308 - Actions#1;
1706278818703;POST https://www.nft.marketplace.team/suppliers/frameworks/g-cloud-14/declaration/edit/what-it-means-to-be-on-g-cloud-14;/suppliers/frameworks/g-cloud-14/declaration/edit/what-it-means-to-be-on-g-cloud-14;;localhost:7100;504;0 Assertion failed;60;761;DMP-1.5-Dryrun;DMP 1.5 Supplier Registration - Working on AWS NFT#1253 - Actions#1;
1706278818707;POST https://www.nft.marketplace.team/suppliers/details;/suppliers/details;/suppliers/details;localhost:7100;504;0 Assertion failed;60;723;DMP-1.5-Dryrun;DMP 1.5 Supplier Registration - Working on AWS NFT#1324 - Actions#1;
1706278818821;GET https://www.nft.marketplace.team/suppliers/details;/suppliers/details;;localhost:7100;504;0 Assertion failed;60;761;DMP-1.5-Dryrun;DMP 1.5 Supplier Registration - Working on AWS NFT#1358 - Actions#1;
1706278819234;GET https://www.nft.marketplace.team/suppliers/frameworks/g-cloud-14/declaration/edit/providing-suitable-services;/suppliers/frameworks/g-cloud-14/declaration/edit/providing-suitable-services;;localhost:7100;504;0 Assertion failed;60;761;DMP-1.5-Dryrun;DMP 1.5 Supplier Registration - Working on AWS NFT#1228 - Actions#1;
1706278819524;GET https://www.nft.marketplace.team/suppliers/frameworks/g-cloud-14/submissions/cloud-hosting/281033/edit/audit-information-for-users/audit-for-suppliers-users-actions;/suppliers/frameworks/g-cloud-14/submissions/cloud-hosting/281140/edit/audit-information-for-us;/suppliers/frameworks/g-cloud-14/submissions/cloud-hosting/${pServiceId}/edit/audit-information-for-users/audit-for-buyers-users-actions;localhost:7100;504;0 Assertion failed;60;723;DMP-1.5-Dryrun;DMP 1.5 Supplier Registration - Working on AWS NFT#184 - Actions#1;
1706278819575;GET https://www.nft.marketplace.team/suppliers/frameworks/g-cloud-14/declaration/edit/providing-suitable-services;/suppliers/frameworks/g-cloud-14/declaration/edit/providing-suitable-services;;localhost:7100;504;0 Assertion failed;60;761;DMP-1.5-Dryrun;DMP 1.5 Supplier Registration - Working on AWS NFT#1287 - Actions#1;
1706278819821;POST https://www.nft.marketplace.team/suppliers/frameworks/g-cloud-14/declaration/edit/value-added-tax;/suppliers/frameworks/g-cloud-14/declaration/edit/value-added-tax;;localhost:7100;504;0 Assertion failed;60;723;DMP-1.5-Dryrun;DMP 1.5 Supplier Registration - Working on AWS NFT#842 - Actions#1;
1706278820253;POST https://www.nft.marketplace.team/suppliers/frameworks/g-cloud-14/declaration/edit/economic-and-financial-standing;/suppliers/frameworks/g-cloud-14/declaration/edit/economic-and-financial-standing;;localhost:7100;504;0 Assertion failed;60;723;DMP-1.5-Dryrun;DMP 1.5 Supplier Registration - Working on AWS NFT#847 - Actions#1;
1706278820524;GET https://www.nft.marketplace.team/suppliers/frameworks/g-cloud-14/declaration/edit/group-or-consortium;/suppliers/frameworks/g-cloud-14/declaration/edit/ultimate-parent-company;/suppliers/frameworks/g-cloud-14/declaration/edit/ultimate-parent-company;localhost:7100;504;0 Assertion failed;60;723;DMP-1.5-Dryrun;DMP 1.5 Supplier Registration - Working on AWS NFT#1094 - Actions#1;
1706278820683;POST https://www.nft.marketplace.team/suppliers/details;/suppliers/details;/suppliers/details;localhost:7100;504;0 Assertion failed;60;723;DMP-1.5-Dryrun;DMP 1.5 Supplier Registration - Working on AWS NFT#1327 - Actions#1;
1706278820696;POST https://www.nft.marketplace.team/suppliers/frameworks/g-cloud-14/declaration/edit/grounds-for-discretionary-exclusion;/suppliers/frameworks/g-cloud-14/declaration/edit/grounds-for-discretionary-exclusion;;localhost:7100;504;0 Assertion failed;60;723;DMP-1.5-Dryrun;DMP 1.5 Supplier Registration - Working on AWS NFT#965 - Actions#1;
1706278821194;POST https://www.nft.marketplace.team/suppliers/frameworks/g-cloud-14/declaration/edit/health-and-safety;/suppliers/frameworks/g-cloud-14/declaration/edit/health-and-safety;;localhost:7100;504;0 Assertion failed;60;723;DMP-1.5-Dryrun;DMP 1.5 Supplier Registration - Working on AWS NFT#129 - Actions#2;
1706278822026;GET https://www.nft.marketplace.team/suppliers/frameworks/g-cloud-14/declaration/edit/health-and-safety;/suppliers/frameworks/g-cloud-14/declaration/edit/data-protection;/suppliers/frameworks/g-cloud-14/declaration/edit/data-protection;localhost:7100;504;0 Assertion failed;60;723;DMP-1.5-Dryrun;DMP 1.5 Supplier Registration - Working on AWS NFT#785 - Actions#1;
1706278822215;GET https://www.nft.marketplace.team/suppliers/frameworks/g-cloud-14;/suppliers/details;/suppliers/details;localhost:7100;504;0 Assertion failed;60;723;DMP-1.5-Dryrun;DMP 1.5 Supplier Registration - Working on AWS NFT#1322 - Actions#1;
1706278822398;POST https://www.nft.marketplace.team/suppliers/frameworks/g-cloud-14/declaration/edit/working-with-government;/suppliers/frameworks/g-cloud-14/declaration/edit/working-with-government;;localhost:7100;504;0 Assertion failed;60;723;DMP-1.5-Dryrun;DMP 1.5 Supplier Registration - Working on AWS NFT#933 - Actions#1;
1706278822496;GET https://www.nft.marketplace.team/suppliers/frameworks/g-cloud-14/declaration/edit/immediate-parent-company;/suppliers/frameworks/g-cloud-14/declaration/edit/persons-with-significant-control;/suppliers/frameworks/g-cloud-14/declaration/edit/persons-with-significant-control;localhost:7100;504;0 Assertion failed;60;723;DMP-1.5-Dryrun;DMP 1.5 Supplier Registration - Working on AWS NFT#1153 - Actions#1;
1706278822872;POST https://www.nft.marketplace.team/suppliers/frameworks/g-cloud-14/declaration/edit/persons-with-significant-control;/suppliers/frameworks/g-cloud-14/declaration/edit/persons-with-significant-control;;localhost:7100;504;0 Assertion failed;60;761;DMP-1.5-Dryrun;DMP 1.5 Supplier Registration - Working on AWS NFT#1177 - Actions#1;
1706278823008;POST https://www.nft.marketplace.team/suppliers/frameworks/g-cloud-14/declaration/edit/immediate-parent-company;/suppliers/frameworks/g-cloud-14/declaration/edit/immediate-parent-company;;localhost:7100;504;0 Assertion failed;60;723;DMP-1.5-Dryrun;DMP 1.5 Supplier Registration - Working on AWS NFT#1053 - Actions#1;
1706278823193;GET https://www.nft.marketplace.team/suppliers/frameworks/g-cloud-14/declaration/edit/providing-suitable-services;/suppliers/frameworks/g-cloud-14/declaration/edit/providing-suitable-services;;localhost:7100;504;0 Assertion failed;60;761;DMP-1.5-Dryrun;DMP 1.5 Supplier Registration - Working on AWS NFT#1224 - Actions#1;
1706278823241;GET https://www.nft.marketplace.team/suppliers/frameworks/g-cloud-14/declaration/reuse;/suppliers/frameworks/g-cloud-14/declaration/reuse;;localhost:7100;504;0 Assertion failed;60;723;DMP-1.5-Dryrun;DMP 1.5 Supplier Registration - Working on AWS NFT#1254 - Actions#1;
1706278823425;GET https://www.nft.marketplace.team/suppliers/frameworks/g-cloud-14/declaration/edit/providing-suitable-services;/suppliers/frameworks/g-cloud-14/declaration/edit/providing-suitable-services;;localhost:7100;504;0 Assertion failed;60;723;DMP-1.5-Dryrun;DMP 1.5 Supplier Registration - Working on AWS NFT#1303 - Actions#1;
1706278823943;POST https://www.nft.marketplace.team/suppliers/frameworks/g-cloud-14/declaration/edit/persons-with-significant-control;/suppliers/frameworks/g-cloud-14/declaration/edit/persons-with-significant-control;;localhost:7100;504;0 Assertion failed;60;723;DMP-1.5-Dryrun;DMP 1.5 Supplier Registration - Working on AWS NFT#1062 - Actions#1;
1706278824323;POST https://www.nft.marketplace.team/suppliers/frameworks/g-cloud-14/declaration/edit/persons-with-significant-control;/suppliers/frameworks/g-cloud-14/declaration/edit/persons-with-significant-control;;localhost:7100;504;0 Assertion failed;60;723;DMP-1.5-Dryrun;DMP 1.5 Supplier Registration - Working on AWS NFT#1184 - Actions#1;
1706278825004;GET https://www.nft.marketplace.team/suppliers/details;/suppliers/details;;localhost:7100;504;0 Assertion failed;60;761;DMP-1.5-Dryrun;DMP 1.5 Supplier Registration - Working on AWS NFT#1355 - Actions#1;
1706278825023;GET https://www.nft.marketplace.team/suppliers/frameworks/g-cloud-14/declaration/edit/providing-suitable-services;/suppliers/frameworks/g-cloud-14/declaration/edit/providing-suitable-services;;localhost:7100;504;0 Assertion failed;60;761;DMP-1.5-Dryrun;DMP 1.5 Supplier Registration - Working on AWS NFT#1300 - Actions#1;
1706278825050;POST https://www.nft.marketplace.team/suppliers/frameworks/g-cloud-14/declaration/edit/immediate-parent-company;/suppliers/frameworks/g-cloud-14/declaration/edit/immediate-parent-company;;localhost:7100;504;0 Assertion failed;60;723;DMP-1.5-Dryrun;DMP 1.5 Supplier Registration - Working on AWS NFT#1083 - Actions#1;
1706278826062;GET https://www.nft.marketplace.team/suppliers/frameworks/g-cloud-14/declaration/edit/value-added-tax;/suppliers/frameworks/g-cloud-14/declaration/edit/working-with-government;/suppliers/frameworks/g-cloud-14/declaration/edit/working-with-government;localhost:7100;504;0 Assertion failed;60;723;DMP-1.5-Dryrun;DMP 1.5 Supplier Registration - Working on AWS NFT#937 - Actions#1;
1706278826139;GET https://www.nft.marketplace.team/suppliers/frameworks/g-cloud-14/declaration/edit/contact-details;/suppliers/frameworks/g-cloud-14/declaration/edit/declaration-of-accuracy-and-understanding;/suppliers/frameworks/g-cloud-14/declaration/edit/declaration-of-accuracy-and-understanding;localhost:7100;504;0 Assertion failed;60;723;DMP-1.5-Dryrun;DMP 1.5 Supplier Registration - Working on AWS NFT#653 - Actions#1;
1706278826248;GET https://www.nft.marketplace.team/suppliers/frameworks/g-cloud-14;/suppliers/details;/suppliers/details;localhost:7100;504;0 Assertion failed;60;723;DMP-1.5-Dryrun;DMP 1.5 Supplier Registration - Working on AWS NFT#1314 - Actions#1;
1706278826418;GET https://www.nft.marketplace.team/suppliers/frameworks/g-cloud-14/declaration/start;/suppliers/frameworks/g-cloud-14/declaration/start;;localhost:7100;504;0 Assertion failed;60;761;DMP-1.5-Dryrun;DMP 1.5 Supplier Registration - Working on AWS NFT#1292 - Actions#1;
1706278826473;GET https://www.nft.marketplace.team/suppliers/frameworks/g-cloud-14/submissions/cloud-hosting/281250/edit/scaling/scaling;/suppliers/frameworks/g-cloud-14/submissions/cloud-hosting/281140/edit/scaling/scaling;;localhost:7100;504;0 Assertion failed;60;723;DMP-1.5-Dryrun;DMP 1.5 Supplier Registration - Working on AWS NFT#215 - Actions#1;
1706278827953;POST https://www.nft.marketplace.team/suppliers/frameworks/g-cloud-14/declaration/edit/ultimate-parent-company;/suppliers/frameworks/g-cloud-14/declaration/edit/ultimate-parent-company;;localhost:7100;504;0 Assertion failed;60;723;DMP-1.5-Dryrun;DMP 1.5 Supplier Registration - Working on AWS NFT#1058 - Actions#1;
1706278828769;POST https://www.nft.marketplace.team/suppliers/frameworks/g-cloud-14/submissions/cloud-hosting/281296/edit/service-scope/service-constraints;/suppliers/frameworks/g-cloud-14/submissions/cloud-hosting/281140/edit/service-scope/service-co;;localhost:7100;504;0 Assertion failed;60;723;DMP-1.5-Dryrun;DMP 1.5 Supplier Registration - Working on AWS NFT#473 - Actions#1;
1706278828781;POST https://www.nft.marketplace.team/suppliers/frameworks/g-cloud-14/declaration/edit/key-subcontractors;/suppliers/frameworks/g-cloud-14/declaration/edit/key-subcontractors;;localhost:7100;504;0 Assertion failed;60;723;DMP-1.5-Dryrun;DMP 1.5 Supplier Registration - Working on AWS NFT#1012 - Actions#1;
1706278828895;POST https://www.nft.marketplace.team/suppliers/details;/suppliers/details;/suppliers/details;localhost:7100;504;0 Assertion failed;60;761;DMP-1.5-Dryrun;DMP 1.5 Supplier Registration - Working on AWS NFT#183 - Actions#2;
1706278828979;POST https://www.nft.marketplace.team/suppliers/frameworks/g-cloud-14/submissions/cloud-hosting/281087/edit/operational-security/vulnerability-management-approach;/suppliers/frameworks/g-cloud-14/submissions/cloud-hosting/281140/edit/operational-security/vul;;localhost:7100;504;0 Assertion failed;60;761;DMP-1.5-Dryrun;DMP 1.5 Supplier Registration - Working on AWS NFT#245 - Actions#1;
1706278829039;POST https://www.nft.marketplace.team/suppliers/frameworks/g-cloud-14/declaration/edit/group-or-consortium;/suppliers/frameworks/g-cloud-14/declaration/edit/group-or-consortium;;localhost:7100;504;0 Assertion failed;60;761;DMP-1.5-Dryrun;DMP 1.5 Supplier Registration - Working on AWS NFT#1124 - Actions#1;
1706278829365;POST https://www.nft.marketplace.team/suppliers/frameworks/g-cloud-14/declaration/edit/immediate-parent-company;/suppliers/frameworks/g-cloud-14/declaration/edit/immediate-parent-company;;localhost:7100;504;0 Assertion failed;60;723;DMP-1.5-Dryrun;DMP 1.5 Supplier Registration - Working on AWS NFT#1215 - Actions#1;
1706278829418;POST https://www.nft.marketplace.team/suppliers/frameworks/g-cloud-14/declaration/edit/value-added-tax;/suppliers/frameworks/g-cloud-14/declaration/edit/value-added-tax;;localhost:7100;504;0 Assertion failed;60;761;DMP-1.5-Dryrun;DMP 1.5 Supplier Registration - Working on AWS NFT#859 - Actions#1;
1706278830077;POST https://www.nft.marketplace.team/suppliers/details;/suppliers/details;/suppliers/details;localhost:7100;504;0 Assertion failed;60;723;DMP-1.5-Dryrun;DMP 1.5 Supplier Registration - Working on AWS NFT#1342 - Actions#1;
1706278830128;GET https://www.nft.marketplace.team/suppliers/frameworks/g-cloud-14/declaration/edit/group-or-consortium;/suppliers/frameworks/g-cloud-14/declaration/edit/ultimate-parent-company;/suppliers/frameworks/g-cloud-14/declaration/edit/ultimate-parent-company;localhost:7100;504;0 Assertion failed;60;723;DMP-1.5-Dryrun;DMP 1.5 Supplier Registration - Working on AWS NFT#1121 - Actions#1;
1706278830549;POST https://www.nft.marketplace.team/suppliers/frameworks/g-cloud-14/submissions/cloud-hosting/create;/suppliers/frameworks/g-cloud-14/submissions/cloud-hosting/create;;localhost:7100;504;0 Assertion failed;60;761;DMP-1.5-Dryrun;DMP 1.5 Supplier Registration - Working on AWS NFT#507 - Actions#1;
1706278830851;POST https://www.nft.marketplace.team/suppliers/frameworks/g-cloud-14/declaration/edit/economic-and-financial-standing;/suppliers/frameworks/g-cloud-14/declaration/edit/economic-and-financial-standing;;localhost:7100;504;0 Assertion failed;60;761;DMP-1.5-Dryrun;DMP 1.5 Supplier Registration - Working on AWS NFT#864 - Actions#1;
1706278831122;POST https://www.nft.marketplace.team/suppliers/frameworks/g-cloud-14/declaration/edit/health-and-safety;/suppliers/frameworks/g-cloud-14/declaration/edit/health-and-safety;;localhost:7100;504;0 Assertion failed;60;723;DMP-1.5-Dryrun;DMP 1.5 Supplier Registration - Working on AWS NFT#706 - Actions#1;
1706278831410;GET https://www.nft.marketplace.team/suppliers/frameworks/g-cloud-14/declaration/edit/what-it-means-to-be-on-g-cloud-14;/suppliers/frameworks/g-cloud-14/declaration/edit/providing-suitable-services;/suppliers/frameworks/g-cloud-14/declaration/edit/providing-suitable-services;localhost:7100;504;0 Assertion failed;60;723;DMP-1.5-Dryrun;DMP 1.5 Supplier Registration - Working on AWS NFT#1283 - Actions#1;
1706278831584;POST https://www.nft.marketplace.team/suppliers/frameworks/g-cloud-14/declaration/edit/economic-and-financial-standing;/suppliers/frameworks/g-cloud-14/declaration/edit/economic-and-financial-standing;;localhost:7100;504;0 Assertion failed;60;723;DMP-1.5-Dryrun;DMP 1.5 Supplier Registration - Working on AWS NFT#935 - Actions#1;
1706278832477;POST https://www.nft.marketplace.team/suppliers/details;/suppliers/details;/suppliers/details;localhost:7100;504;0 Assertion failed;60;723;DMP-1.5-Dryrun;DMP 1.5 Supplier Registration - Working on AWS NFT#1332 - Actions#1;
1706278833973;POST https://www.nft.marketplace.team/suppliers/frameworks/g-cloud-14/declaration/edit/health-and-safety;/suppliers/frameworks/g-cloud-14/declaration/edit/health-and-safety;;localhost:7100;504;0 Assertion failed;60;761;DMP-1.5-Dryrun;DMP 1.5 Supplier Registration - Working on AWS NFT#654 - Actions#1;
1706278834167;GET https://www.nft.marketplace.team/suppliers/frameworks/g-cloud-14/declaration/edit/providing-suitable-services;/suppliers/frameworks/g-cloud-14/declaration/edit/providing-suitable-services;;localhost:7100;504;0 Assertion failed;60;723;DMP-1.5-Dryrun;DMP 1.5 Supplier Registration - Working on AWS NFT#1251 - Actions#1;
1706278834495;GET https://www.nft.marketplace.team/suppliers/frameworks/g-cloud-14/submissions/cloud-hosting/281247/edit/onboarding-and-offboarding/end-of-contract-data-extraction;/suppliers/frameworks/g-cloud-14/submissions/cloud-hosting/281140/edit/onboarding-and-offboardi;/suppliers/frameworks/g-cloud-14/submissions/cloud-hosting/${pServiceId}/edit/onboarding-and-offboarding/documentation;localhost:7100;504;0 Assertion failed;60;723;DMP-1.5-Dryrun;DMP 1.5 Supplier Registration - Working on AWS NFT#237 - Actions#1;
1706278834611;POST https://www.nft.marketplace.team/suppliers/frameworks/g-cloud-14/declaration/edit/group-or-consortium;/suppliers/frameworks/g-cloud-14/declaration/edit/group-or-consortium;;localhost:7100;504;0 Assertion failed;60;761;DMP-1.5-Dryrun;DMP 1.5 Supplier Registration - Working on AWS NFT#1038 - Actions#1;
1706278835463;GET https://www.nft.marketplace.team/suppliers/frameworks/g-cloud-14/declaration/reuse;/suppliers/frameworks/g-cloud-14/declaration/reuse;;localhost:7100;504;0 Assertion failed;60;723;DMP-1.5-Dryrun;DMP 1.5 Supplier Registration - Working on AWS NFT#1309 - Actions#1;
1706278836225;GET https://www.nft.marketplace.team/suppliers/frameworks/g-cloud-14/declaration/start;/suppliers/frameworks/g-cloud-14/declaration/start;;localhost:7100;504;0 Assertion failed;60;761;DMP-1.5-Dryrun;DMP 1.5 Supplier Registration - Working on AWS NFT#1259 - Actions#1;
1706278836944;POST https://www.nft.marketplace.team/suppliers/frameworks/g-cloud-14/declaration/edit/persons-with-significant-control;/suppliers/frameworks/g-cloud-14/declaration/edit/persons-with-significant-control;;localhost:7100;504;0 Assertion failed;60;723;DMP-1.5-Dryrun;DMP 1.5 Supplier Registration - Working on AWS NFT#1159 - Actions#1;
1706278837222;POST https://www.nft.marketplace.team/suppliers/frameworks/g-cloud-14/submissions/cloud-hosting/281202/edit/data-in-transit-protection/protection-between-networks;/suppliers/frameworks/g-cloud-14/submissions/cloud-hosting/281140/edit/data-in-transit-protecti;;localhost:7100;504;0 Assertion failed;60;723;DMP-1.5-Dryrun;DMP 1.5 Supplier Registration - Working on AWS NFT#354 - Actions#1;
1706278837346;POST https://www.nft.marketplace.team/suppliers/frameworks/g-cloud-14/declaration/edit/economic-and-financial-standing;/suppliers/frameworks/g-cloud-14/declaration/edit/economic-and-financial-standing;;localhost:7100;504;0 Assertion failed;60;761;DMP-1.5-Dryrun;DMP 1.5 Supplier Registration - Working on AWS NFT#854 - Actions#1;
1706278837397;GET https://www.nft.marketplace.team/suppliers/frameworks/g-cloud-14/declaration/edit/providing-suitable-services;/suppliers/frameworks/g-cloud-14/declaration/edit/providing-suitable-services;;localhost:7100;504;0 Assertion failed;60;761;DMP-1.5-Dryrun;DMP 1.5 Supplier Registration - Working on AWS NFT#1272 - Actions#1;
1706278838287;POST https://www.nft.marketplace.team/suppliers/frameworks/g-cloud-14/submissions/cloud-hosting/281206/edit/asset-protection/data-storage-and-processing-locations;/suppliers/frameworks/g-cloud-14/submissions/cloud-hosting/281140/edit/asset-protection/data-st;;localhost:7100;504;0 Assertion failed;60;723;DMP-1.5-Dryrun;DMP 1.5 Supplier Registration - Working on AWS NFT#541 - Actions#1;
1706278838587;POST https://www.nft.marketplace.team/suppliers/frameworks/g-cloud-14/declaration/edit/modern-slavery;/suppliers/frameworks/g-cloud-14/declaration/edit/modern-slavery;;localhost:7100;504;0 Assertion failed;60;723;DMP-1.5-Dryrun;DMP 1.5 Supplier Registration - Working on AWS NFT#905 - Actions#1;
1706278838935;GET https://www.nft.marketplace.team/suppliers/frameworks/g-cloud-14/declaration/edit/immediate-parent-company;/suppliers/frameworks/g-cloud-14/declaration/edit/persons-with-significant-control;/suppliers/frameworks/g-cloud-14/declaration/edit/persons-with-significant-control;localhost:7100;504;0 Assertion failed;60;723;DMP-1.5-Dryrun;DMP 1.5 Supplier Registration - Working on AWS NFT#1170 - Actions#1;
1706278839286;GET https://www.nft.marketplace.team/suppliers/frameworks/g-cloud-14/submissions/cloud-hosting/281245;/suppliers/frameworks/g-cloud-14/submissions/cloud-hosting/281140/edit/onboarding-and-offboardi;/suppliers/frameworks/g-cloud-14/submissions/cloud-hosting/${pServiceId}/edit/onboarding-and-offboarding/end-of-contract-process;localhost:7100;504;0 Assertion failed;60;723;DMP-1.5-Dryrun;DMP 1.5 Supplier Registration - Working on AWS NFT#246 - Actions#1;
1706278839661;GET https://www.nft.marketplace.team/suppliers/frameworks/g-cloud-14/declaration/edit/immediate-parent-company;/suppliers/frameworks/g-cloud-14/declaration/edit/persons-with-significant-control;/suppliers/frameworks/g-cloud-14/declaration/edit/persons-with-significant-control;localhost:7100;504;0 Assertion failed;60;761;DMP-1.5-Dryrun;DMP 1.5 Supplier Registration - Working on AWS NFT#1199 - Actions#1;
1706278839859;GET https://www.nft.marketplace.team/suppliers/frameworks/g-cloud-14/declaration/edit/group-or-consortium;/suppliers/frameworks/g-cloud-14/declaration/edit/ultimate-parent-company;/suppliers/frameworks/g-cloud-14/declaration/edit/ultimate-parent-company;localhost:7100;504;0 Assertion failed;60;723;DMP-1.5-Dryrun;DMP 1.5 Supplier Registration - Working on AWS NFT#1101 - Actions#1;
1706278840179;GET https://www.nft.marketplace.team/suppliers/frameworks/g-cloud-14/declaration/reuse;/suppliers/frameworks/g-cloud-14/declaration/reuse;;localhost:7100;504;0 Assertion failed;60;723;DMP-1.5-Dryrun;DMP 1.5 Supplier Registration - Working on AWS NFT#1270 - Actions#1;
1706278840575;GET https://www.nft.marketplace.team/suppliers/frameworks/g-cloud-14/declaration/edit/immediate-parent-company;/suppliers/frameworks/g-cloud-14/declaration/edit/persons-with-significant-control;/suppliers/frameworks/g-cloud-14/declaration/edit/persons-with-significant-control;localhost:7100;504;0 Assertion failed;60;761;DMP-1.5-Dryrun;DMP 1.5 Supplier Registration - Working on AWS NFT#1151 - Actions#1;
1706278840577;POST https://www.nft.marketplace.team/suppliers/frameworks/g-cloud-14/declaration/edit/insurance-requirements;/suppliers/frameworks/g-cloud-14/declaration/edit/insurance-requirements;;localhost:7100;504;0 Assertion failed;60;761;DMP-1.5-Dryrun;DMP 1.5 Supplier Registration - Working on AWS NFT#884 - Actions#1;
1706278840899;POST https://www.nft.marketplace.team/suppliers/frameworks/g-cloud-14/declaration/edit/grounds-for-mandatory-exclusion-taxes;/suppliers/frameworks/g-cloud-14/declaration/edit/grounds-for-mandatory-exclusion-taxes;;localhost:7100;504;0 Assertion failed;60;761;DMP-1.5-Dryrun;DMP 1.5 Supplier Registration - Working on AWS NFT#869 - Actions#1;
1706278840909;GET https://www.nft.marketplace.team/suppliers/frameworks/g-cloud-14;/suppliers/details;/suppliers/details;localhost:7100;504;0 Assertion failed;60;761;DMP-1.5-Dryrun;DMP 1.5 Supplier Registration - Working on AWS NFT#1320 - Actions#1;
1706278841459;GET https://www.nft.marketplace.team/suppliers/frameworks/g-cloud-14/submissions;/suppliers/frameworks/g-cloud-14/submissions;;localhost:7100;504;0 Assertion failed;60;723;DMP-1.5-Dryrun;DMP 1.5 Supplier Registration - Working on AWS NFT#326 - Actions#1;
1706278841612;GET https://www.nft.marketplace.team/suppliers/frameworks/g-cloud-14/declaration/reuse;/suppliers/frameworks/g-cloud-14/declaration/reuse;;localhost:7100;504;0 Assertion failed;60;723;DMP-1.5-Dryrun;DMP 1.5 Supplier Registration - Working on AWS NFT#1315 - Actions#1;
1706278841783;GET https://www.nft.marketplace.team/suppliers/frameworks/g-cloud-14/declaration/edit/providing-suitable-services;/suppliers/frameworks/g-cloud-14/declaration/edit/providing-suitable-services;;localhost:7100;504;0 Assertion failed;60;723;DMP-1.5-Dryrun;DMP 1.5 Supplier Registration - Working on AWS NFT#1237 - Actions#1;
1706278842129;GET https://www.nft.marketplace.team/suppliers/frameworks/g-cloud-14/declaration/edit/providing-suitable-services;/suppliers/frameworks/g-cloud-14/declaration/edit/providing-suitable-services;;localhost:7100;504;0 Assertion failed;60;723;DMP-1.5-Dryrun;DMP 1.5 Supplier Registration - Working on AWS NFT#1310 - Actions#1;
1706278842517;POST https://www.nft.marketplace.team/suppliers/frameworks/g-cloud-14/declaration/edit/grounds-for-mandatory-exclusion-taxes;/suppliers/frameworks/g-cloud-14/declaration/edit/grounds-for-mandatory-exclusion-taxes;;localhost:7100;504;0 Assertion failed;60;723;DMP-1.5-Dryrun;DMP 1.5 Supplier Registration - Working on AWS NFT#980 - Actions#1;
1706278842606;GET https://www.nft.marketplace.team/suppliers/frameworks/g-cloud-14/declaration/edit/authorisation-or-organisation-legal-requirement;/suppliers/frameworks/g-cloud-14/declaration/edit/what-it-means-to-be-on-g-cloud-14;/suppliers/frameworks/g-cloud-14/declaration/edit/what-it-means-to-be-on-g-cloud-14;localhost:7100;504;0 Assertion failed;60;723;DMP-1.5-Dryrun;DMP 1.5 Supplier Registration - Working on AWS NFT#1211 - Actions#1;
1706278842925;GET https://www.nft.marketplace.team/suppliers/frameworks/g-cloud-14/submissions/cloud-hosting/281008/edit/pricing/price;/suppliers/frameworks/g-cloud-14/submissions/cloud-hosting/281140/edit/pricing/price;;localhost:7100;504;0 Assertion failed;60;723;DMP-1.5-Dryrun;DMP 1.5 Supplier Registration - Working on AWS NFT#341 - Actions#1;
1706278843416;GET https://www.nft.marketplace.team/suppliers/frameworks/g-cloud-14/declaration/edit/ultimate-parent-company;/suppliers/frameworks/g-cloud-14/declaration/edit/immediate-parent-company;/suppliers/frameworks/g-cloud-14/declaration/edit/immediate-parent-company;localhost:7100;504;0 Assertion failed;60;723;DMP-1.5-Dryrun;DMP 1.5 Supplier Registration - Working on AWS NFT#1166 - Actions#1;
1706278843476;POST https://www.nft.marketplace.team/suppliers/frameworks/g-cloud-14/declaration/edit/working-with-government;/suppliers/frameworks/g-cloud-14/declaration/edit/working-with-government;;localhost:7100;504;0 Assertion failed;60;723;DMP-1.5-Dryrun;DMP 1.5 Supplier Registration - Working on AWS NFT#814 - Actions#1;
1706278843653;GET https://www.nft.marketplace.team/suppliers/frameworks/g-cloud-14/declaration;/suppliers/frameworks/g-cloud-14/declaration/edit/contact-details;/suppliers/frameworks/g-cloud-14/declaration/edit/contact-details;localhost:7100;504;0 Assertion failed;60;761;DMP-1.5-Dryrun;DMP 1.5 Supplier Registration - Working on AWS NFT#682 - Actions#1;
1706278844598;POST https://www.nft.marketplace.team/suppliers/frameworks/g-cloud-14/declaration/edit/ultimate-parent-company;/suppliers/frameworks/g-cloud-14/declaration/edit/ultimate-parent-company;;localhost:7100;504;0 Assertion failed;60;723;DMP-1.5-Dryrun;DMP 1.5 Supplier Registration - Working on AWS NFT#1160 - Actions#1;
1706278844887;POST https://www.nft.marketplace.team/suppliers/frameworks/g-cloud-14/declaration/edit/what-it-means-to-be-on-g-cloud-14;/suppliers/frameworks/g-cloud-14/declaration/edit/what-it-means-to-be-on-g-cloud-14;;localhost:7100;504;0 Assertion failed;60;723;DMP-1.5-Dryrun;DMP 1.5 Supplier Registration - Working on AWS NFT#1217 - Actions#1;
1706278845302;POST https://www.nft.marketplace.team/suppliers/frameworks/g-cloud-14/declaration/edit/ultimate-parent-company;/suppliers/frameworks/g-cloud-14/declaration/edit/ultimate-parent-company;;localhost:7100;504;0 Assertion failed;60;723;DMP-1.5-Dryrun;DMP 1.5 Supplier Registration - Working on AWS NFT#1077 - Actions#1;
1706278845374;GET https://www.nft.marketplace.team/suppliers/frameworks/g-cloud-14/declaration/edit/providing-suitable-services;/suppliers/frameworks/g-cloud-14/declaration/edit/providing-suitable-services;;localhost:7100;504;0 Assertion failed;60;723;DMP-1.5-Dryrun;DMP 1.5 Supplier Registration - Working on AWS NFT#1284 - Actions#1;
1706278845524;GET https://www.nft.marketplace.team/suppliers/frameworks/g-cloud-14/declaration/edit/economic-and-financial-standing;/suppliers/frameworks/g-cloud-14/declaration/edit/modern-slavery;/suppliers/frameworks/g-cloud-14/declaration/edit/modern-slavery;localhost:7100;504;0 Assertion failed;60;723;DMP-1.5-Dryrun;DMP 1.5 Supplier Registration - Working on AWS NFT#808 - Actions#1;
1706278846042;GET https://www.nft.marketplace.team/suppliers/frameworks/g-cloud-14/submissions/cloud-hosting/281303/edit/about-your-service/service-description;/suppliers/frameworks/g-cloud-14/submissions/cloud-hosting/281140/edit/about-your-service/servi;;localhost:7100;504;0 Assertion failed;60;723;DMP-1.5-Dryrun;DMP 1.5 Supplier Registration - Working on AWS NFT#32 - Actions#2;
1706278846092;GET https://www.nft.marketplace.team/suppliers/frameworks/g-cloud-14/declaration/start;/suppliers/frameworks/g-cloud-14/declaration/start;;localhost:7100;504;0 Assertion failed;60;723;DMP-1.5-Dryrun;DMP 1.5 Supplier Registration - Working on AWS NFT#1328 - Actions#1;
1706278846107;GET https://www.nft.marketplace.team/suppliers/frameworks/g-cloud-14/declaration/edit/grounds-for-mandatory-exclusion-taxes;/suppliers/frameworks/g-cloud-14/declaration/edit/grounds-for-mandatory-exclusion;/suppliers/frameworks/g-cloud-14/declaration/edit/grounds-for-mandatory-exclusion;localhost:7100;504;0 Assertion failed;60;723;DMP-1.5-Dryrun;DMP 1.5 Supplier Registration - Working on AWS NFT#970 - Actions#1;
1706278846287;GET https://www.nft.marketplace.team/suppliers/frameworks/g-cloud-14/declaration/edit/ultimate-parent-company;/suppliers/frameworks/g-cloud-14/declaration/edit/immediate-parent-company;/suppliers/frameworks/g-cloud-14/declaration/edit/immediate-parent-company;localhost:7100;504;0 Assertion failed;60;723;DMP-1.5-Dryrun;DMP 1.5 Supplier Registration - Working on AWS NFT#1087 - Actions#1;
1706278847228;POST https://www.nft.marketplace.team/suppliers/frameworks/g-cloud-14/declaration/edit/contracts-finder;/suppliers/frameworks/g-cloud-14/declaration/edit/contracts-finder;;localhost:7100;504;0 Assertion failed;60;723;DMP-1.5-Dryrun;DMP 1.5 Supplier Registration - Working on AWS NFT#638 - Actions#1;
1706278848032;GET https://www.nft.marketplace.team/suppliers/frameworks/g-cloud-14/declaration/start;/suppliers/frameworks/g-cloud-14/declaration/start;;localhost:7100;504;0 Assertion failed;60;723;DMP-1.5-Dryrun;DMP 1.5 Supplier Registration - Working on AWS NFT#1340 - Actions#1;
1706278848071;GET https://www.nft.marketplace.team/suppliers/frameworks/g-cloud-14/declaration/edit/economic-and-financial-standing;/suppliers/frameworks/g-cloud-14/declaration/edit/modern-slavery;/suppliers/frameworks/g-cloud-14/declaration/edit/modern-slavery;localhost:7100;504;0 Assertion failed;60;723;DMP-1.5-Dryrun;DMP 1.5 Supplier Registration - Working on AWS NFT#144 - Actions#2;
1706278848448;GET https://www.nft.marketplace.team/suppliers/frameworks/g-cloud-14/declaration/edit/insurance-requirements;/suppliers/frameworks/g-cloud-14/declaration/edit/value-added-tax;/suppliers/frameworks/g-cloud-14/declaration/edit/value-added-tax;localhost:7100;504;0 Assertion failed;60;723;DMP-1.5-Dryrun;DMP 1.5 Supplier Registration - Working on AWS NFT#807 - Actions#1;
1706278849369;POST https://www.nft.marketplace.team/suppliers/frameworks/g-cloud-14/declaration/edit/what-it-means-to-be-on-g-cloud-14;/suppliers/frameworks/g-cloud-14/declaration/edit/what-it-means-to-be-on-g-cloud-14;;localhost:7100;504;0 Assertion failed;60;723;DMP-1.5-Dryrun;DMP 1.5 Supplier Registration - Working on AWS NFT#1268 - Actions#1;
1706278850234;GET https://www.nft.marketplace.team/suppliers/frameworks/g-cloud-14/submissions/cloud-hosting/281050/edit/secure-development/secure-development;/suppliers/frameworks/g-cloud-14/submissions/cloud-hosting/281140/edit/secure-development/secur;;localhost:7100;504;0 Assertion failed;60;723;DMP-1.5-Dryrun;DMP 1.5 Supplier Registration - Working on AWS NFT#7 - Actions#1;
1706278850469;POST https://www.nft.marketplace.team/suppliers/frameworks/g-cloud-14/declaration/edit/ultimate-parent-company;/suppliers/frameworks/g-cloud-14/declaration/edit/ultimate-parent-company;;localhost:7100;504;0 Assertion failed;60;761;DMP-1.5-Dryrun;DMP 1.5 Supplier Registration - Working on AWS NFT#162 - Actions#2;
1706278851402;POST https://www.nft.marketplace.team/suppliers/frameworks/g-cloud-14/declaration/edit/modern-slavery;/suppliers/frameworks/g-cloud-14/declaration/edit/modern-slavery;;localhost:7100;504;0 Assertion failed;60;723;DMP-1.5-Dryrun;DMP 1.5 Supplier Registration - Working on AWS NFT#976 - Actions#1;
1706278851780;POST https://www.nft.marketplace.team/suppliers/frameworks/g-cloud-14/declaration/edit/contact-details;/suppliers/frameworks/g-cloud-14/declaration/edit/contact-details;;localhost:7100;504;0 Assertion failed;60;723;DMP-1.5-Dryrun;DMP 1.5 Supplier Registration - Working on AWS NFT#795 - Actions#1;
1706278854154;POST https://www.nft.marketplace.team/suppliers/frameworks/g-cloud-14/declaration/edit/immediate-parent-company;/suppliers/frameworks/g-cloud-14/declaration/edit/immediate-parent-company;;localhost:7100;504;0 Assertion failed;60;723;DMP-1.5-Dryrun;DMP 1.5 Supplier Registration - Working on AWS NFT#1161 - Actions#1;
1706278854165;POST https://www.nft.marketplace.team/suppliers/frameworks/g-cloud-14/declaration/edit/immediate-parent-company;/suppliers/frameworks/g-cloud-14/declaration/edit/immediate-parent-company;;localhost:7100;504;0 Assertion failed;60;723;DMP-1.5-Dryrun;DMP 1.5 Supplier Registration - Working on AWS NFT#1100 - Actions#1;
1706278854253;POST https://www.nft.marketplace.team/suppliers/frameworks/g-cloud-14/declaration/edit/framework-award-form-details;/suppliers/frameworks/g-cloud-14/declaration/edit/framework-award-form-details;;localhost:7100;504;0 Assertion failed;60;723;DMP-1.5-Dryrun;DMP 1.5 Supplier Registration - Working on AWS NFT#681 - Actions#1;
1706278855042;POST https://www.nft.marketplace.team/suppliers/frameworks/g-cloud-14/declaration/edit/working-with-government;/suppliers/frameworks/g-cloud-14/declaration/edit/working-with-government;;localhost:7100;504;0 Assertion failed;60;723;DMP-1.5-Dryrun;DMP 1.5 Supplier Registration - Working on AWS NFT#834 - Actions#1;
1706278855327;GET https://www.nft.marketplace.team/suppliers/frameworks/g-cloud-14/declaration/reuse;/suppliers/frameworks/g-cloud-14/declaration/reuse;;localhost:7100;504;0 Assertion failed;60;723;DMP-1.5-Dryrun;DMP 1.5 Supplier Registration - Working on AWS NFT#1227 - Actions#1;
1706278855789;GET https://www.nft.marketplace.team/suppliers/frameworks/g-cloud-14/declaration/reuse;/suppliers/frameworks/g-cloud-14/declaration/reuse;;localhost:7100;504;0 Assertion failed;60;723;DMP-1.5-Dryrun;DMP 1.5 Supplier Registration - Working on AWS NFT#1262 - Actions#1;
1706278856168;GET https://www.nft.marketplace.team/suppliers/frameworks/g-cloud-14;/suppliers/frameworks/g-cloud-14/declaration;/suppliers/frameworks/g-cloud-14/declaration;localhost:7100;504;0 Assertion failed;60;723;DMP-1.5-Dryrun;DMP 1.5 Supplier Registration - Working on AWS NFT#594 - Actions#1;
1706278856425;GET https://www.nft.marketplace.team/suppliers/frameworks/g-cloud-14/declaration/reuse;/suppliers/frameworks/g-cloud-14/declaration/reuse;;localhost:7100;504;0 Assertion failed;60;723;DMP-1.5-Dryrun;DMP 1.5 Supplier Registration - Working on AWS NFT#1250 - Actions#1;
1706278859239;POST https://www.nft.marketplace.team/suppliers/frameworks/g-cloud-14/declaration/edit/economic-and-financial-standing;/suppliers/frameworks/g-cloud-14/declaration/edit/economic-and-financial-standing;;localhost:7100;504;0 Assertion failed;60;723;DMP-1.5-Dryrun;DMP 1.5 Supplier Registration - Working on AWS NFT#827 - Actions#1;
1706278859465;POST https://www.nft.marketplace.team/suppliers/frameworks/g-cloud-14/declaration/edit/ultimate-parent-company;/suppliers/frameworks/g-cloud-14/declaration/edit/ultimate-parent-company;;localhost:7100;504;0 Assertion failed;60;723;DMP-1.5-Dryrun;DMP 1.5 Supplier Registration - Working on AWS NFT#1069 - Actions#1;
1706278861867;POST https://www.nft.marketplace.team/suppliers/frameworks/g-cloud-14/declaration/edit/contracts-finder;/suppliers/frameworks/g-cloud-14/declaration/edit/contracts-finder;;localhost:7100;504;0 Assertion failed;60;723;DMP-1.5-Dryrun;DMP 1.5 Supplier Registration - Working on AWS NFT#710 - Actions#1;
1706278861916;GET https://www.nft.marketplace.team/suppliers/frameworks/g-cloud-14/declaration/reuse;/suppliers/frameworks/g-cloud-14/declaration/reuse;;localhost:7100;504;0 Assertion failed;60;723;DMP-1.5-Dryrun;DMP 1.5 Supplier Registration - Working on AWS NFT#1296 - Actions#1;
1706278863505;POST https://www.nft.marketplace.team/suppliers/frameworks/g-cloud-14/declaration/edit/key-subcontractors;/suppliers/frameworks/g-cloud-14/declaration/edit/key-subcontractors;;localhost:7100;504;0 Assertion failed;60;723;DMP-1.5-Dryrun;DMP 1.5 Supplier Registration - Working on AWS NFT#1092 - Actions#1;
1706278863605;GET https://www.nft.marketplace.team/suppliers/frameworks/g-cloud-14/submissions/cloud-hosting/281220/edit/data-in-transit-protection/protection-within-your-network;/suppliers/frameworks/g-cloud-14/submissions/cloud-hosting/281140/edit/data-in-transit-protecti;/suppliers/frameworks/g-cloud-14/submissions/cloud-hosting/${pServiceId}/edit/data-in-transit-protection/protection-between-networks;localhost:7100;504;0 Assertion failed;60;723;DMP-1.5-Dryrun;DMP 1.5 Supplier Registration - Working on AWS NFT#363 - Actions#1;
1706278863606;GET https://www.nft.marketplace.team/suppliers/frameworks/g-cloud-14/declaration/edit/framework-award-form-details;/suppliers/frameworks/g-cloud-14/declaration/edit/contracts-finder;/suppliers/frameworks/g-cloud-14/declaration/edit/contracts-finder;localhost:7100;504;0 Assertion failed;60;723;DMP-1.5-Dryrun;DMP 1.5 Supplier Registration - Working on AWS NFT#678 - Actions#1;
1706278863904;POST https://www.nft.marketplace.team/suppliers/frameworks/g-cloud-14/declaration/edit/economic-and-financial-standing;/suppliers/frameworks/g-cloud-14/declaration/edit/economic-and-financial-standing;;localhost:7100;504;0 Assertion failed;60;723;DMP-1.5-Dryrun;DMP 1.5 Supplier Registration - Working on AWS NFT#936 - Actions#1;
1706278864932;POST https://www.nft.marketplace.team/suppliers/frameworks/g-cloud-14/declaration/edit/working-with-government;/suppliers/frameworks/g-cloud-14/declaration/edit/working-with-government;;localhost:7100;504;0 Assertion failed;60;723;DMP-1.5-Dryrun;DMP 1.5 Supplier Registration - Working on AWS NFT#824 - Actions#1;
1706278865297;GET https://www.nft.marketplace.team/suppliers/frameworks/g-cloud-14/declaration/edit/providing-suitable-services;/suppliers/frameworks/g-cloud-14/declaration/edit/providing-suitable-services;;localhost:7100;504;0 Assertion failed;60;723;DMP-1.5-Dryrun;DMP 1.5 Supplier Registration - Working on AWS NFT#1357 - Actions#1;
1706278865362;POST https://www.nft.marketplace.team/suppliers/frameworks/g-cloud-14/submissions/cloud-hosting/281003/complete;/suppliers/frameworks/g-cloud-14/submissions/cloud-hosting/281142/complete;/suppliers/frameworks/g-cloud-14/submissions/cloud-hosting/${pServiceId};localhost:7100;504;0 Assertion failed;60;723;DMP-1.5-Dryrun;DMP 1.5 Supplier Registration - Working on AWS NFT#335 - Actions#1;
1706278868788;POST https://www.nft.marketplace.team/suppliers/frameworks/g-cloud-14/declaration/edit/what-it-means-to-be-on-g-cloud-14;/suppliers/frameworks/g-cloud-14/declaration/edit/what-it-means-to-be-on-g-cloud-14;;localhost:7100;504;0 Assertion failed;60;723;DMP-1.5-Dryrun;DMP 1.5 Supplier Registration - Working on AWS NFT#186 - Actions#2;
1706278870068;POST https://www.nft.marketplace.team/suppliers/frameworks/g-cloud-14/declaration/edit/key-subcontractors;/suppliers/frameworks/g-cloud-14/declaration/edit/key-subcontractors;;localhost:7100;504;0 Assertion failed;60;723;DMP-1.5-Dryrun;DMP 1.5 Supplier Registration - Working on AWS NFT#1031 - Actions#1;
1706278870438;GET https://www.nft.marketplace.team/suppliers/frameworks/g-cloud-14/declaration/edit/what-it-means-to-be-on-g-cloud-14;/suppliers/frameworks/g-cloud-14/declaration/edit/providing-suitable-services;/suppliers/frameworks/g-cloud-14/declaration/edit/providing-suitable-services;localhost:7100;504;0 Assertion failed;60;723;DMP-1.5-Dryrun;DMP 1.5 Supplier Registration - Working on AWS NFT#1293 - Actions#1;
1706278873940;GET https://www.nft.marketplace.team/suppliers/details;/suppliers/details;;localhost:7100;200;1 Assertion failed;10.71;32315;DMP-1.5-Dryrun;DMP 1.5 Supplier Registration - Working on AWS NFT#1366 - Actions#1;
1706278888687;GET https://www.nft.marketplace.team/suppliers/details;/suppliers/details;;localhost:7100;200;1 Assertion failed;14.2;32337;DMP-1.5-Dryrun;DMP 1.5 Supplier Registration - Working on AWS NFT#1380 - Actions#1;
1706279011192;POST https://www.nft.marketplace.team/suppliers/frameworks/g-cloud-14/declaration/edit/group-or-consortium;/suppliers/frameworks/g-cloud-14/declaration/edit/group-or-consortium;;localhost:7100;504;0 Assertion failed;60;723;DMP-1.5-Dryrun;DMP 1.5 Supplier Registration - Working on AWS NFT#1190 - Actions#1;
1706279011626;GET https://www.nft.marketplace.team/suppliers/frameworks/g-cloud-14/declaration/edit/authorisation-or-organisation-legal-requirement;/suppliers/frameworks/g-cloud-14/declaration/edit/what-it-means-to-be-on-g-cloud-14;/suppliers/frameworks/g-cloud-14/declaration/edit/what-it-means-to-be-on-g-cloud-14;localhost:7100;504;0 Assertion failed;60;723;DMP-1.5-Dryrun;DMP 1.5 Supplier Registration - Working on AWS NFT#1360 - Actions#1;
1706279011648;GET https://www.nft.marketplace.team/suppliers/frameworks/g-cloud-14/declaration/edit/health-and-safety;/suppliers/frameworks/g-cloud-14/declaration/edit/data-protection;/suppliers/frameworks/g-cloud-14/declaration/edit/data-protection;localhost:7100;504;0 Assertion failed;60;723;DMP-1.5-Dryrun;DMP 1.5 Supplier Registration - Working on AWS NFT#863 - Actions#1;
1706279012483;GET https://www.nft.marketplace.team/suppliers/frameworks/g-cloud-14/declaration/edit/authorisation-or-organisation-legal-requirement;/suppliers/frameworks/g-cloud-14/declaration/edit/what-it-means-to-be-on-g-cloud-14;/suppliers/frameworks/g-cloud-14/declaration/edit/what-it-means-to-be-on-g-cloud-14;localhost:7100;504;0 Assertion failed;60;723;DMP-1.5-Dryrun;DMP 1.5 Supplier Registration - Working on AWS NFT#1348 - Actions#1;
1706279012542;POST https://www.nft.marketplace.team/suppliers/frameworks/g-cloud-14/declaration/edit/immediate-parent-company;/suppliers/frameworks/g-cloud-14/declaration/edit/immediate-parent-company;;localhost:7100;504;0 Assertion failed;60;723;DMP-1.5-Dryrun;DMP 1.5 Supplier Registration - Working on AWS NFT#1297 - Actions#1;
1706279012658;GET https://www.nft.marketplace.team/suppliers/frameworks/g-cloud-14/declaration/start;/suppliers/frameworks/g-cloud-14/declaration/start;;localhost:7100;504;0 Assertion failed;60;723;DMP-1.5-Dryrun;DMP 1.5 Supplier Registration - Working on AWS NFT#1400 - Actions#1;
1706279012868;POST https://www.nft.marketplace.team/suppliers/frameworks/g-cloud-14/declaration/edit/ultimate-parent-company;/suppliers/frameworks/g-cloud-14/declaration/edit/ultimate-parent-company;;localhost:7100;504;0 Assertion failed;60;723;DMP-1.5-Dryrun;DMP 1.5 Supplier Registration - Working on AWS NFT#1305 - Actions#1;
1706279012955;POST https://www.nft.marketplace.team/suppliers/details;/suppliers/details;/suppliers/details;localhost:7100;504;0 Assertion failed;60;723;DMP-1.5-Dryrun;DMP 1.5 Supplier Registration - Working on AWS NFT#1514 - Actions#1;
1706279013298;POST https://www.nft.marketplace.team/suppliers/frameworks/g-cloud-14/declaration/edit/authorisation-or-organisation-legal-requirement;/suppliers/frameworks/g-cloud-14/declaration/edit/authorisation-or-organisation-legal-requireme;;localhost:7100;504;0 Assertion failed;60;723;DMP-1.5-Dryrun;DMP 1.5 Supplier Registration - Working on AWS NFT#1347 - Actions#1;
1706279013500;GET https://www.nft.marketplace.team/suppliers/frameworks/g-cloud-14/declaration/reuse;/suppliers/frameworks/g-cloud-14/declaration/reuse;;localhost:7100;504;0 Assertion failed;60;723;DMP-1.5-Dryrun;DMP 1.5 Supplier Registration - Working on AWS NFT#1412 - Actions#1;
1706279014255;GET https://www.nft.marketplace.team/suppliers/frameworks/g-cloud-14/declaration/edit/grounds-for-mandatory-exclusion;/suppliers/frameworks/g-cloud-14/declaration/edit/key-subcontractors;/suppliers/frameworks/g-cloud-14/declaration/edit/key-subcontractors;localhost:7100;504;0 Assertion failed;60;761;DMP-1.5-Dryrun;DMP 1.5 Supplier Registration - Working on AWS NFT#1180 - Actions#1;
1706279015145;GET https://www.nft.marketplace.team/suppliers/frameworks/g-cloud-14/declaration/start;/suppliers/frameworks/g-cloud-14/declaration/start;;localhost:7100;504;0 Assertion failed;60;723;DMP-1.5-Dryrun;DMP 1.5 Supplier Registration - Working on AWS NFT#1474 - Actions#1;
1706279015295;POST https://www.nft.marketplace.team/suppliers/frameworks/g-cloud-14/submissions/cloud-hosting/281241/edit/scaling/independence-of-resources;/suppliers/frameworks/g-cloud-14/submissions/cloud-hosting/281140/edit/scaling/independence-of-;;localhost:7100;504;0 Assertion failed;60;723;DMP-1.5-Dryrun;DMP 1.5 Supplier Registration - Working on AWS NFT#463 - Actions#1;
1706279015578;POST https://www.nft.marketplace.team/suppliers/frameworks/g-cloud-14/declaration/edit/health-and-safety;/suppliers/frameworks/g-cloud-14/declaration/edit/health-and-safety;;localhost:7100;504;0 Assertion failed;60;723;DMP-1.5-Dryrun;DMP 1.5 Supplier Registration - Working on AWS NFT#920 - Actions#1;
1706279015761;GET https://www.nft.marketplace.team/suppliers/details;/suppliers/details;;localhost:7100;504;0 Assertion failed;60;723;DMP-1.5-Dryrun;DMP 1.5 Supplier Registration - Working on AWS NFT#204 - Actions#2;
1706279016152;GET https://www.nft.marketplace.team/suppliers/frameworks/g-cloud-14/declaration/edit/economic-and-financial-standing;/suppliers/frameworks/g-cloud-14/declaration/edit/modern-slavery;/suppliers/frameworks/g-cloud-14/declaration/edit/modern-slavery;localhost:7100;504;0 Assertion failed;60;723;DMP-1.5-Dryrun;DMP 1.5 Supplier Registration - Working on AWS NFT#1078 - Actions#1;
1706279016367;POST https://www.nft.marketplace.team/suppliers/frameworks/g-cloud-14/declaration/edit/key-subcontractors;/suppliers/frameworks/g-cloud-14/declaration/edit/key-subcontractors;;localhost:7100;504;0 Assertion failed;60;761;DMP-1.5-Dryrun;DMP 1.5 Supplier Registration - Working on AWS NFT#1150 - Actions#1;
1706279017163;POST https://www.nft.marketplace.team/suppliers/details;/suppliers/details;/suppliers/details;localhost:7100;504;0 Assertion failed;60;723;DMP-1.5-Dryrun;DMP 1.5 Supplier Registration - Working on AWS NFT#1512 - Actions#1;
1706279018393;GET https://www.nft.marketplace.team/suppliers/frameworks/g-cloud-14;/suppliers/details;/suppliers/details;localhost:7100;504;0 Assertion failed;60;723;DMP-1.5-Dryrun;DMP 1.5 Supplier Registration - Working on AWS NFT#1471 - Actions#1;
1706279018396;GET https://www.nft.marketplace.team/suppliers/frameworks/g-cloud-14/declaration/start;/suppliers/frameworks/g-cloud-14/declaration/start;;localhost:7100;504;0 Assertion failed;60;723;DMP-1.5-Dryrun;DMP 1.5 Supplier Registration - Working on AWS NFT#1486 - Actions#1;
1706279018743;POST https://www.nft.marketplace.team/suppliers/frameworks/g-cloud-14/declaration/edit/grounds-for-mandatory-exclusion;/suppliers/frameworks/g-cloud-14/declaration/edit/grounds-for-mandatory-exclusion;;localhost:7100;504;0 Assertion failed;60;723;DMP-1.5-Dryrun;DMP 1.5 Supplier Registration - Working on AWS NFT#1200 - Actions#1;
1706279019220;GET https://www.nft.marketplace.team/suppliers/frameworks/g-cloud-14/declaration/edit/grounds-for-discretionary-exclusion;/suppliers/frameworks/g-cloud-14/declaration/edit/grounds-for-mandatory-exclusion-taxes;/suppliers/frameworks/g-cloud-14/declaration/edit/grounds-for-mandatory-exclusion-taxes;localhost:7100;504;0 Assertion failed;60;723;DMP-1.5-Dryrun;DMP 1.5 Supplier Registration - Working on AWS NFT#1143 - Actions#1;
1706279020804;GET https://www.nft.marketplace.team/suppliers/frameworks/g-cloud-14;/suppliers/details;/suppliers/details;localhost:7100;504;0 Assertion failed;60;723;DMP-1.5-Dryrun;DMP 1.5 Supplier Registration - Working on AWS NFT#1511 - Actions#1;
1706279020898;POST https://www.nft.marketplace.team/suppliers/frameworks/g-cloud-14/submissions/cloud-hosting/281128/edit/governance/security-governance;/suppliers/frameworks/g-cloud-14/submissions/cloud-hosting/281140/edit/governance/security-gove;;localhost:7100;504;0 Assertion failed;60;723;DMP-1.5-Dryrun;DMP 1.5 Supplier Registration - Working on AWS NFT#459 - Actions#1;
1706279021688;POST https://www.nft.marketplace.team/suppliers/frameworks/g-cloud-14/declaration/edit/grounds-for-mandatory-exclusion;/suppliers/frameworks/g-cloud-14/declaration/edit/grounds-for-mandatory-exclusion;;localhost:7100;504;0 Assertion failed;60;723;DMP-1.5-Dryrun;DMP 1.5 Supplier Registration - Working on AWS NFT#1064 - Actions#1;
1706279021839;GET https://www.nft.marketplace.team/suppliers/frameworks/g-cloud-14/declaration/reuse;/suppliers/frameworks/g-cloud-14/declaration/reuse;;localhost:7100;504;0 Assertion failed;60;723;DMP-1.5-Dryrun;DMP 1.5 Supplier Registration - Working on AWS NFT#1382 - Actions#1;
1706279026795;POST https://www.nft.marketplace.team/suppliers/frameworks/g-cloud-14/submissions/cloud-hosting/281105/edit/operational-security/vulnerability-management-approach;/suppliers/frameworks/g-cloud-14/submissions/cloud-hosting/281140/edit/operational-security/vul;;localhost:7100;504;0 Assertion failed;60;761;DMP-1.5-Dryrun;DMP 1.5 Supplier Registration - Working on AWS NFT#284 - Actions#1;
1706279026834;POST https://www.nft.marketplace.team/suppliers/frameworks/g-cloud-14/submissions/cloud-hosting/281041/edit/standards-and-certifications/other-security-certifications;/suppliers/frameworks/g-cloud-14/submissions/cloud-hosting/281140/edit/standards-and-certificat;;localhost:7100;504;0 Assertion failed;60;761;DMP-1.5-Dryrun;DMP 1.5 Supplier Registration - Working on AWS NFT#377 - Actions#1;
1706279027600;GET https://www.nft.marketplace.team/suppliers/frameworks/g-cloud-14/submissions/cloud-hosting/281069/edit/operational-security/incident-management-type;/suppliers/frameworks/g-cloud-14/submissions/cloud-hosting/281140/edit/operational-security/pro;/suppliers/frameworks/g-cloud-14/submissions/cloud-hosting/${pServiceId}/edit/operational-security/protective-monitoring-approach;localhost:7100;504;0 Assertion failed;60;723;DMP-1.5-Dryrun;DMP 1.5 Supplier Registration - Working on AWS NFT#401 - Actions#1;
1706279027858;GET https://www.nft.marketplace.team/suppliers/frameworks/g-cloud-14/declaration/edit/grounds-for-mandatory-exclusion-taxes;/suppliers/frameworks/g-cloud-14/declaration/edit/grounds-for-mandatory-exclusion;/suppliers/frameworks/g-cloud-14/declaration/edit/grounds-for-mandatory-exclusion;localhost:7100;504;0 Assertion failed;60;723;DMP-1.5-Dryrun;DMP 1.5 Supplier Registration - Working on AWS NFT#1109 - Actions#1;
1706279028080;POST https://www.nft.marketplace.team/suppliers/frameworks/g-cloud-14/declaration/edit/data-protection;/suppliers/frameworks/g-cloud-14/declaration/edit/data-protection;;localhost:7100;504;0 Assertion failed;60;723;DMP-1.5-Dryrun;DMP 1.5 Supplier Registration - Working on AWS NFT#823 - Actions#1;
1706279028178;POST https://www.nft.marketplace.team/suppliers/frameworks/g-cloud-14/declaration/edit/grounds-for-mandatory-exclusion;/suppliers/frameworks/g-cloud-14/declaration/edit/grounds-for-mandatory-exclusion;;localhost:7100;504;0 Assertion failed;60;723;DMP-1.5-Dryrun;DMP 1.5 Supplier Registration - Working on AWS NFT#1054 - Actions#1;
1706279028215;GET https://www.nft.marketplace.team/suppliers/frameworks/g-cloud-14/declaration/reuse;/suppliers/frameworks/g-cloud-14/declaration/reuse;;localhost:7100;504;0 Assertion failed;60;761;DMP-1.5-Dryrun;DMP 1.5 Supplier Registration - Working on AWS NFT#1384 - Actions#1;
1706279029068;GET https://www.nft.marketplace.team/suppliers/frameworks/g-cloud-14/declaration/reuse;/suppliers/frameworks/g-cloud-14/declaration/reuse;;localhost:7100;504;0 Assertion failed;60;723;DMP-1.5-Dryrun;DMP 1.5 Supplier Registration - Working on AWS NFT#1365 - Actions#1;
1706279029223;GET https://www.nft.marketplace.team/suppliers/frameworks/g-cloud-14/declaration/edit/application-accuracy;/suppliers/frameworks/g-cloud-14/declaration/edit/framework-award-form-details;/suppliers/frameworks/g-cloud-14/declaration/edit/framework-award-form-details;localhost:7100;504;0 Assertion failed;60;761;DMP-1.5-Dryrun;DMP 1.5 Supplier Registration - Working on AWS NFT#872 - Actions#1;
1706279029253;GET https://www.nft.marketplace.team/suppliers/frameworks/g-cloud-14/declaration/reuse;/suppliers/frameworks/g-cloud-14/declaration/reuse;;localhost:7100;504;0 Assertion failed;60;761;DMP-1.5-Dryrun;DMP 1.5 Supplier Registration - Working on AWS NFT#1445 - Actions#1;
1706279029309;GET https://www.nft.marketplace.team/suppliers/frameworks/g-cloud-14/declaration/reuse;/suppliers/frameworks/g-cloud-14/declaration/reuse;;localhost:7100;504;0 Assertion failed;60;723;DMP-1.5-Dryrun;DMP 1.5 Supplier Registration - Working on AWS NFT#1513 - Actions#1;
1706279029503;POST https://www.nft.marketplace.team/suppliers/frameworks/g-cloud-14/declaration/edit/ultimate-parent-company;/suppliers/frameworks/g-cloud-14/declaration/edit/ultimate-parent-company;;localhost:7100;504;0 Assertion failed;60;723;DMP-1.5-Dryrun;DMP 1.5 Supplier Registration - Working on AWS NFT#1233 - Actions#1;
1706279029543;GET https://www.nft.marketplace.team/suppliers/frameworks/g-cloud-14;/suppliers/details;/suppliers/details;localhost:7100;504;0 Assertion failed;60;761;DMP-1.5-Dryrun;DMP 1.5 Supplier Registration - Working on AWS NFT#1487 - Actions#1;
1706279029915;GET https://www.nft.marketplace.team/suppliers/frameworks/g-cloud-14/declaration/reuse;/suppliers/frameworks/g-cloud-14/declaration/reuse;;localhost:7100;504;0 Assertion failed;60;723;DMP-1.5-Dryrun;DMP 1.5 Supplier Registration - Working on AWS NFT#1458 - Actions#1;
1706279030460;POST https://www.nft.marketplace.team/suppliers/frameworks/g-cloud-14/declaration/edit/ultimate-parent-company;/suppliers/frameworks/g-cloud-14/declaration/edit/ultimate-parent-company;;localhost:7100;504;0 Assertion failed;60;723;DMP-1.5-Dryrun;DMP 1.5 Supplier Registration - Working on AWS NFT#1240 - Actions#1;
1706279030531;POST https://www.nft.marketplace.team/suppliers/frameworks/g-cloud-14/declaration/edit/authorisation-or-organisation-legal-requirement;/suppliers/frameworks/g-cloud-14/declaration/edit/authorisation-or-organisation-legal-requireme;;localhost:7100;504;0 Assertion failed;60;723;DMP-1.5-Dryrun;DMP 1.5 Supplier Registration - Working on AWS NFT#1334 - Actions#1;
1706279030539;GET https://www.nft.marketplace.team/suppliers/frameworks/g-cloud-14/declaration/edit/providing-suitable-services;/suppliers/frameworks/g-cloud-14/declaration/edit/providing-suitable-services;;localhost:7100;504;0 Assertion failed;60;723;DMP-1.5-Dryrun;DMP 1.5 Supplier Registration - Working on AWS NFT#1463 - Actions#1;
1706279030672;POST https://www.nft.marketplace.team/suppliers/frameworks/g-cloud-14/declaration/edit/modern-slavery;/suppliers/frameworks/g-cloud-14/declaration/edit/modern-slavery;;localhost:7100;504;0 Assertion failed;60;761;DMP-1.5-Dryrun;DMP 1.5 Supplier Registration - Working on AWS NFT#1016 - Actions#1;
1706279030896;GET https://www.nft.marketplace.team/suppliers/frameworks/g-cloud-14/declaration/edit/data-protection;/suppliers/frameworks/g-cloud-14/declaration/edit/insurance-requirements;/suppliers/frameworks/g-cloud-14/declaration/edit/insurance-requirements;localhost:7100;504;0 Assertion failed;60;723;DMP-1.5-Dryrun;DMP 1.5 Supplier Registration - Working on AWS NFT#934 - Actions#1;
1706279031745;GET https://www.nft.marketplace.team/suppliers/frameworks/g-cloud-14/declaration/edit/persons-with-significant-control;/suppliers/frameworks/g-cloud-14/declaration/edit/authorisation-or-organisation-legal-requireme;/suppliers/frameworks/g-cloud-14/declaration/edit/authorisation-or-organisation-legal-requirement;localhost:7100;504;0 Assertion failed;60;723;DMP-1.5-Dryrun;DMP 1.5 Supplier Registration - Working on AWS NFT#1226 - Actions#1;
1706279031927;GET https://www.nft.marketplace.team/suppliers/frameworks/g-cloud-14/declaration/edit/immediate-parent-company;/suppliers/frameworks/g-cloud-14/declaration/edit/persons-with-significant-control;/suppliers/frameworks/g-cloud-14/declaration/edit/persons-with-significant-control;localhost:7100;504;0 Assertion failed;60;723;DMP-1.5-Dryrun;DMP 1.5 Supplier Registration - Working on AWS NFT#1312 - Actions#1;
1706279032016;GET https://www.nft.marketplace.team/suppliers/frameworks/g-cloud-14/declaration/edit/providing-suitable-services;/suppliers/frameworks/g-cloud-14/declaration/edit/providing-suitable-services;;localhost:7100;504;0 Assertion failed;60;761;DMP-1.5-Dryrun;DMP 1.5 Supplier Registration - Working on AWS NFT#1438 - Actions#1;
1706279032078;GET https://www.nft.marketplace.team/suppliers/frameworks/g-cloud-14/declaration/edit/immediate-parent-company;/suppliers/frameworks/g-cloud-14/declaration/edit/persons-with-significant-control;/suppliers/frameworks/g-cloud-14/declaration/edit/persons-with-significant-control;localhost:7100;504;0 Assertion failed;60;761;DMP-1.5-Dryrun;DMP 1.5 Supplier Registration - Working on AWS NFT#1288 - Actions#1;
1706279032403;GET https://www.nft.marketplace.team/suppliers/frameworks/g-cloud-14;/suppliers/details;/suppliers/details;localhost:7100;504;0 Assertion failed;60;723;DMP-1.5-Dryrun;DMP 1.5 Supplier Registration - Working on AWS NFT#1494 - Actions#1;
1706279032660;POST https://www.nft.marketplace.team/suppliers/frameworks/g-cloud-14/declaration/edit/persons-with-significant-control;/suppliers/frameworks/g-cloud-14/declaration/edit/persons-with-significant-control;;localhost:7100;504;0 Assertion failed;60;723;DMP-1.5-Dryrun;DMP 1.5 Supplier Registration - Working on AWS NFT#1319 - Actions#1;
1706279032689;GET https://www.nft.marketplace.team/suppliers/frameworks/g-cloud-14/declaration/reuse;/suppliers/frameworks/g-cloud-14/declaration/reuse;;localhost:7100;504;0 Assertion failed;60;723;DMP-1.5-Dryrun;DMP 1.5 Supplier Registration - Working on AWS NFT#1375 - Actions#1;
1706279032994;GET https://www.nft.marketplace.team/suppliers/frameworks/g-cloud-14/declaration/edit/persons-with-significant-control;/suppliers/frameworks/g-cloud-14/declaration/edit/authorisation-or-organisation-legal-requireme;/suppliers/frameworks/g-cloud-14/declaration/edit/authorisation-or-organisation-legal-requirement;localhost:7100;504;0 Assertion failed;60;723;DMP-1.5-Dryrun;DMP 1.5 Supplier Registration - Working on AWS NFT#174 - Actions#2;
1706279032994;POST https://www.nft.marketplace.team/suppliers/frameworks/g-cloud-14/submissions/cloud-hosting/281279/edit/how-users-work-with-your-service/web-interface;/suppliers/frameworks/g-cloud-14/submissions/cloud-hosting/281140/edit/how-users-work-with-your;;localhost:7100;504;0 Assertion failed;60;723;DMP-1.5-Dryrun;DMP 1.5 Supplier Registration - Working on AWS NFT#548 - Actions#1;
1706279033039;GET https://www.nft.marketplace.team/suppliers/frameworks/g-cloud-14/declaration/edit/application-accuracy;/suppliers/frameworks/g-cloud-14/declaration/edit/framework-award-form-details;/suppliers/frameworks/g-cloud-14/declaration/edit/framework-award-form-details;localhost:7100;504;0 Assertion failed;60;723;DMP-1.5-Dryrun;DMP 1.5 Supplier Registration - Working on AWS NFT#891 - Actions#1;
1706279033193;GET https://www.nft.marketplace.team/suppliers/frameworks/g-cloud-14/declaration/start;/suppliers/frameworks/g-cloud-14/declaration/start;;localhost:7100;504;0 Assertion failed;60;723;DMP-1.5-Dryrun;DMP 1.5 Supplier Registration - Working on AWS NFT#1427 - Actions#1;
1706279033676;POST https://www.nft.marketplace.team/suppliers/frameworks/g-cloud-14/declaration/edit/grounds-for-discretionary-exclusion;/suppliers/frameworks/g-cloud-14/declaration/edit/grounds-for-discretionary-exclusion;;localhost:7100;504;0 Assertion failed;60;723;DMP-1.5-Dryrun;DMP 1.5 Supplier Registration - Working on AWS NFT#1127 - Actions#1;
1706279033771;GET https://www.nft.marketplace.team/suppliers/frameworks/g-cloud-14/declaration/edit/immediate-parent-company;/suppliers/frameworks/g-cloud-14/declaration/edit/persons-with-significant-control;/suppliers/frameworks/g-cloud-14/declaration/edit/persons-with-significant-control;localhost:7100;504;0 Assertion failed;60;723;DMP-1.5-Dryrun;DMP 1.5 Supplier Registration - Working on AWS NFT#1256 - Actions#1;
1706279033833;GET https://www.nft.marketplace.team/suppliers/frameworks/g-cloud-14;/suppliers/details;/suppliers/details;localhost:7100;504;0 Assertion failed;60;723;DMP-1.5-Dryrun;DMP 1.5 Supplier Registration - Working on AWS NFT#1484 - Actions#1;
1706279034356;GET https://www.nft.marketplace.team/suppliers/frameworks/g-cloud-14;/suppliers/details;/suppliers/details;localhost:7100;504;0 Assertion failed;60;723;DMP-1.5-Dryrun;DMP 1.5 Supplier Registration - Working on AWS NFT#1481 - Actions#1;
1706279034473;POST https://www.nft.marketplace.team/suppliers/frameworks/g-cloud-14/declaration/edit/ultimate-parent-company;/suppliers/frameworks/g-cloud-14/declaration/edit/ultimate-parent-company;;localhost:7100;504;0 Assertion failed;60;723;DMP-1.5-Dryrun;DMP 1.5 Supplier Registration - Working on AWS NFT#1221 - Actions#1;
1706279034749;POST https://www.nft.marketplace.team/suppliers/frameworks/g-cloud-14/submissions/cloud-hosting/281074/edit/identity-and-authentication/user-authentication;/suppliers/frameworks/g-cloud-14/submissions/cloud-hosting/281140/edit/identity-and-authenticat;;localhost:7100;504;0 Assertion failed;60;723;DMP-1.5-Dryrun;DMP 1.5 Supplier Registration - Working on AWS NFT#22 - Actions#1;
1706279034823;GET https://www.nft.marketplace.team/suppliers/frameworks/g-cloud-14/submissions/cloud-hosting/281222;/suppliers/frameworks/g-cloud-14/submissions/cloud-hosting/281140/edit/data-in-transit-protecti;/suppliers/frameworks/g-cloud-14/submissions/cloud-hosting/${pServiceId}/edit/data-in-transit-protection/protection-within-your-network;localhost:7100;504;0 Assertion failed;60;723;DMP-1.5-Dryrun;DMP 1.5 Supplier Registration - Working on AWS NFT#387 - Actions#1;
1706279034998;POST https://www.nft.marketplace.team/suppliers/frameworks/g-cloud-14/declaration/edit/grounds-for-mandatory-exclusion;/suppliers/frameworks/g-cloud-14/declaration/edit/grounds-for-mandatory-exclusion;;localhost:7100;504;0 Assertion failed;60;723;DMP-1.5-Dryrun;DMP 1.5 Supplier Registration - Working on AWS NFT#1071 - Actions#1;
1706279035196;GET https://www.nft.marketplace.team/suppliers/frameworks/g-cloud-14/declaration/edit/persons-with-significant-control;/suppliers/frameworks/g-cloud-14/declaration/edit/authorisation-or-organisation-legal-requireme;/suppliers/frameworks/g-cloud-14/declaration/edit/authorisation-or-organisation-legal-requirement;localhost:7100;504;0 Assertion failed;60;761;DMP-1.5-Dryrun;DMP 1.5 Supplier Registration - Working on AWS NFT#1323 - Actions#1;
1706279035852;GET https://www.nft.marketplace.team/suppliers/frameworks/g-cloud-14/submissions/cloud-hosting/281158;/suppliers/frameworks/g-cloud-14/submissions/cloud-hosting/281140/edit/availability-and-resilie;/suppliers/frameworks/g-cloud-14/submissions/cloud-hosting/${pServiceId}/edit/availability-and-resilience/outage-reporting;localhost:7100;504;0 Assertion failed;60;723;DMP-1.5-Dryrun;DMP 1.5 Supplier Registration - Working on AWS NFT#535 - Actions#1;
1706279035866;POST https://www.nft.marketplace.team/suppliers/frameworks/g-cloud-14/declaration/edit/persons-with-significant-control;/suppliers/frameworks/g-cloud-14/declaration/edit/persons-with-significant-control;;localhost:7100;504;0 Assertion failed;60;723;DMP-1.5-Dryrun;DMP 1.5 Supplier Registration - Working on AWS NFT#1281 - Actions#1;
1706279035964;POST https://www.nft.marketplace.team/suppliers/frameworks/g-cloud-14/declaration/edit/declaration-of-accuracy-and-understanding;/suppliers/frameworks/g-cloud-14/declaration/edit/declaration-of-accuracy-and-understanding;;localhost:7100;504;0 Assertion failed;60;723;DMP-1.5-Dryrun;DMP 1.5 Supplier Registration - Working on AWS NFT#700 - Actions#1;
1706279036077;GET https://www.nft.marketplace.team/suppliers/frameworks/g-cloud-14/declaration/reuse;/suppliers/frameworks/g-cloud-14/declaration/reuse;;localhost:7100;504;0 Assertion failed;60;761;DMP-1.5-Dryrun;DMP 1.5 Supplier Registration - Working on AWS NFT#1499 - Actions#1;
1706279036193;GET https://www.nft.marketplace.team/suppliers/frameworks/g-cloud-14/declaration/edit/providing-suitable-services;/suppliers/frameworks/g-cloud-14/declaration/edit/providing-suitable-services;;localhost:7100;504;0 Assertion failed;60;723;DMP-1.5-Dryrun;DMP 1.5 Supplier Registration - Working on AWS NFT#1409 - Actions#1;
1706279036225;GET https://www.nft.marketplace.team/suppliers/frameworks/g-cloud-14/declaration/edit/grounds-for-mandatory-exclusion-taxes;/suppliers/frameworks/g-cloud-14/declaration/edit/grounds-for-mandatory-exclusion;/suppliers/frameworks/g-cloud-14/declaration/edit/grounds-for-mandatory-exclusion;localhost:7100;504;0 Assertion failed;60;723;DMP-1.5-Dryrun;DMP 1.5 Supplier Registration - Working on AWS NFT#1197 - Actions#1;
1706279036591;GET https://www.nft.marketplace.team/suppliers/frameworks/g-cloud-14/declaration/edit/data-protection;/suppliers/frameworks/g-cloud-14/declaration/edit/insurance-requirements;/suppliers/frameworks/g-cloud-14/declaration/edit/insurance-requirements;localhost:7100;504;0 Assertion failed;60;723;DMP-1.5-Dryrun;DMP 1.5 Supplier Registration - Working on AWS NFT#1002 - Actions#1;
1706279037107;GET https://www.nft.marketplace.team/suppliers/frameworks/g-cloud-14/declaration/edit/grounds-for-mandatory-exclusion-taxes;/suppliers/frameworks/g-cloud-14/declaration/edit/grounds-for-mandatory-exclusion;/suppliers/frameworks/g-cloud-14/declaration/edit/grounds-for-mandatory-exclusion;localhost:7100;504;0 Assertion failed;60;723;DMP-1.5-Dryrun;DMP 1.5 Supplier Registration - Working on AWS NFT#1132 - Actions#1;
1706279037117;POST https://www.nft.marketplace.team/suppliers/frameworks/g-cloud-14/declaration/edit/data-protection;/suppliers/frameworks/g-cloud-14/declaration/edit/data-protection;;localhost:7100;504;0 Assertion failed;60;761;DMP-1.5-Dryrun;DMP 1.5 Supplier Registration - Working on AWS NFT#861 - Actions#1;
1706279037258;POST https://www.nft.marketplace.team/suppliers/frameworks/g-cloud-14/declaration/edit/health-and-safety;/suppliers/frameworks/g-cloud-14/declaration/edit/health-and-safety;;localhost:7100;504;0 Assertion failed;60;761;DMP-1.5-Dryrun;DMP 1.5 Supplier Registration - Working on AWS NFT#924 - Actions#1;
1706279037366;GET https://www.nft.marketplace.team/suppliers/frameworks/g-cloud-14/declaration/start;/suppliers/frameworks/g-cloud-14/declaration/start;;localhost:7100;504;0 Assertion failed;60;723;DMP-1.5-Dryrun;DMP 1.5 Supplier Registration - Working on AWS NFT#1489 - Actions#1;
1706279037477;GET https://www.nft.marketplace.team/suppliers/frameworks/g-cloud-14/declaration/reuse;/suppliers/frameworks/g-cloud-14/declaration/reuse;;localhost:7100;504;0 Assertion failed;60;723;DMP-1.5-Dryrun;DMP 1.5 Supplier Registration - Working on AWS NFT#1420 - Actions#1;
1706279037823;GET https://www.nft.marketplace.team/suppliers/frameworks/g-cloud-14/declaration/start;/suppliers/frameworks/g-cloud-14/declaration/start;;localhost:7100;504;0 Assertion failed;60;723;DMP-1.5-Dryrun;DMP 1.5 Supplier Registration - Working on AWS NFT#1508 - Actions#1;
1706279037912;GET https://www.nft.marketplace.team/suppliers/frameworks/g-cloud-14/declaration/edit/immediate-parent-company;/suppliers/frameworks/g-cloud-14/declaration/edit/persons-with-significant-control;/suppliers/frameworks/g-cloud-14/declaration/edit/persons-with-significant-control;localhost:7100;504;0 Assertion failed;60;723;DMP-1.5-Dryrun;DMP 1.5 Supplier Registration - Working on AWS NFT#1326 - Actions#1;
1706279037959;POST https://www.nft.marketplace.team/suppliers/frameworks/g-cloud-14/declaration/edit/what-it-means-to-be-on-g-cloud-14;/suppliers/frameworks/g-cloud-14/declaration/edit/what-it-means-to-be-on-g-cloud-14;;localhost:7100;504;0 Assertion failed;60;723;DMP-1.5-Dryrun;DMP 1.5 Supplier Registration - Working on AWS NFT#1392 - Actions#1;
1706279037994;GET https://www.nft.marketplace.team/suppliers/frameworks/g-cloud-14/declaration/edit/working-with-government;/suppliers/frameworks/g-cloud-14/declaration/edit/economic-and-financial-standing;/suppliers/frameworks/g-cloud-14/declaration/edit/economic-and-financial-standing;localhost:7100;504;0 Assertion failed;60;723;DMP-1.5-Dryrun;DMP 1.5 Supplier Registration - Working on AWS NFT#975 - Actions#1;
1706279038108;POST https://www.nft.marketplace.team/suppliers/frameworks/g-cloud-14/submissions/cloud-hosting/281295/edit/user-support/phone-support;/suppliers/frameworks/g-cloud-14/submissions/cloud-hosting/281140/edit/user-support/phone-suppo;;localhost:7100;504;0 Assertion failed;60;723;DMP-1.5-Dryrun;DMP 1.5 Supplier Registration - Working on AWS NFT#570 - Actions#1;
1706279038771;POST https://www.nft.marketplace.team/suppliers/frameworks/g-cloud-14/declaration/edit/providing-suitable-services;/suppliers/frameworks/g-cloud-14/declaration/edit/providing-suitable-services;;localhost:7100;504;0 Assertion failed;60;761;DMP-1.5-Dryrun;DMP 1.5 Supplier Registration - Working on AWS NFT#1437 - Actions#1;
1706279039006;GET https://www.nft.marketplace.team/suppliers/frameworks/g-cloud-14/declaration/edit/grounds-for-mandatory-exclusion-taxes;/suppliers/frameworks/g-cloud-14/declaration/edit/grounds-for-mandatory-exclusion;/suppliers/frameworks/g-cloud-14/declaration/edit/grounds-for-mandatory-exclusion;localhost:7100;504;0 Assertion failed;60;723;DMP-1.5-Dryrun;DMP 1.5 Supplier Registration - Working on AWS NFT#1107 - Actions#1;
1706279039084;GET https://www.nft.marketplace.team/suppliers/frameworks/g-cloud-14/submissions/cloud-hosting/281090/edit/staff-security/staff-security-clearance-checks;/suppliers/frameworks/g-cloud-14/submissions/cloud-hosting/281140/edit/staff-security/staff-sec;;localhost:7100;504;0 Assertion failed;60;761;DMP-1.5-Dryrun;DMP 1.5 Supplier Registration - Working on AWS NFT#230 - Actions#1;
1706279039137;POST https://www.nft.marketplace.team/suppliers/frameworks/g-cloud-14/submissions/cloud-hosting/281188/edit/availability-and-resilience/outage-reporting;/suppliers/frameworks/g-cloud-14/submissions/cloud-hosting/281140/edit/availability-and-resilie;;localhost:7100;504;0 Assertion failed;60;723;DMP-1.5-Dryrun;DMP 1.5 Supplier Registration - Working on AWS NFT#550 - Actions#1;
1706279039300;POST https://www.nft.marketplace.team/suppliers/frameworks/g-cloud-14/declaration/edit/declaration-of-accuracy-and-understanding;/suppliers/frameworks/g-cloud-14/declaration/edit/declaration-of-accuracy-and-understanding;;localhost:7100;504;0 Assertion failed;60;723;DMP-1.5-Dryrun;DMP 1.5 Supplier Registration - Working on AWS NFT#862 - Actions#1;
1706279039327;GET https://www.nft.marketplace.team/suppliers/frameworks/g-cloud-14/declaration/edit/working-with-government;/suppliers/frameworks/g-cloud-14/declaration/edit/economic-and-financial-standing;/suppliers/frameworks/g-cloud-14/declaration/edit/economic-and-financial-standing;localhost:7100;504;0 Assertion failed;60;723;DMP-1.5-Dryrun;DMP 1.5 Supplier Registration - Working on AWS NFT#1013 - Actions#1;
1706279039711;GET https://www.nft.marketplace.team/suppliers/frameworks/g-cloud-14/declaration/start;/suppliers/frameworks/g-cloud-14/declaration/start;;localhost:7100;504;0 Assertion failed;60;723;DMP-1.5-Dryrun;DMP 1.5 Supplier Registration - Working on AWS NFT#1403 - Actions#1;
1706279040100;GET https://www.nft.marketplace.team/suppliers/frameworks/g-cloud-14/declaration/edit/modern-slavery;/suppliers/frameworks/g-cloud-14/declaration/edit/grounds-for-discretionary-exclusion;/suppliers/frameworks/g-cloud-14/declaration/edit/grounds-for-discretionary-exclusion;localhost:7100;504;0 Assertion failed;60;723;DMP-1.5-Dryrun;DMP 1.5 Supplier Registration - Working on AWS NFT#1019 - Actions#1;
1706279040171;GET https://www.nft.marketplace.team/suppliers/frameworks/g-cloud-14/declaration/edit/health-and-safety;/suppliers/frameworks/g-cloud-14/declaration/edit/data-protection;/suppliers/frameworks/g-cloud-14/declaration/edit/data-protection;localhost:7100;504;0 Assertion failed;60;723;DMP-1.5-Dryrun;DMP 1.5 Supplier Registration - Working on AWS NFT#926 - Actions#1;
1706279040535;GET https://www.nft.marketplace.team/suppliers/frameworks/g-cloud-14/declaration/edit/grounds-for-discretionary-exclusion;/suppliers/frameworks/g-cloud-14/declaration/edit/grounds-for-mandatory-exclusion-taxes;/suppliers/frameworks/g-cloud-14/declaration/edit/grounds-for-mandatory-exclusion-taxes;localhost:7100;504;0 Assertion failed;60;723;DMP-1.5-Dryrun;DMP 1.5 Supplier Registration - Working on AWS NFT#1073 - Actions#1;
1706279040660;GET https://www.nft.marketplace.team/suppliers/frameworks/g-cloud-14/declaration/edit/grounds-for-mandatory-exclusion-taxes;/suppliers/frameworks/g-cloud-14/declaration/edit/grounds-for-mandatory-exclusion;/suppliers/frameworks/g-cloud-14/declaration/edit/grounds-for-mandatory-exclusion;localhost:7100;504;0 Assertion failed;60;761;DMP-1.5-Dryrun;DMP 1.5 Supplier Registration - Working on AWS NFT#1136 - Actions#1;
1706279040827;GET https://www.nft.marketplace.team/suppliers/frameworks/g-cloud-14/declaration/edit/economic-and-financial-standing;/suppliers/frameworks/g-cloud-14/declaration/edit/modern-slavery;/suppliers/frameworks/g-cloud-14/declaration/edit/modern-slavery;localhost:7100;504;0 Assertion failed;60;761;DMP-1.5-Dryrun;DMP 1.5 Supplier Registration - Working on AWS NFT#168 - Actions#2;
1706279040867;POST https://www.nft.marketplace.team/suppliers/frameworks/g-cloud-14/declaration/edit/what-it-means-to-be-on-g-cloud-14;/suppliers/frameworks/g-cloud-14/declaration/edit/what-it-means-to-be-on-g-cloud-14;;localhost:7100;504;0 Assertion failed;60;761;DMP-1.5-Dryrun;DMP 1.5 Supplier Registration - Working on AWS NFT#1377 - Actions#1;
1706279040889;POST https://www.nft.marketplace.team/suppliers/frameworks/g-cloud-14/declaration/edit/health-and-safety;/suppliers/frameworks/g-cloud-14/declaration/edit/health-and-safety;;localhost:7100;504;0 Assertion failed;60;723;DMP-1.5-Dryrun;DMP 1.5 Supplier Registration - Working on AWS NFT#993 - Actions#1;
1706279041180;POST https://www.nft.marketplace.team/suppliers/frameworks/g-cloud-14/submissions/cloud-hosting/281311/edit/about-your-service/service-categories;/suppliers/frameworks/g-cloud-14/submissions/cloud-hosting/281140/edit/about-your-service/servi;;localhost:7100;504;0 Assertion failed;60;723;DMP-1.5-Dryrun;DMP 1.5 Supplier Registration - Working on AWS NFT#573 - Actions#1;
1706279041458;GET https://www.nft.marketplace.team/suppliers/frameworks/g-cloud-14/submissions/cloud-hosting/281294/edit/how-users-work-with-your-service/command-line-interface;/suppliers/frameworks/g-cloud-14/submissions/cloud-hosting/281140/edit/how-users-work-with-your;/suppliers/frameworks/g-cloud-14/submissions/cloud-hosting/${pServiceId}/edit/how-users-work-with-your-service/api;localhost:7100;504;0 Assertion failed;60;723;DMP-1.5-Dryrun;DMP 1.5 Supplier Registration - Working on AWS NFT#406 - Actions#1;
1706279041707;GET https://www.nft.marketplace.team/suppliers/frameworks/g-cloud-14/declaration/start;/suppliers/frameworks/g-cloud-14/declaration/start;;localhost:7100;504;0 Assertion failed;60;723;DMP-1.5-Dryrun;DMP 1.5 Supplier Registration - Working on AWS NFT#1456 - Actions#1;
1706279042024;GET https://www.nft.marketplace.team/suppliers/frameworks/g-cloud-14/declaration/edit/grounds-for-mandatory-exclusion;/suppliers/frameworks/g-cloud-14/declaration/edit/key-subcontractors;/suppliers/frameworks/g-cloud-14/declaration/edit/key-subcontractors;localhost:7100;504;0 Assertion failed;60;723;DMP-1.5-Dryrun;DMP 1.5 Supplier Registration - Working on AWS NFT#1039 - Actions#1;
1706279042240;POST https://www.nft.marketplace.team/suppliers/frameworks/g-cloud-14/declaration/edit/economic-and-financial-standing;/suppliers/frameworks/g-cloud-14/declaration/edit/economic-and-financial-standing;;localhost:7100;504;0 Assertion failed;60;761;DMP-1.5-Dryrun;DMP 1.5 Supplier Registration - Working on AWS NFT#1015 - Actions#1;
1706279042798;GET https://www.nft.marketplace.team/suppliers/frameworks/g-cloud-14/declaration/edit/group-or-consortium;/suppliers/frameworks/g-cloud-14/declaration/edit/ultimate-parent-company;/suppliers/frameworks/g-cloud-14/declaration/edit/ultimate-parent-company;localhost:7100;504;0 Assertion failed;60;723;DMP-1.5-Dryrun;DMP 1.5 Supplier Registration - Working on AWS NFT#1313 - Actions#1;
1706279042884;GET https://www.nft.marketplace.team/suppliers/frameworks/g-cloud-14/declaration/edit/immediate-parent-company;/suppliers/frameworks/g-cloud-14/declaration/edit/persons-with-significant-control;/suppliers/frameworks/g-cloud-14/declaration/edit/persons-with-significant-control;localhost:7100;504;0 Assertion failed;60;761;DMP-1.5-Dryrun;DMP 1.5 Supplier Registration - Working on AWS NFT#1301 - Actions#1;
1706279043027;GET https://www.nft.marketplace.team/suppliers/frameworks/g-cloud-14/declaration/edit/providing-suitable-services;/suppliers/frameworks/g-cloud-14/declaration/edit/providing-suitable-services;;localhost:7100;504;0 Assertion failed;60;723;DMP-1.5-Dryrun;DMP 1.5 Supplier Registration - Working on AWS NFT#1396 - Actions#1;
1706279043233;GET https://www.nft.marketplace.team/suppliers/frameworks/g-cloud-14/declaration/edit/immediate-parent-company;/suppliers/frameworks/g-cloud-14/declaration/edit/persons-with-significant-control;/suppliers/frameworks/g-cloud-14/declaration/edit/persons-with-significant-control;localhost:7100;504;0 Assertion failed;60;723;DMP-1.5-Dryrun;DMP 1.5 Supplier Registration - Working on AWS NFT#1267 - Actions#1;
1706279043387;GET https://www.nft.marketplace.team/suppliers/frameworks/g-cloud-14/declaration/edit/providing-suitable-services;/suppliers/frameworks/g-cloud-14/declaration/edit/providing-suitable-services;;localhost:7100;504;0 Assertion failed;60;723;DMP-1.5-Dryrun;DMP 1.5 Supplier Registration - Working on AWS NFT#1404 - Actions#1;
1706279043538;POST https://www.nft.marketplace.team/suppliers/frameworks/g-cloud-14/declaration/edit/grounds-for-mandatory-exclusion-taxes;/suppliers/frameworks/g-cloud-14/declaration/edit/grounds-for-mandatory-exclusion-taxes;;localhost:7100;504;0 Assertion failed;60;723;DMP-1.5-Dryrun;DMP 1.5 Supplier Registration - Working on AWS NFT#1131 - Actions#1;
1706279043830;POST https://www.nft.marketplace.team/suppliers/frameworks/g-cloud-14/declaration/edit/health-and-safety;/suppliers/frameworks/g-cloud-14/declaration/edit/health-and-safety;;localhost:7100;504;0 Assertion failed;60;723;DMP-1.5-Dryrun;DMP 1.5 Supplier Registration - Working on AWS NFT#822 - Actions#1;
1706279043833;POST https://www.nft.marketplace.team/suppliers/frameworks/g-cloud-14/submissions/cloud-hosting/281267/edit/analytics/metrics;/suppliers/frameworks/g-cloud-14/submissions/cloud-hosting/281140/edit/analytics/metrics;;localhost:7100;504;0 Assertion failed;60;723;DMP-1.5-Dryrun;DMP 1.5 Supplier Registration - Working on AWS NFT#494 - Actions#1;
1706279043906;GET https://www.nft.marketplace.team/suppliers/frameworks/g-cloud-14/submissions/cloud-hosting/281001/edit/documents/service-definition-document-url;/suppliers/frameworks/g-cloud-14/submissions/cloud-hosting/281142/edit/documents/service-defini;;localhost:7100;504;0 Assertion failed;60;723;DMP-1.5-Dryrun;DMP 1.5 Supplier Registration - Working on AWS NFT#320 - Actions#1;
1706279043929;GET https://www.nft.marketplace.team/suppliers/frameworks/g-cloud-14/declaration/reuse;/suppliers/frameworks/g-cloud-14/declaration/reuse;;localhost:7100;504;0 Assertion failed;60;761;DMP-1.5-Dryrun;DMP 1.5 Supplier Registration - Working on AWS NFT#1434 - Actions#1;
1706279044204;GET https://www.nft.marketplace.team/suppliers/frameworks/g-cloud-14/declaration/edit/group-or-consortium;/suppliers/frameworks/g-cloud-14/declaration/edit/ultimate-parent-company;/suppliers/frameworks/g-cloud-14/declaration/edit/ultimate-parent-company;localhost:7100;504;0 Assertion failed;60;761;DMP-1.5-Dryrun;DMP 1.5 Supplier Registration - Working on AWS NFT#1218 - Actions#1;
1706279044446;POST https://www.nft.marketplace.team/suppliers/frameworks/g-cloud-14/declaration/edit/insurance-requirements;/suppliers/frameworks/g-cloud-14/declaration/edit/insurance-requirements;;localhost:7100;504;0 Assertion failed;60;723;DMP-1.5-Dryrun;DMP 1.5 Supplier Registration - Working on AWS NFT#917 - Actions#1;
1706279044559;GET https://www.nft.marketplace.team/suppliers/frameworks/g-cloud-14/declaration/edit/authorisation-or-organisation-legal-requirement;/suppliers/frameworks/g-cloud-14/declaration/edit/what-it-means-to-be-on-g-cloud-14;/suppliers/frameworks/g-cloud-14/declaration/edit/what-it-means-to-be-on-g-cloud-14;localhost:7100;504;0 Assertion failed;60;723;DMP-1.5-Dryrun;DMP 1.5 Supplier Registration - Working on AWS NFT#1321 - Actions#1;
1706279045401;POST https://www.nft.marketplace.team/suppliers/frameworks/g-cloud-14/declaration/edit/grounds-for-mandatory-exclusion;/suppliers/frameworks/g-cloud-14/declaration/edit/grounds-for-mandatory-exclusion;;localhost:7100;504;0 Assertion failed;60;761;DMP-1.5-Dryrun;DMP 1.5 Supplier Registration - Working on AWS NFT#1114 - Actions#1;
1706279045447;GET https://www.nft.marketplace.team/suppliers/frameworks/g-cloud-14/declaration/edit/ultimate-parent-company;/suppliers/frameworks/g-cloud-14/declaration/edit/immediate-parent-company;/suppliers/frameworks/g-cloud-14/declaration/edit/immediate-parent-company;localhost:7100;504;0 Assertion failed;60;723;DMP-1.5-Dryrun;DMP 1.5 Supplier Registration - Working on AWS NFT#1244 - Actions#1;
1706279045465;POST https://www.nft.marketplace.team/suppliers/frameworks/g-cloud-14/declaration/edit/grounds-for-mandatory-exclusion;/suppliers/frameworks/g-cloud-14/declaration/edit/grounds-for-mandatory-exclusion;;localhost:7100;504;0 Assertion failed;60;723;DMP-1.5-Dryrun;DMP 1.5 Supplier Registration - Working on AWS NFT#1207 - Actions#1;
1706279045469;GET https://www.nft.marketplace.team/suppliers/frameworks/g-cloud-14/declaration/edit/providing-suitable-services;/suppliers/frameworks/g-cloud-14/declaration/edit/providing-suitable-services;;localhost:7100;504;0 Assertion failed;60;723;DMP-1.5-Dryrun;DMP 1.5 Supplier Registration - Working on AWS NFT#1425 - Actions#1;
1706279045920;POST https://www.nft.marketplace.team/suppliers/frameworks/g-cloud-14/declaration/edit/declaration-of-accuracy-and-understanding;/suppliers/frameworks/g-cloud-14/declaration/edit/declaration-of-accuracy-and-understanding;;localhost:7100;504;0 Assertion failed;60;761;DMP-1.5-Dryrun;DMP 1.5 Supplier Registration - Working on AWS NFT#772 - Actions#1;
1706279046213;POST https://www.nft.marketplace.team/suppliers/frameworks/g-cloud-14/declaration/edit/immediate-parent-company;/suppliers/frameworks/g-cloud-14/declaration/edit/immediate-parent-company;;localhost:7100;504;0 Assertion failed;60;723;DMP-1.5-Dryrun;DMP 1.5 Supplier Registration - Working on AWS NFT#195 - Actions#2;
1706279046271;POST https://www.nft.marketplace.team/suppliers/frameworks/g-cloud-14/declaration/edit/grounds-for-mandatory-exclusion-taxes;/suppliers/frameworks/g-cloud-14/declaration/edit/grounds-for-mandatory-exclusion-taxes;;localhost:7100;504;0 Assertion failed;60;723;DMP-1.5-Dryrun;DMP 1.5 Supplier Registration - Working on AWS NFT#1174 - Actions#1;
1706279046527;GET https://www.nft.marketplace.team/suppliers/frameworks/g-cloud-14/declaration/reuse;/suppliers/frameworks/g-cloud-14/declaration/reuse;;localhost:7100;504;0 Assertion failed;60;723;DMP-1.5-Dryrun;DMP 1.5 Supplier Registration - Working on AWS NFT#1497 - Actions#1;
1706279046576;POST https://www.nft.marketplace.team/suppliers/frameworks/g-cloud-14/declaration/edit/immediate-parent-company;/suppliers/frameworks/g-cloud-14/declaration/edit/immediate-parent-company;;localhost:7100;504;0 Assertion failed;60;761;DMP-1.5-Dryrun;DMP 1.5 Supplier Registration - Working on AWS NFT#1289 - Actions#1;
1706279046597;POST https://www.nft.marketplace.team/suppliers/frameworks/g-cloud-14/submissions/cloud-hosting/281100/edit/operational-security/protective-monitoring-approach;/suppliers/frameworks/g-cloud-14/submissions/cloud-hosting/281140/edit/operational-security/pro;;localhost:7100;504;0 Assertion failed;60;723;DMP-1.5-Dryrun;DMP 1.5 Supplier Registration - Working on AWS NFT#453 - Actions#1;
1706279046629;GET https://www.nft.marketplace.team/suppliers/frameworks/g-cloud-14/declaration/reuse;/suppliers/frameworks/g-cloud-14/declaration/reuse;;localhost:7100;504;0 Assertion failed;60;723;DMP-1.5-Dryrun;DMP 1.5 Supplier Registration - Working on AWS NFT#1480 - Actions#1;
1706279047297;GET https://www.nft.marketplace.team/suppliers/frameworks/g-cloud-14/submissions;/suppliers/frameworks/g-cloud-14/submissions;;localhost:7100;504;0 Assertion failed;60;723;DMP-1.5-Dryrun;DMP 1.5 Supplier Registration - Working on AWS NFT#870 - Actions#1;
1706279048033;GET https://www.nft.marketplace.team/suppliers/frameworks/g-cloud-14/declaration/start;/suppliers/frameworks/g-cloud-14/declaration/start;;localhost:7100;504;0 Assertion failed;60;723;DMP-1.5-Dryrun;DMP 1.5 Supplier Registration - Working on AWS NFT#1462 - Actions#1;
1706279048319;POST https://www.nft.marketplace.team/suppliers/frameworks/g-cloud-14/declaration/edit/immediate-parent-company;/suppliers/frameworks/g-cloud-14/declaration/edit/immediate-parent-company;;localhost:7100;504;0 Assertion failed;60;723;DMP-1.5-Dryrun;DMP 1.5 Supplier Registration - Working on AWS NFT#1279 - Actions#1;
1706279048349;GET https://www.nft.marketplace.team/suppliers/frameworks/g-cloud-14/declaration/reuse;/suppliers/frameworks/g-cloud-14/declaration/reuse;;localhost:7100;504;0 Assertion failed;60;723;DMP-1.5-Dryrun;DMP 1.5 Supplier Registration - Working on AWS NFT#1476 - Actions#1;
1706279048426;GET https://www.nft.marketplace.team/suppliers/frameworks/g-cloud-14;/suppliers/frameworks/g-cloud-14/declaration;/suppliers/frameworks/g-cloud-14/declaration;localhost:7100;504;0 Assertion failed;60;723;DMP-1.5-Dryrun;DMP 1.5 Supplier Registration - Working on AWS NFT#771 - Actions#1;
1706279048488;POST https://www.nft.marketplace.team/suppliers/frameworks/g-cloud-14/declaration/edit/immediate-parent-company;/suppliers/frameworks/g-cloud-14/declaration/edit/immediate-parent-company;;localhost:7100;504;0 Assertion failed;60;761;DMP-1.5-Dryrun;DMP 1.5 Supplier Registration - Working on AWS NFT#1325 - Actions#1;
1706279048881;POST https://www.nft.marketplace.team/suppliers/frameworks/g-cloud-14/declaration/edit/grounds-for-mandatory-exclusion;/suppliers/frameworks/g-cloud-14/declaration/edit/grounds-for-mandatory-exclusion;;localhost:7100;504;0 Assertion failed;60;723;DMP-1.5-Dryrun;DMP 1.5 Supplier Registration - Working on AWS NFT#1145 - Actions#1;
1706279049159;POST https://www.nft.marketplace.team/suppliers/frameworks/g-cloud-14/submissions/cloud-hosting/281072/edit/operational-security/incident-management-approach;/suppliers/frameworks/g-cloud-14/submissions/cloud-hosting/281140/edit/operational-security/inc;;localhost:7100;504;0 Assertion failed;60;723;DMP-1.5-Dryrun;DMP 1.5 Supplier Registration - Working on AWS NFT#28 - Actions#1;
1706279049505;POST https://www.nft.marketplace.team/suppliers/frameworks/g-cloud-14/declaration/edit/providing-suitable-services;/suppliers/frameworks/g-cloud-14/declaration/edit/providing-suitable-services;;localhost:7100;504;0 Assertion failed;60;723;DMP-1.5-Dryrun;DMP 1.5 Supplier Registration - Working on AWS NFT#1397 - Actions#1;
1706279049686;POST https://www.nft.marketplace.team/suppliers/frameworks/g-cloud-14/declaration/edit/ultimate-parent-company;/suppliers/frameworks/g-cloud-14/declaration/edit/ultimate-parent-company;;localhost:7100;504;0 Assertion failed;60;723;DMP-1.5-Dryrun;DMP 1.5 Supplier Registration - Working on AWS NFT#1225 - Actions#1;
1706279049891;GET https://www.nft.marketplace.team/suppliers/frameworks/g-cloud-14/declaration/edit/group-or-consortium;/suppliers/frameworks/g-cloud-14/declaration/edit/ultimate-parent-company;/suppliers/frameworks/g-cloud-14/declaration/edit/ultimate-parent-company;localhost:7100;504;0 Assertion failed;60;723;DMP-1.5-Dryrun;DMP 1.5 Supplier Registration - Working on AWS NFT#1277 - Actions#1;
1706279050007;GET https://www.nft.marketplace.team/suppliers/frameworks/g-cloud-14/declaration/edit/providing-suitable-services;/suppliers/frameworks/g-cloud-14/declaration/edit/providing-suitable-services;;localhost:7100;504;0 Assertion failed;60;723;DMP-1.5-Dryrun;DMP 1.5 Supplier Registration - Working on AWS NFT#1391 - Actions#1;
1706279050322;GET https://www.nft.marketplace.team/suppliers/frameworks/g-cloud-14/submissions/cloud-hosting/281269/edit/backups-and-recovery/backup-and-recovery;/suppliers/frameworks/g-cloud-14/submissions/cloud-hosting/281140/edit/backups-and-recovery/bac;;localhost:7100;504;0 Assertion failed;60;723;DMP-1.5-Dryrun;DMP 1.5 Supplier Registration - Working on AWS NFT#500 - Actions#1;
1706279050640;GET https://www.nft.marketplace.team/suppliers/frameworks/g-cloud-14/declaration/edit/immediate-parent-company;/suppliers/frameworks/g-cloud-14/declaration/edit/persons-with-significant-control;/suppliers/frameworks/g-cloud-14/declaration/edit/persons-with-significant-control;localhost:7100;504;0 Assertion failed;60;761;DMP-1.5-Dryrun;DMP 1.5 Supplier Registration - Working on AWS NFT#1263 - Actions#1;
1706279050676;POST https://www.nft.marketplace.team/suppliers/frameworks/g-cloud-14/declaration/edit/what-it-means-to-be-on-g-cloud-14;/suppliers/frameworks/g-cloud-14/declaration/edit/what-it-means-to-be-on-g-cloud-14;;localhost:7100;504;0 Assertion failed;60;723;DMP-1.5-Dryrun;DMP 1.5 Supplier Registration - Working on AWS NFT#1370 - Actions#1;
1706279050966;POST https://www.nft.marketplace.team/suppliers/frameworks/g-cloud-14/declaration/edit/modern-slavery;/suppliers/frameworks/g-cloud-14/declaration/edit/modern-slavery;;localhost:7100;504;0 Assertion failed;60;723;DMP-1.5-Dryrun;DMP 1.5 Supplier Registration - Working on AWS NFT#992 - Actions#1;
1706279051059;GET https://www.nft.marketplace.team/suppliers/frameworks/g-cloud-14/submissions/cloud-hosting/281308/edit/service-scope/service-constraints;/suppliers/frameworks/g-cloud-14/submissions/cloud-hosting/281140/edit/service-scope/service-co;;localhost:7100;504;0 Assertion failed;60;723;DMP-1.5-Dryrun;DMP 1.5 Supplier Registration - Working on AWS NFT#592 - Actions#1;
1706279051449;POST https://www.nft.marketplace.team/suppliers/frameworks/g-cloud-14/declaration;/suppliers/frameworks/g-cloud-14/declaration;/suppliers/frameworks/g-cloud-14/declaration;localhost:7100;504;0 Assertion failed;60;723;DMP-1.5-Dryrun;DMP 1.5 Supplier Registration - Working on AWS NFT#788 - Actions#1;
1706279051502;GET https://www.nft.marketplace.team/suppliers/frameworks/g-cloud-14/declaration/reuse;/suppliers/frameworks/g-cloud-14/declaration/reuse;;localhost:7100;504;0 Assertion failed;60;723;DMP-1.5-Dryrun;DMP 1.5 Supplier Registration - Working on AWS NFT#1506 - Actions#1;
1706279051566;GET https://www.nft.marketplace.team/suppliers/frameworks/g-cloud-14/submissions;/suppliers/frameworks/g-cloud-14/submissions;;localhost:7100;504;0 Assertion failed;60;723;DMP-1.5-Dryrun;DMP 1.5 Supplier Registration - Working on AWS NFT#662 - Actions#1;
1706279051578;GET https://www.nft.marketplace.team/suppliers/frameworks/g-cloud-14/declaration/edit/group-or-consortium;/suppliers/frameworks/g-cloud-14/declaration/edit/ultimate-parent-company;/suppliers/frameworks/g-cloud-14/declaration/edit/ultimate-parent-company;localhost:7100;504;0 Assertion failed;60;723;DMP-1.5-Dryrun;DMP 1.5 Supplier Registration - Working on AWS NFT#1235 - Actions#1;
1706279051649;GET https://www.nft.marketplace.team/suppliers/frameworks/g-cloud-14/declaration/reuse;/suppliers/frameworks/g-cloud-14/declaration/reuse;;localhost:7100;504;0 Assertion failed;60;723;DMP-1.5-Dryrun;DMP 1.5 Supplier Registration - Working on AWS NFT#1418 - Actions#1;
1706279051782;GET https://www.nft.marketplace.team/suppliers/frameworks/g-cloud-14/submissions/cloud-hosting/281285/edit/how-users-work-with-your-service/command-line-interface;/suppliers/frameworks/g-cloud-14/submissions/cloud-hosting/281140/edit/how-users-work-with-your;/suppliers/frameworks/g-cloud-14/submissions/cloud-hosting/${pServiceId}/edit/how-users-work-with-your-service/api;localhost:7100;504;0 Assertion failed;60;723;DMP-1.5-Dryrun;DMP 1.5 Supplier Registration - Working on AWS NFT#346 - Actions#1;
1706279051939;POST https://www.nft.marketplace.team/suppliers/frameworks/g-cloud-14/submissions/cloud-hosting/281310/edit/service-features-and-benefits/service-features-and-benefits;/suppliers/frameworks/g-cloud-14/submissions/cloud-hosting/281140/edit/service-features-and-ben;;localhost:7100;504;0 Assertion failed;60;723;DMP-1.5-Dryrun;DMP 1.5 Supplier Registration - Working on AWS NFT#606 - Actions#1;
1706279052000;POST https://www.nft.marketplace.team/suppliers/frameworks/g-cloud-14/declaration/edit/immediate-parent-company;/suppliers/frameworks/g-cloud-14/declaration/edit/immediate-parent-company;;localhost:7100;504;0 Assertion failed;60;723;DMP-1.5-Dryrun;DMP 1.5 Supplier Registration - Working on AWS NFT#1353 - Actions#1;
1706279052935;GET https://www.nft.marketplace.team/suppliers/frameworks/g-cloud-14/declaration/edit/persons-with-significant-control;/suppliers/frameworks/g-cloud-14/declaration/edit/authorisation-or-organisation-legal-requireme;/suppliers/frameworks/g-cloud-14/declaration/edit/authorisation-or-organisation-legal-requirement;localhost:7100;504;0 Assertion failed;60;761;DMP-1.5-Dryrun;DMP 1.5 Supplier Registration - Working on AWS NFT#192 - Actions#2;
1706279053527;POST https://www.nft.marketplace.team/suppliers/frameworks/g-cloud-14/declaration/edit/working-with-government;/suppliers/frameworks/g-cloud-14/declaration/edit/working-with-government;;localhost:7100;504;0 Assertion failed;60;723;DMP-1.5-Dryrun;DMP 1.5 Supplier Registration - Working on AWS NFT#1097 - Actions#1;
1706279053834;GET https://www.nft.marketplace.team/suppliers/frameworks/g-cloud-14/declaration/edit/providing-suitable-services;/suppliers/frameworks/g-cloud-14/declaration/edit/providing-suitable-services;;localhost:7100;504;0 Assertion failed;60;723;DMP-1.5-Dryrun;DMP 1.5 Supplier Registration - Working on AWS NFT#1399 - Actions#1;
1706279053970;POST https://www.nft.marketplace.team/suppliers/frameworks/g-cloud-14/declaration/edit/health-and-safety;/suppliers/frameworks/g-cloud-14/declaration/edit/health-and-safety;;localhost:7100;504;0 Assertion failed;60;723;DMP-1.5-Dryrun;DMP 1.5 Supplier Registration - Working on AWS NFT#902 - Actions#1;
1706279054034;POST https://www.nft.marketplace.team/suppliers/frameworks/g-cloud-14/declaration/edit/value-added-tax;/suppliers/frameworks/g-cloud-14/declaration/edit/value-added-tax;;localhost:7100;504;0 Assertion failed;60;761;DMP-1.5-Dryrun;DMP 1.5 Supplier Registration - Working on AWS NFT#962 - Actions#1;
1706279054130;GET https://www.nft.marketplace.team/suppliers/frameworks/g-cloud-14/submissions/cloud-hosting/281283;/suppliers/frameworks/g-cloud-14/submissions/cloud-hosting/281140/edit/user-support/support-ava;/suppliers/frameworks/g-cloud-14/submissions/cloud-hosting/${pServiceId}/edit/user-support/support-available-to-third-party;localhost:7100;504;0 Assertion failed;60;723;DMP-1.5-Dryrun;DMP 1.5 Supplier Registration - Working on AWS NFT#524 - Actions#1;
1706279054238;POST https://www.nft.marketplace.team/suppliers/frameworks/g-cloud-14/declaration/edit/persons-with-significant-control;/suppliers/frameworks/g-cloud-14/declaration/edit/persons-with-significant-control;;localhost:7100;504;0 Assertion failed;60;723;DMP-1.5-Dryrun;DMP 1.5 Supplier Registration - Working on AWS NFT#1236 - Actions#1;
1706279054766;GET https://www.nft.marketplace.team/suppliers/frameworks/g-cloud-14/declaration/edit/providing-suitable-services;/suppliers/frameworks/g-cloud-14/declaration/edit/providing-suitable-services;;localhost:7100;504;0 Assertion failed;60;723;DMP-1.5-Dryrun;DMP 1.5 Supplier Registration - Working on AWS NFT#1475 - Actions#1;
1706279054770;GET https://www.nft.marketplace.team/suppliers/frameworks/g-cloud-14/declaration/edit/grounds-for-mandatory-exclusion-taxes;/suppliers/frameworks/g-cloud-14/declaration/edit/grounds-for-mandatory-exclusion;/suppliers/frameworks/g-cloud-14/declaration/edit/grounds-for-mandatory-exclusion;localhost:7100;504;0 Assertion failed;60;723;DMP-1.5-Dryrun;DMP 1.5 Supplier Registration - Working on AWS NFT#1085 - Actions#1;
1706279055393;POST https://www.nft.marketplace.team/suppliers/frameworks/g-cloud-14/declaration/edit/value-added-tax;/suppliers/frameworks/g-cloud-14/declaration/edit/value-added-tax;;localhost:7100;504;0 Assertion failed;60;761;DMP-1.5-Dryrun;DMP 1.5 Supplier Registration - Working on AWS NFT#998 - Actions#1;
1706279056074;GET https://www.nft.marketplace.team/suppliers/frameworks/g-cloud-14/declaration/edit/immediate-parent-company;/suppliers/frameworks/g-cloud-14/declaration/edit/persons-with-significant-control;/suppliers/frameworks/g-cloud-14/declaration/edit/persons-with-significant-control;localhost:7100;504;0 Assertion failed;60;723;DMP-1.5-Dryrun;DMP 1.5 Supplier Registration - Working on AWS NFT#1317 - Actions#1;
1706279056343;GET https://www.nft.marketplace.team/suppliers/frameworks/g-cloud-14/declaration/edit/modern-slavery;/suppliers/frameworks/g-cloud-14/declaration/edit/grounds-for-discretionary-exclusion;/suppliers/frameworks/g-cloud-14/declaration/edit/grounds-for-discretionary-exclusion;localhost:7100;504;0 Assertion failed;60;723;DMP-1.5-Dryrun;DMP 1.5 Supplier Registration - Working on AWS NFT#1142 - Actions#1;
1706279056624;POST https://www.nft.marketplace.team/suppliers/frameworks/g-cloud-14/declaration/edit/contracts-finder;/suppliers/frameworks/g-cloud-14/declaration/edit/contracts-finder;;localhost:7100;504;0 Assertion failed;60;723;DMP-1.5-Dryrun;DMP 1.5 Supplier Registration - Working on AWS NFT#931 - Actions#1;
1706279058145;POST https://www.nft.marketplace.team/suppliers/frameworks/g-cloud-14/declaration/edit/persons-with-significant-control;/suppliers/frameworks/g-cloud-14/declaration/edit/persons-with-significant-control;;localhost:7100;504;0 Assertion failed;60;723;DMP-1.5-Dryrun;DMP 1.5 Supplier Registration - Working on AWS NFT#1339 - Actions#1;
1706279058688;POST https://www.nft.marketplace.team/suppliers/frameworks/g-cloud-14/declaration/edit/health-and-safety;/suppliers/frameworks/g-cloud-14/declaration/edit/health-and-safety;;localhost:7100;504;0 Assertion failed;60;723;DMP-1.5-Dryrun;DMP 1.5 Supplier Registration - Working on AWS NFT#883 - Actions#1;
1706279059598;POST https://www.nft.marketplace.team/suppliers/frameworks/g-cloud-14/declaration/edit/immediate-parent-company;/suppliers/frameworks/g-cloud-14/declaration/edit/immediate-parent-company;;localhost:7100;504;0 Assertion failed;60;723;DMP-1.5-Dryrun;DMP 1.5 Supplier Registration - Working on AWS NFT#1306 - Actions#1;
1706279059731;GET https://www.nft.marketplace.team/suppliers/frameworks/g-cloud-14/declaration/edit/framework-award-form-details;/suppliers/frameworks/g-cloud-14/declaration/edit/contracts-finder;/suppliers/frameworks/g-cloud-14/declaration/edit/contracts-finder;localhost:7100;504;0 Assertion failed;60;723;DMP-1.5-Dryrun;DMP 1.5 Supplier Registration - Working on AWS NFT#916 - Actions#1;
1706279060748;POST https://www.nft.marketplace.team/suppliers/frameworks/g-cloud-14/declaration/edit/modern-slavery;/suppliers/frameworks/g-cloud-14/declaration/edit/modern-slavery;;localhost:7100;504;0 Assertion failed;60;723;DMP-1.5-Dryrun;DMP 1.5 Supplier Registration - Working on AWS NFT#1108 - Actions#1;
1706279061167;POST https://www.nft.marketplace.team/suppliers/frameworks/g-cloud-14/declaration/edit/working-with-government;/suppliers/frameworks/g-cloud-14/declaration/edit/working-with-government;;localhost:7100;504;0 Assertion failed;60;723;DMP-1.5-Dryrun;DMP 1.5 Supplier Registration - Working on AWS NFT#1043 - Actions#1;
1706279061412;GET https://www.nft.marketplace.team/suppliers/frameworks/g-cloud-14/declaration/edit/what-it-means-to-be-on-g-cloud-14;/suppliers/frameworks/g-cloud-14/declaration/edit/providing-suitable-services;/suppliers/frameworks/g-cloud-14/declaration/edit/providing-suitable-services;localhost:7100;504;0 Assertion failed;60;761;DMP-1.5-Dryrun;DMP 1.5 Supplier Registration - Working on AWS NFT#1448 - Actions#1;
1706279062383;GET https://www.nft.marketplace.team/suppliers/frameworks/g-cloud-14/declaration/reuse;/suppliers/frameworks/g-cloud-14/declaration/reuse;;localhost:7100;504;0 Assertion failed;60;723;DMP-1.5-Dryrun;DMP 1.5 Supplier Registration - Working on AWS NFT#1429 - Actions#1;
1706279062477;GET https://www.nft.marketplace.team/suppliers/frameworks/g-cloud-14/declaration/edit/declaration-of-accuracy-and-understanding;/suppliers/frameworks/g-cloud-14/declaration/edit/application-accuracy;/suppliers/frameworks/g-cloud-14/declaration/edit/application-accuracy;localhost:7100;504;0 Assertion failed;60;723;DMP-1.5-Dryrun;DMP 1.5 Supplier Registration - Working on AWS NFT#659 - Actions#1;
1706279062809;GET https://www.nft.marketplace.team/suppliers/frameworks/g-cloud-14/declaration/edit/ultimate-parent-company;/suppliers/frameworks/g-cloud-14/declaration/edit/immediate-parent-company;/suppliers/frameworks/g-cloud-14/declaration/edit/immediate-parent-company;localhost:7100;504;0 Assertion failed;60;723;DMP-1.5-Dryrun;DMP 1.5 Supplier Registration - Working on AWS NFT#1271 - Actions#1;
1706279063053;GET https://www.nft.marketplace.team/suppliers/frameworks/g-cloud-14/declaration/edit/providing-suitable-services;/suppliers/frameworks/g-cloud-14/declaration/edit/providing-suitable-services;;localhost:7100;504;0 Assertion failed;60.1;723;DMP-1.5-Dryrun;DMP 1.5 Supplier Registration - Working on AWS NFT#1395 - Actions#1;
1706279063056;GET https://www.nft.marketplace.team/suppliers/frameworks/g-cloud-14/declaration/reuse;/suppliers/frameworks/g-cloud-14/declaration/reuse;;localhost:7100;504;0 Assertion failed;60.1;723;DMP-1.5-Dryrun;DMP 1.5 Supplier Registration - Working on AWS NFT#1468 - Actions#1;
1706279063448;GET https://www.nft.marketplace.team/suppliers/frameworks/g-cloud-14/declaration/edit/persons-with-significant-control;/suppliers/frameworks/g-cloud-14/declaration/edit/authorisation-or-organisation-legal-requireme;/suppliers/frameworks/g-cloud-14/declaration/edit/authorisation-or-organisation-legal-requirement;localhost:7100;504;0 Assertion failed;60;723;DMP-1.5-Dryrun;DMP 1.5 Supplier Registration - Working on AWS NFT#1333 - Actions#1;
1706279063656;POST https://www.nft.marketplace.team/suppliers/frameworks/g-cloud-14/declaration/edit/providing-suitable-services;/suppliers/frameworks/g-cloud-14/declaration/edit/providing-suitable-services;;localhost:7100;504;0 Assertion failed;60;761;DMP-1.5-Dryrun;DMP 1.5 Supplier Registration - Working on AWS NFT#1386 - Actions#1;
1706279063821;POST https://www.nft.marketplace.team/suppliers/frameworks/g-cloud-14/declaration/edit/working-with-government;/suppliers/frameworks/g-cloud-14/declaration/edit/working-with-government;;localhost:7100;504;0 Assertion failed;60;723;DMP-1.5-Dryrun;DMP 1.5 Supplier Registration - Working on AWS NFT#1014 - Actions#1;
1706279063908;POST https://www.nft.marketplace.team/suppliers/frameworks/g-cloud-14/submissions/cloud-hosting/281094/edit/staff-security/staff-security-clearance-checks;/suppliers/frameworks/g-cloud-14/submissions/cloud-hosting/281140/edit/staff-security/staff-sec;;localhost:7100;504;0 Assertion failed;60;761;DMP-1.5-Dryrun;DMP 1.5 Supplier Registration - Working on AWS NFT#64 - Actions#1;
1706279064487;GET https://www.nft.marketplace.team/suppliers/frameworks/g-cloud-14/declaration/reuse;/suppliers/frameworks/g-cloud-14/declaration/reuse;;localhost:7100;504;0 Assertion failed;60;723;DMP-1.5-Dryrun;DMP 1.5 Supplier Registration - Working on AWS NFT#1517 - Actions#1;
1706279064574;GET https://www.nft.marketplace.team/suppliers/frameworks/g-cloud-14/declaration/edit/providing-suitable-services;/suppliers/frameworks/g-cloud-14/declaration/edit/providing-suitable-services;;localhost:7100;504;0 Assertion failed;60;723;DMP-1.5-Dryrun;DMP 1.5 Supplier Registration - Working on AWS NFT#1424 - Actions#1;
1706279064739;GET https://www.nft.marketplace.team/suppliers/frameworks/g-cloud-14/declaration/edit/application-accuracy;/suppliers/frameworks/g-cloud-14/declaration/edit/framework-award-form-details;/suppliers/frameworks/g-cloud-14/declaration/edit/framework-award-form-details;localhost:7100;504;0 Assertion failed;60;761;DMP-1.5-Dryrun;DMP 1.5 Supplier Registration - Working on AWS NFT#663 - Actions#1;
1706279064799;GET https://www.nft.marketplace.team/suppliers/frameworks/g-cloud-14/declaration/edit/grounds-for-mandatory-exclusion-taxes;/suppliers/frameworks/g-cloud-14/declaration/edit/grounds-for-mandatory-exclusion;/suppliers/frameworks/g-cloud-14/declaration/edit/grounds-for-mandatory-exclusion;localhost:7100;504;0 Assertion failed;60;723;DMP-1.5-Dryrun;DMP 1.5 Supplier Registration - Working on AWS NFT#1056 - Actions#1;
1706279064921;GET https://www.nft.marketplace.team/suppliers/frameworks/g-cloud-14/declaration/edit/grounds-for-discretionary-exclusion;/suppliers/frameworks/g-cloud-14/declaration/edit/grounds-for-mandatory-exclusion-taxes;/suppliers/frameworks/g-cloud-14/declaration/edit/grounds-for-mandatory-exclusion-taxes;localhost:7100;504;0 Assertion failed;60;723;DMP-1.5-Dryrun;DMP 1.5 Supplier Registration - Working on AWS NFT#1169 - Actions#1;
1706279066687;POST https://www.nft.marketplace.team/suppliers/frameworks/g-cloud-14/declaration/edit/providing-suitable-services;/suppliers/frameworks/g-cloud-14/declaration/edit/providing-suitable-services;;localhost:7100;504;0 Assertion failed;60;723;DMP-1.5-Dryrun;DMP 1.5 Supplier Registration - Working on AWS NFT#1368 - Actions#1;
1706279066696;POST https://www.nft.marketplace.team/suppliers/frameworks/g-cloud-14/declaration/edit/contact-details;/suppliers/frameworks/g-cloud-14/declaration/edit/contact-details;;localhost:7100;504;0 Assertion failed;60;723;DMP-1.5-Dryrun;DMP 1.5 Supplier Registration - Working on AWS NFT#858 - Actions#1;
1706279067307;GET https://www.nft.marketplace.team/suppliers/frameworks/g-cloud-14/declaration/reuse;/suppliers/frameworks/g-cloud-14/declaration/reuse;;localhost:7100;504;0 Assertion failed;60;723;DMP-1.5-Dryrun;DMP 1.5 Supplier Registration - Working on AWS NFT#1465 - Actions#1;
1706279067542;GET https://www.nft.marketplace.team/suppliers/frameworks/g-cloud-14/declaration/edit/group-or-consortium;/suppliers/frameworks/g-cloud-14/declaration/edit/ultimate-parent-company;/suppliers/frameworks/g-cloud-14/declaration/edit/ultimate-parent-company;localhost:7100;504;0 Assertion failed;60;723;DMP-1.5-Dryrun;DMP 1.5 Supplier Registration - Working on AWS NFT#1223 - Actions#1;
1706279067609;GET https://www.nft.marketplace.team/suppliers/frameworks/g-cloud-14/declaration/edit/providing-suitable-services;/suppliers/frameworks/g-cloud-14/declaration/edit/providing-suitable-services;;localhost:7100;504;0 Assertion failed;60;723;DMP-1.5-Dryrun;DMP 1.5 Supplier Registration - Working on AWS NFT#1504 - Actions#1;
1706279067932;GET https://www.nft.marketplace.team/suppliers/frameworks/g-cloud-14/declaration/edit/what-it-means-to-be-on-g-cloud-14;/suppliers/frameworks/g-cloud-14/declaration/edit/providing-suitable-services;/suppliers/frameworks/g-cloud-14/declaration/edit/providing-suitable-services;localhost:7100;504;0 Assertion failed;60;723;DMP-1.5-Dryrun;DMP 1.5 Supplier Registration - Working on AWS NFT#1401 - Actions#1;
1706279068587;POST https://www.nft.marketplace.team/suppliers/frameworks/g-cloud-14/declaration/edit/declaration-of-accuracy-and-understanding;/suppliers/frameworks/g-cloud-14/declaration/edit/declaration-of-accuracy-and-understanding;;localhost:7100;504;0 Assertion failed;60;723;DMP-1.5-Dryrun;DMP 1.5 Supplier Registration - Working on AWS NFT#825 - Actions#1;
1706279068776;POST https://www.nft.marketplace.team/suppliers/frameworks/g-cloud-14/declaration/edit/modern-slavery;/suppliers/frameworks/g-cloud-14/declaration/edit/modern-slavery;;localhost:7100;504;0 Assertion failed;60;723;DMP-1.5-Dryrun;DMP 1.5 Supplier Registration - Working on AWS NFT#1125 - Actions#1;
1706279069179;GET https://www.nft.marketplace.team/suppliers/frameworks/g-cloud-14/declaration/edit/providing-suitable-services;/suppliers/frameworks/g-cloud-14/declaration/edit/providing-suitable-services;;localhost:7100;504;0 Assertion failed;60;723;DMP-1.5-Dryrun;DMP 1.5 Supplier Registration - Working on AWS NFT#1439 - Actions#1;
1706279069741;GET https://www.nft.marketplace.team/suppliers/frameworks/g-cloud-14/declaration/edit/declaration-of-accuracy-and-understanding;/suppliers/frameworks/g-cloud-14/declaration/edit/application-accuracy;/suppliers/frameworks/g-cloud-14/declaration/edit/application-accuracy;localhost:7100;504;0 Assertion failed;60;723;DMP-1.5-Dryrun;DMP 1.5 Supplier Registration - Working on AWS NFT#777 - Actions#1;
1706279070006;POST https://www.nft.marketplace.team/suppliers/frameworks/g-cloud-14/declaration/edit/grounds-for-discretionary-exclusion;/suppliers/frameworks/g-cloud-14/declaration/edit/grounds-for-discretionary-exclusion;;localhost:7100;504;0 Assertion failed;60;723;DMP-1.5-Dryrun;DMP 1.5 Supplier Registration - Working on AWS NFT#1119 - Actions#1;
1706279070217;GET https://www.nft.marketplace.team/suppliers/frameworks/g-cloud-14/declaration/edit/persons-with-significant-control;/suppliers/frameworks/g-cloud-14/declaration/edit/authorisation-or-organisation-legal-requireme;/suppliers/frameworks/g-cloud-14/declaration/edit/authorisation-or-organisation-legal-requirement;localhost:7100;504;0 Assertion failed;60;723;DMP-1.5-Dryrun;DMP 1.5 Supplier Registration - Working on AWS NFT#1349 - Actions#1;
1706279070539;GET https://www.nft.marketplace.team/suppliers/frameworks/g-cloud-14/declaration/reuse;/suppliers/frameworks/g-cloud-14/declaration/reuse;;localhost:7100;504;0 Assertion failed;60;761;DMP-1.5-Dryrun;DMP 1.5 Supplier Registration - Working on AWS NFT#1464 - Actions#1;
1706279071010;GET https://www.nft.marketplace.team/suppliers/frameworks/g-cloud-14/submissions/cloud-hosting/281314/edit/about-your-service/service-categories;/suppliers/frameworks/g-cloud-14/submissions/cloud-hosting/281140/edit/about-your-service/servi;/suppliers/frameworks/g-cloud-14/submissions/cloud-hosting/${pServiceId}/edit/about-your-service/service-description;localhost:7100;504;0 Assertion failed;60;723;DMP-1.5-Dryrun;DMP 1.5 Supplier Registration - Working on AWS NFT#604 - Actions#1;
1706279071117;POST https://www.nft.marketplace.team/suppliers/frameworks/g-cloud-14/declaration/edit/data-protection;/suppliers/frameworks/g-cloud-14/declaration/edit/data-protection;;localhost:7100;504;0 Assertion failed;60;723;DMP-1.5-Dryrun;DMP 1.5 Supplier Registration - Working on AWS NFT#818 - Actions#1;
1706279071527;GET https://www.nft.marketplace.team/suppliers/frameworks/g-cloud-14/declaration/edit/providing-suitable-services;/suppliers/frameworks/g-cloud-14/declaration/edit/providing-suitable-services;;localhost:7100;504;0 Assertion failed;60;723;DMP-1.5-Dryrun;DMP 1.5 Supplier Registration - Working on AWS NFT#1385 - Actions#1;
1706279071531;GET https://www.nft.marketplace.team/suppliers/frameworks/g-cloud-14/declaration/edit/grounds-for-mandatory-exclusion-taxes;/suppliers/frameworks/g-cloud-14/declaration/edit/grounds-for-mandatory-exclusion;/suppliers/frameworks/g-cloud-14/declaration/edit/grounds-for-mandatory-exclusion;localhost:7100;504;0 Assertion failed;60;723;DMP-1.5-Dryrun;DMP 1.5 Supplier Registration - Working on AWS NFT#1095 - Actions#1;
1706279071746;GET https://www.nft.marketplace.team/suppliers/frameworks/g-cloud-14/declaration/edit/what-it-means-to-be-on-g-cloud-14;/suppliers/frameworks/g-cloud-14/declaration/edit/providing-suitable-services;/suppliers/frameworks/g-cloud-14/declaration/edit/providing-suitable-services;localhost:7100;504;0 Assertion failed;60;723;DMP-1.5-Dryrun;DMP 1.5 Supplier Registration - Working on AWS NFT#1363 - Actions#1;
1706279073564;POST https://www.nft.marketplace.team/suppliers/frameworks/g-cloud-14/declaration/edit/authorisation-or-organisation-legal-requirement;/suppliers/frameworks/g-cloud-14/declaration/edit/authorisation-or-organisation-legal-requireme;;localhost:7100;504;0 Assertion failed;60;723;DMP-1.5-Dryrun;DMP 1.5 Supplier Registration - Working on AWS NFT#1337 - Actions#1;
1706279074256;POST https://www.nft.marketplace.team/suppliers/frameworks/g-cloud-14/declaration/edit/grounds-for-mandatory-exclusion-taxes;/suppliers/frameworks/g-cloud-14/declaration/edit/grounds-for-mandatory-exclusion-taxes;;localhost:7100;504;0 Assertion failed;60;723;DMP-1.5-Dryrun;DMP 1.5 Supplier Registration - Working on AWS NFT#1102 - Actions#1;
1706279074316;GET https://www.nft.marketplace.team/suppliers/frameworks/g-cloud-14/declaration/edit/grounds-for-mandatory-exclusion-taxes;/suppliers/frameworks/g-cloud-14/declaration/edit/grounds-for-mandatory-exclusion;/suppliers/frameworks/g-cloud-14/declaration/edit/grounds-for-mandatory-exclusion;localhost:7100;504;0 Assertion failed;60;723;DMP-1.5-Dryrun;DMP 1.5 Supplier Registration - Working on AWS NFT#1067 - Actions#1;
1706279074829;POST https://www.nft.marketplace.team/suppliers/frameworks/g-cloud-14/submissions/cloud-hosting/281191/edit/separation-between-users/virtualisation;/suppliers/frameworks/g-cloud-14/submissions/cloud-hosting/281140/edit/separation-between-users;;localhost:7100;504;0 Assertion failed;60;761;DMP-1.5-Dryrun;DMP 1.5 Supplier Registration - Working on AWS NFT#143 - Actions#1;
1706279074861;POST https://www.nft.marketplace.team/suppliers/frameworks/g-cloud-14/declaration/edit/working-with-government;/suppliers/frameworks/g-cloud-14/declaration/edit/working-with-government;;localhost:7100;504;0 Assertion failed;60;723;DMP-1.5-Dryrun;DMP 1.5 Supplier Registration - Working on AWS NFT#1084 - Actions#1;
1706279075845;GET https://www.nft.marketplace.team/suppliers/frameworks/g-cloud-14/declaration/edit/what-it-means-to-be-on-g-cloud-14;/suppliers/frameworks/g-cloud-14/declaration/edit/providing-suitable-services;/suppliers/frameworks/g-cloud-14/declaration/edit/providing-suitable-services;localhost:7100;504;0 Assertion failed;60;723;DMP-1.5-Dryrun;DMP 1.5 Supplier Registration - Working on AWS NFT#1394 - Actions#1;
1706279076468;GET https://www.nft.marketplace.team/suppliers/frameworks/g-cloud-14/declaration/reuse;/suppliers/frameworks/g-cloud-14/declaration/reuse;;localhost:7100;504;0 Assertion failed;60;723;DMP-1.5-Dryrun;DMP 1.5 Supplier Registration - Working on AWS NFT#1433 - Actions#1;
1706279076909;POST https://www.nft.marketplace.team/suppliers/frameworks/g-cloud-14/declaration/edit/persons-with-significant-control;/suppliers/frameworks/g-cloud-14/declaration/edit/persons-with-significant-control;;localhost:7100;504;0 Assertion failed;60;723;DMP-1.5-Dryrun;DMP 1.5 Supplier Registration - Working on AWS NFT#1311 - Actions#1;
1706279078327;POST https://www.nft.marketplace.team/suppliers/frameworks/g-cloud-14/declaration/edit/providing-suitable-services;/suppliers/frameworks/g-cloud-14/declaration/edit/providing-suitable-services;;localhost:7100;504;0 Assertion failed;60;723;DMP-1.5-Dryrun;DMP 1.5 Supplier Registration - Working on AWS NFT#1381 - Actions#1;
1706279078664;GET https://www.nft.marketplace.team/suppliers/frameworks/g-cloud-14/declaration/edit/group-or-consortium;/suppliers/frameworks/g-cloud-14/declaration/edit/ultimate-parent-company;/suppliers/frameworks/g-cloud-14/declaration/edit/ultimate-parent-company;localhost:7100;504;0 Assertion failed;60;761;DMP-1.5-Dryrun;DMP 1.5 Supplier Registration - Working on AWS NFT#1248 - Actions#1;
1706279078699;POST https://www.nft.marketplace.team/suppliers/frameworks/g-cloud-14/declaration/edit/immediate-parent-company;/suppliers/frameworks/g-cloud-14/declaration/edit/immediate-parent-company;;localhost:7100;504;0 Assertion failed;60;723;DMP-1.5-Dryrun;DMP 1.5 Supplier Registration - Working on AWS NFT#1285 - Actions#1;
1706279078835;GET https://www.nft.marketplace.team/suppliers/frameworks/g-cloud-14/submissions;/suppliers/frameworks/g-cloud-14/submissions;;localhost:7100;504;0 Assertion failed;60;723;DMP-1.5-Dryrun;DMP 1.5 Supplier Registration - Working on AWS NFT#673 - Actions#1;
1706279078875;GET https://www.nft.marketplace.team/suppliers/frameworks/g-cloud-14/declaration/edit/working-with-government;/suppliers/frameworks/g-cloud-14/declaration/edit/economic-and-financial-standing;/suppliers/frameworks/g-cloud-14/declaration/edit/economic-and-financial-standing;localhost:7100;504;0 Assertion failed;60;723;DMP-1.5-Dryrun;DMP 1.5 Supplier Registration - Working on AWS NFT#1120 - Actions#1;
1706279079037;POST https://www.nft.marketplace.team/suppliers/frameworks/g-cloud-14/submissions/cloud-hosting/281277/edit/onboarding-and-offboarding/documentation;/suppliers/frameworks/g-cloud-14/submissions/cloud-hosting/281140/edit/onboarding-and-offboardi;;localhost:7100;504;0 Assertion failed;60;723;DMP-1.5-Dryrun;DMP 1.5 Supplier Registration - Working on AWS NFT#304 - Actions#1;
1706279079512;GET https://www.nft.marketplace.team/suppliers/frameworks/g-cloud-14/declaration/edit/economic-and-financial-standing;/suppliers/frameworks/g-cloud-14/declaration/edit/modern-slavery;/suppliers/frameworks/g-cloud-14/declaration/edit/modern-slavery;localhost:7100;504;0 Assertion failed;60;723;DMP-1.5-Dryrun;DMP 1.5 Supplier Registration - Working on AWS NFT#1113 - Actions#1;
1706279079701;GET https://www.nft.marketplace.team/suppliers/frameworks/g-cloud-14/declaration/edit/what-it-means-to-be-on-g-cloud-14;/suppliers/frameworks/g-cloud-14/declaration/edit/providing-suitable-services;/suppliers/frameworks/g-cloud-14/declaration/edit/providing-suitable-services;localhost:7100;504;0 Assertion failed;60;723;DMP-1.5-Dryrun;DMP 1.5 Supplier Registration - Working on AWS NFT#1407 - Actions#1;
1706279079869;POST https://www.nft.marketplace.team/suppliers/frameworks/g-cloud-14/declaration/edit/insurance-requirements;/suppliers/frameworks/g-cloud-14/declaration/edit/insurance-requirements;;localhost:7100;504;0 Assertion failed;60;723;DMP-1.5-Dryrun;DMP 1.5 Supplier Registration - Working on AWS NFT#1022 - Actions#1;
1706279079913;GET https://www.nft.marketplace.team/suppliers/frameworks/g-cloud-14/declaration/edit/persons-with-significant-control;/suppliers/frameworks/g-cloud-14/declaration/edit/authorisation-or-organisation-legal-requireme;/suppliers/frameworks/g-cloud-14/declaration/edit/authorisation-or-organisation-legal-requirement;localhost:7100;504;0 Assertion failed;60;723;DMP-1.5-Dryrun;DMP 1.5 Supplier Registration - Working on AWS NFT#1335 - Actions#1;
1706279079999;GET https://www.nft.marketplace.team/suppliers/frameworks/g-cloud-14/declaration/edit/providing-suitable-services;/suppliers/frameworks/g-cloud-14/declaration/edit/providing-suitable-services;;localhost:7100;504;0 Assertion failed;60;723;DMP-1.5-Dryrun;DMP 1.5 Supplier Registration - Working on AWS NFT#1413 - Actions#1;
1706279080399;POST https://www.nft.marketplace.team/suppliers/frameworks/g-cloud-14/submissions/cloud-hosting/create;/suppliers/frameworks/g-cloud-14/submissions/cloud-hosting/create;;localhost:7100;504;0 Assertion failed;60;723;DMP-1.5-Dryrun;DMP 1.5 Supplier Registration - Working on AWS NFT#644 - Actions#1;
1706279081439;GET https://www.nft.marketplace.team/suppliers/frameworks/g-cloud-14/declaration/start;/suppliers/frameworks/g-cloud-14/declaration/start;;localhost:7100;504;0 Assertion failed;60;723;DMP-1.5-Dryrun;DMP 1.5 Supplier Registration - Working on AWS NFT#1482 - Actions#1;
1706279081453;GET https://www.nft.marketplace.team/suppliers/frameworks/g-cloud-14/declaration/edit/modern-slavery;/suppliers/frameworks/g-cloud-14/declaration/edit/grounds-for-discretionary-exclusion;/suppliers/frameworks/g-cloud-14/declaration/edit/grounds-for-discretionary-exclusion;localhost:7100;504;0 Assertion failed;60;723;DMP-1.5-Dryrun;DMP 1.5 Supplier Registration - Working on AWS NFT#1104 - Actions#1;
1706279081781;GET https://www.nft.marketplace.team/suppliers;/user/login;;localhost:7100;504;0 Assertion failed;60;723;DMP-1.5-Dryrun;DMP 1.5 Supplier Registration - Working on AWS NFT#1527 - Actions#1;
1706279081874;GET https://www.nft.marketplace.team/suppliers/frameworks/g-cloud-14/submissions/cloud-hosting/281262;/suppliers/frameworks/g-cloud-14/submissions/cloud-hosting/281140/edit/analytics/metrics;/suppliers/frameworks/g-cloud-14/submissions/cloud-hosting/${pServiceId}/edit/analytics/metrics;localhost:7100;504;0 Assertion failed;60;723;DMP-1.5-Dryrun;DMP 1.5 Supplier Registration - Working on AWS NFT#491 - Actions#1;
1706279082479;POST https://www.nft.marketplace.team/suppliers/frameworks/g-cloud-14/declaration/edit/grounds-for-mandatory-exclusion;/suppliers/frameworks/g-cloud-14/declaration/edit/grounds-for-mandatory-exclusion;;localhost:7100;504;0 Assertion failed;60;723;DMP-1.5-Dryrun;DMP 1.5 Supplier Registration - Working on AWS NFT#1103 - Actions#1;
1706279082510;GET https://www.nft.marketplace.team/suppliers/frameworks/g-cloud-14/declaration/edit/what-it-means-to-be-on-g-cloud-14;/suppliers/frameworks/g-cloud-14/declaration/edit/providing-suitable-services;/suppliers/frameworks/g-cloud-14/declaration/edit/providing-suitable-services;localhost:7100;504;0 Assertion failed;60;723;DMP-1.5-Dryrun;DMP 1.5 Supplier Registration - Working on AWS NFT#1470 - Actions#1;
1706279083249;GET https://www.nft.marketplace.team/suppliers/frameworks/g-cloud-14/declaration/edit/application-accuracy;/suppliers/frameworks/g-cloud-14/declaration/edit/framework-award-form-details;/suppliers/frameworks/g-cloud-14/declaration/edit/framework-award-form-details;localhost:7100;504;0 Assertion failed;60;723;DMP-1.5-Dryrun;DMP 1.5 Supplier Registration - Working on AWS NFT#831 - Actions#1;
1706279083631;GET https://www.nft.marketplace.team/suppliers/frameworks/g-cloud-14/declaration/edit/what-it-means-to-be-on-g-cloud-14;/suppliers/frameworks/g-cloud-14/declaration/edit/providing-suitable-services;/suppliers/frameworks/g-cloud-14/declaration/edit/providing-suitable-services;localhost:7100;504;0 Assertion failed;60;723;DMP-1.5-Dryrun;DMP 1.5 Supplier Registration - Working on AWS NFT#1417 - Actions#1;
1706279086625;GET https://www.nft.marketplace.team/suppliers;/user/login;;localhost:7100;504;0 Assertion failed;60;723;DMP-1.5-Dryrun;DMP 1.5 Supplier Registration - Working on AWS NFT#1532 - Actions#1;
1706279086763;GET https://www.nft.marketplace.team/suppliers/frameworks/g-cloud-14/declaration/edit/grounds-for-mandatory-exclusion;/suppliers/frameworks/g-cloud-14/declaration/edit/key-subcontractors;/suppliers/frameworks/g-cloud-14/declaration/edit/key-subcontractors;localhost:7100;504;0 Assertion failed;60;723;DMP-1.5-Dryrun;DMP 1.5 Supplier Registration - Working on AWS NFT#1181 - Actions#1;
1706279087467;GET https://www.nft.marketplace.team/suppliers/frameworks/g-cloud-14/declaration;/suppliers/frameworks/g-cloud-14/declaration/edit/contact-details;/suppliers/frameworks/g-cloud-14/declaration/edit/contact-details;localhost:7100;504;0 Assertion failed;60;723;DMP-1.5-Dryrun;DMP 1.5 Supplier Registration - Working on AWS NFT#845 - Actions#1;
1706279087890;POST https://www.nft.marketplace.team/suppliers/frameworks/g-cloud-14/declaration/edit/immediate-parent-company;/suppliers/frameworks/g-cloud-14/declaration/edit/immediate-parent-company;;localhost:7100;504;0 Assertion failed;60;723;DMP-1.5-Dryrun;DMP 1.5 Supplier Registration - Working on AWS NFT#1354 - Actions#1;
1706279088438;GET https://www.nft.marketplace.team/suppliers/frameworks/g-cloud-14/declaration/edit/modern-slavery;/suppliers/frameworks/g-cloud-14/declaration/edit/grounds-for-discretionary-exclusion;/suppliers/frameworks/g-cloud-14/declaration/edit/grounds-for-discretionary-exclusion;localhost:7100;504;0 Assertion failed;60;723;DMP-1.5-Dryrun;DMP 1.5 Supplier Registration - Working on AWS NFT#1066 - Actions#1;
1706279089428;POST https://www.nft.marketplace.team/suppliers/frameworks/g-cloud-14/declaration/edit/what-it-means-to-be-on-g-cloud-14;/suppliers/frameworks/g-cloud-14/declaration/edit/what-it-means-to-be-on-g-cloud-14;;localhost:7100;504;0 Assertion failed;60;723;DMP-1.5-Dryrun;DMP 1.5 Supplier Registration - Working on AWS NFT#1430 - Actions#1;
1706279089560;POST https://www.nft.marketplace.team/suppliers/frameworks/g-cloud-14;/suppliers/frameworks/g-cloud-14;;localhost:7100;504;0 Assertion failed;60;723;DMP-1.5-Dryrun;DMP 1.5 Supplier Registration - Working on AWS NFT#1525 - Actions#1;
1706279090482;GET https://www.nft.marketplace.team/suppliers/frameworks/g-cloud-14/declaration/edit/authorisation-or-organisation-legal-requirement;/suppliers/frameworks/g-cloud-14/declaration/edit/what-it-means-to-be-on-g-cloud-14;/suppliers/frameworks/g-cloud-14/declaration/edit/what-it-means-to-be-on-g-cloud-14;localhost:7100;504;0 Assertion failed;60;723;DMP-1.5-Dryrun;DMP 1.5 Supplier Registration - Working on AWS NFT#1460 - Actions#1;
1706279091639;POST https://www.nft.marketplace.team/suppliers/frameworks/g-cloud-14/declaration/edit/contracts-finder;/suppliers/frameworks/g-cloud-14/declaration/edit/contracts-finder;;localhost:7100;504;0 Assertion failed;60;723;DMP-1.5-Dryrun;DMP 1.5 Supplier Registration - Working on AWS NFT#909 - Actions#1;
1706279093535;GET https://www.nft.marketplace.team/suppliers/frameworks/g-cloud-14/declaration/edit/authorisation-or-organisation-legal-requirement;/suppliers/frameworks/g-cloud-14/declaration/edit/what-it-means-to-be-on-g-cloud-14;/suppliers/frameworks/g-cloud-14/declaration/edit/what-it-means-to-be-on-g-cloud-14;localhost:7100;504;0 Assertion failed;60;723;DMP-1.5-Dryrun;DMP 1.5 Supplier Registration - Working on AWS NFT#1469 - Actions#1;
1706279093578;GET https://www.nft.marketplace.team/suppliers/details;/suppliers/details;;localhost:7100;504;0 Assertion failed;60;723;DMP-1.5-Dryrun;DMP 1.5 Supplier Registration - Working on AWS NFT#1520 - Actions#1;
1706279110106;GET https://www.nft.marketplace.team/suppliers/details;/suppliers/details;;localhost:7100;200;1 Assertion failed;20.1;31960;DMP-1.5-Dryrun;DMP 1.5 Supplier Registration - Working on AWS NFT#1581 - Actions#1;
1706279191313;POST https://www.nft.marketplace.team/suppliers/details;/suppliers/details;/suppliers/details;localhost:7100;504;0 Assertion failed;60;723;DMP-1.5-Dryrun;DMP 1.5 Supplier Registration - Working on AWS NFT#1698 - Actions#1;
1706279192196;GET https://www.nft.marketplace.team/suppliers/details;/suppliers/details;;localhost:7100;504;0 Assertion failed;60;723;DMP-1.5-Dryrun;DMP 1.5 Supplier Registration - Working on AWS NFT#1721 - Actions#1;
1706279192852;POST https://www.nft.marketplace.team/suppliers/details;/suppliers/details;/suppliers/details;localhost:7100;504;0 Assertion failed;60;723;DMP-1.5-Dryrun;DMP 1.5 Supplier Registration - Working on AWS NFT#1660 - Actions#1;
1706279196119;GET https://www.nft.marketplace.team/suppliers/frameworks/g-cloud-14/submissions/cloud-hosting/281064/edit/standards-and-certifications/iso-iec-27001-certification;/suppliers/frameworks/g-cloud-14/submissions/cloud-hosting/281140/edit/standards-and-certificat;;localhost:7100;504;0 Assertion failed;60;723;DMP-1.5-Dryrun;DMP 1.5 Supplier Registration - Working on AWS NFT#425 - Actions#1;
1706279196239;GET https://www.nft.marketplace.team/suppliers/frameworks/g-cloud-14/declaration/start;/suppliers/frameworks/g-cloud-14/declaration/start;;localhost:7100;504;0 Assertion failed;60;723;DMP-1.5-Dryrun;DMP 1.5 Supplier Registration - Working on AWS NFT#1586 - Actions#1;
1706279197178;GET https://www.nft.marketplace.team/suppliers/frameworks/g-cloud-14/submissions/cloud-hosting/281327/edit/about-your-service/service-description;/suppliers/frameworks/g-cloud-14/submissions/cloud-hosting/281140/edit/about-your-service/servi;;localhost:7100;504;0 Assertion failed;60;723;DMP-1.5-Dryrun;DMP 1.5 Supplier Registration - Working on AWS NFT#797 - Actions#1;
1706279197883;POST https://www.nft.marketplace.team/suppliers/frameworks/g-cloud-14;/suppliers/frameworks/g-cloud-14;;localhost:7100;504;0 Assertion failed;60;723;DMP-1.5-Dryrun;DMP 1.5 Supplier Registration - Working on AWS NFT#3 - Actions#2;
1706279198763;GET https://www.nft.marketplace.team/suppliers/details;/suppliers/details;;localhost:7100;504;0 Assertion failed;60;723;DMP-1.5-Dryrun;DMP 1.5 Supplier Registration - Working on AWS NFT#1719 - Actions#1;
1706279199242;GET https://www.nft.marketplace.team/suppliers/frameworks/g-cloud-14/declaration/edit/grounds-for-mandatory-exclusion;/suppliers/frameworks/g-cloud-14/declaration/edit/key-subcontractors;/suppliers/frameworks/g-cloud-14/declaration/edit/key-subcontractors;localhost:7100;504;0 Assertion failed;60;723;DMP-1.5-Dryrun;DMP 1.5 Supplier Registration - Working on AWS NFT#1252 - Actions#1;
1706279199264;POST https://www.nft.marketplace.team/suppliers/frameworks/g-cloud-14/declaration/edit/authorisation-or-organisation-legal-requirement;/suppliers/frameworks/g-cloud-14/declaration/edit/authorisation-or-organisation-legal-requireme;;localhost:7100;504;0 Assertion failed;60;723;DMP-1.5-Dryrun;DMP 1.5 Supplier Registration - Working on AWS NFT#1419 - Actions#1;
1706279200357;POST https://www.nft.marketplace.team/suppliers/frameworks/g-cloud-14;/suppliers/frameworks/g-cloud-14;;localhost:7100;504;0 Assertion failed;60;723;DMP-1.5-Dryrun;DMP 1.5 Supplier Registration - Working on AWS NFT#1750 - Actions#1;
1706279201185;GET https://www.nft.marketplace.team/suppliers/frameworks/g-cloud-14/declaration/start;/suppliers/frameworks/g-cloud-14/declaration/start;;localhost:7100;504;0 Assertion failed;60;723;DMP-1.5-Dryrun;DMP 1.5 Supplier Registration - Working on AWS NFT#1625 - Actions#1;
1706279202199;POST https://www.nft.marketplace.team/suppliers/details;/suppliers/details;/suppliers/details;localhost:7100;504;0 Assertion failed;60;723;DMP-1.5-Dryrun;DMP 1.5 Supplier Registration - Working on AWS NFT#1544 - Actions#1;
1706279202214;GET https://www.nft.marketplace.team/suppliers/frameworks/g-cloud-14/declaration/start;/suppliers/frameworks/g-cloud-14/declaration/start;;localhost:7100;504;0 Assertion failed;60;723;DMP-1.5-Dryrun;DMP 1.5 Supplier Registration - Working on AWS NFT#1589 - Actions#1;
1706279202388;POST https://www.nft.marketplace.team/suppliers/frameworks/g-cloud-14/declaration/edit/authorisation-or-organisation-legal-requirement;/suppliers/frameworks/g-cloud-14/declaration/edit/authorisation-or-organisation-legal-requireme;;localhost:7100;504;0 Assertion failed;60;723;DMP-1.5-Dryrun;DMP 1.5 Supplier Registration - Working on AWS NFT#1473 - Actions#1;
1706279202642;GET https://www.nft.marketplace.team/suppliers/frameworks/g-cloud-14/submissions/cloud-hosting/281273/edit/scaling/scaling;/suppliers/frameworks/g-cloud-14/submissions/cloud-hosting/281140/edit/scaling/scaling;;localhost:7100;504;0 Assertion failed;60;723;DMP-1.5-Dryrun;DMP 1.5 Supplier Registration - Working on AWS NFT#310 - Actions#1;
1706279202893;POST https://www.nft.marketplace.team/suppliers/frameworks/g-cloud-14/declaration/edit/ultimate-parent-company;/suppliers/frameworks/g-cloud-14/declaration/edit/ultimate-parent-company;;localhost:7100;504;0 Assertion failed;60;723;DMP-1.5-Dryrun;DMP 1.5 Supplier Registration - Working on AWS NFT#189 - Actions#2;
1706279204206;GET https://www.nft.marketplace.team/suppliers/frameworks/g-cloud-14/declaration/reuse;/suppliers/frameworks/g-cloud-14/declaration/reuse;;localhost:7100;504;0 Assertion failed;60;723;DMP-1.5-Dryrun;DMP 1.5 Supplier Registration - Working on AWS NFT#1546 - Actions#1;
1706279204890;GET https://www.nft.marketplace.team/suppliers/frameworks/g-cloud-14/declaration/edit/application-accuracy;/suppliers/frameworks/g-cloud-14/declaration/edit/framework-award-form-details;/suppliers/frameworks/g-cloud-14/declaration/edit/framework-award-form-details;localhost:7100;504;0 Assertion failed;60;723;DMP-1.5-Dryrun;DMP 1.5 Supplier Registration - Working on AWS NFT#932 - Actions#1;
1706279205603;GET https://www.nft.marketplace.team/suppliers/frameworks/g-cloud-14/submissions/cloud-hosting/281286/edit/scaling/scaling;/suppliers/frameworks/g-cloud-14/submissions/cloud-hosting/281140/edit/scaling/scaling;;localhost:7100;504;0 Assertion failed;60;723;DMP-1.5-Dryrun;DMP 1.5 Supplier Registration - Working on AWS NFT#349 - Actions#1;
1706279207304;GET https://www.nft.marketplace.team/suppliers/frameworks/g-cloud-14/declaration/edit/contracts-finder;/suppliers/frameworks/g-cloud-14/declaration/edit/health-and-safety;/suppliers/frameworks/g-cloud-14/declaration/edit/health-and-safety;localhost:7100;504;0 Assertion failed;60;723;DMP-1.5-Dryrun;DMP 1.5 Supplier Registration - Working on AWS NFT#1028 - Actions#1;
1706279207351;GET https://www.nft.marketplace.team/suppliers/frameworks/g-cloud-14/declaration/edit/modern-slavery;/suppliers/frameworks/g-cloud-14/declaration/edit/grounds-for-discretionary-exclusion;/suppliers/frameworks/g-cloud-14/declaration/edit/grounds-for-discretionary-exclusion;localhost:7100;504;0 Assertion failed;60;723;DMP-1.5-Dryrun;DMP 1.5 Supplier Registration - Working on AWS NFT#1264 - Actions#1;
1706279207408;POST https://www.nft.marketplace.team/suppliers/frameworks/g-cloud-14/declaration/edit/value-added-tax;/suppliers/frameworks/g-cloud-14/declaration/edit/value-added-tax;;localhost:7100;504;0 Assertion failed;60;723;DMP-1.5-Dryrun;DMP 1.5 Supplier Registration - Working on AWS NFT#1080 - Actions#1;
1706279211213;POST https://www.nft.marketplace.team/suppliers/frameworks/g-cloud-14/declaration/edit/contact-details;/suppliers/frameworks/g-cloud-14/declaration/edit/contact-details;;localhost:7100;504;0 Assertion failed;60;723;DMP-1.5-Dryrun;DMP 1.5 Supplier Registration - Working on AWS NFT#799 - Actions#1;
1706279211454;POST https://www.nft.marketplace.team/suppliers/frameworks/g-cloud-14/declaration/edit/authorisation-or-organisation-legal-requirement;/suppliers/frameworks/g-cloud-14/declaration/edit/authorisation-or-organisation-legal-requireme;;localhost:7100;504;0 Assertion failed;60;723;DMP-1.5-Dryrun;DMP 1.5 Supplier Registration - Working on AWS NFT#1518 - Actions#1;
1706279211556;GET https://www.nft.marketplace.team/suppliers/frameworks/g-cloud-14/declaration;;/suppliers/frameworks/g-cloud-14/declaration/reuse;localhost:7100;504;0 Assertion failed;60;723;DMP-1.5-Dryrun;DMP 1.5 Supplier Registration - Working on AWS NFT#1550 - Actions#1;
1706279211556;GET https://www.nft.marketplace.team/suppliers/frameworks/g-cloud-14/submissions/cloud-hosting/281301/edit/user-support/email-or-ticketing-support;/suppliers/frameworks/g-cloud-14/submissions/cloud-hosting/281140/edit/user-support/email-or-ti;;localhost:7100;504;0 Assertion failed;60;723;DMP-1.5-Dryrun;DMP 1.5 Supplier Registration - Working on AWS NFT#537 - Actions#1;
1706279211951;GET https://www.nft.marketplace.team/suppliers;/user/login;;localhost:7100;504;0 Assertion failed;60;761;DMP-1.5-Dryrun;DMP 1.5 Supplier Registration - Working on AWS NFT#213 - Actions#2;
1706279212595;POST https://www.nft.marketplace.team/suppliers/frameworks/g-cloud-14/declaration/edit/immediate-parent-company;/suppliers/frameworks/g-cloud-14/declaration/edit/immediate-parent-company;;localhost:7100;504;0 Assertion failed;60;723;DMP-1.5-Dryrun;DMP 1.5 Supplier Registration - Working on AWS NFT#1457 - Actions#1;
1706279213940;GET https://www.nft.marketplace.team/suppliers/frameworks/g-cloud-14/declaration/edit/providing-suitable-services;/suppliers/frameworks/g-cloud-14/declaration/edit/providing-suitable-services;;localhost:7100;504;0 Assertion failed;60;761;DMP-1.5-Dryrun;DMP 1.5 Supplier Registration - Working on AWS NFT#1553 - Actions#1;
1706279214106;GET https://www.nft.marketplace.team/suppliers/frameworks/g-cloud-14/declaration/edit/grounds-for-mandatory-exclusion;/suppliers/frameworks/g-cloud-14/declaration/edit/key-subcontractors;/suppliers/frameworks/g-cloud-14/declaration/edit/key-subcontractors;localhost:7100;504;0 Assertion failed;60;723;DMP-1.5-Dryrun;DMP 1.5 Supplier Registration - Working on AWS NFT#1294 - Actions#1;
1706279214545;GET https://www.nft.marketplace.team/suppliers/frameworks/g-cloud-14/declaration/edit/declaration-of-accuracy-and-understanding;/suppliers/frameworks/g-cloud-14/declaration/edit/application-accuracy;/suppliers/frameworks/g-cloud-14/declaration/edit/application-accuracy;localhost:7100;504;0 Assertion failed;60;723;DMP-1.5-Dryrun;DMP 1.5 Supplier Registration - Working on AWS NFT#898 - Actions#1;
1706279214564;GET https://www.nft.marketplace.team/suppliers/frameworks/g-cloud-14/declaration;/suppliers/frameworks/g-cloud-14/declaration/edit/contact-details;/suppliers/frameworks/g-cloud-14/declaration/edit/contact-details;localhost:7100;504;0 Assertion failed;60;723;DMP-1.5-Dryrun;DMP 1.5 Supplier Registration - Working on AWS NFT#871 - Actions#1;
1706279214797;GET https://www.nft.marketplace.team/suppliers/frameworks/g-cloud-14/declaration/edit/value-added-tax;/suppliers/frameworks/g-cloud-14/declaration/edit/working-with-government;/suppliers/frameworks/g-cloud-14/declaration/edit/working-with-government;localhost:7100;504;0 Assertion failed;60;723;DMP-1.5-Dryrun;DMP 1.5 Supplier Registration - Working on AWS NFT#1089 - Actions#1;
1706279214956;GET https://www.nft.marketplace.team/suppliers/frameworks/g-cloud-14/declaration/edit/health-and-safety;/suppliers/frameworks/g-cloud-14/declaration/edit/data-protection;/suppliers/frameworks/g-cloud-14/declaration/edit/data-protection;localhost:7100;504;0 Assertion failed;60;723;DMP-1.5-Dryrun;DMP 1.5 Supplier Registration - Working on AWS NFT#955 - Actions#1;
1706279215518;POST https://www.nft.marketplace.team/suppliers/frameworks/g-cloud-14/submissions/cloud-hosting/281313/edit/service-features-and-benefits/service-features-and-benefits;/suppliers/frameworks/g-cloud-14/submissions/cloud-hosting/281140/edit/service-features-and-ben;;localhost:7100;504;0 Assertion failed;60;723;DMP-1.5-Dryrun;DMP 1.5 Supplier Registration - Working on AWS NFT#622 - Actions#1;
1706279216099;GET https://www.nft.marketplace.team/suppliers/frameworks/g-cloud-14/declaration/start;/suppliers/frameworks/g-cloud-14/declaration/start;;localhost:7100;504;0 Assertion failed;60;723;DMP-1.5-Dryrun;DMP 1.5 Supplier Registration - Working on AWS NFT#1582 - Actions#1;
1706279216603;GET https://www.nft.marketplace.team/suppliers/frameworks/g-cloud-14/declaration/start;/suppliers/frameworks/g-cloud-14/declaration/start;;localhost:7100;504;0 Assertion failed;60;723;DMP-1.5-Dryrun;DMP 1.5 Supplier Registration - Working on AWS NFT#1643 - Actions#1;
1706279216919;POST https://www.nft.marketplace.team/suppliers/frameworks/g-cloud-14/declaration/edit/health-and-safety;/suppliers/frameworks/g-cloud-14/declaration/edit/health-and-safety;;localhost:7100;504;0 Assertion failed;60;723;DMP-1.5-Dryrun;DMP 1.5 Supplier Registration - Working on AWS NFT#943 - Actions#1;
1706279217195;POST https://www.nft.marketplace.team/suppliers/frameworks/g-cloud-14/declaration/edit/value-added-tax;/suppliers/frameworks/g-cloud-14/declaration/edit/value-added-tax;;localhost:7100;504;0 Assertion failed;60;723;DMP-1.5-Dryrun;DMP 1.5 Supplier Registration - Working on AWS NFT#1068 - Actions#1;
1706279218225;POST https://www.nft.marketplace.team/suppliers/frameworks/g-cloud-14/declaration/edit/key-subcontractors;/suppliers/frameworks/g-cloud-14/declaration/edit/key-subcontractors;;localhost:7100;504;0 Assertion failed;60;723;DMP-1.5-Dryrun;DMP 1.5 Supplier Registration - Working on AWS NFT#1276 - Actions#1;
1706279218291;GET https://www.nft.marketplace.team/suppliers/details;/suppliers/details;;localhost:7100;504;0 Assertion failed;60;723;DMP-1.5-Dryrun;DMP 1.5 Supplier Registration - Working on AWS NFT#1752 - Actions#1;
1706279218401;GET https://www.nft.marketplace.team/suppliers/frameworks/g-cloud-14/declaration/reuse;/suppliers/frameworks/g-cloud-14/declaration/reuse;;localhost:7100;504;0 Assertion failed;60;723;DMP-1.5-Dryrun;DMP 1.5 Supplier Registration - Working on AWS NFT#1561 - Actions#1;
1706279218742;GET https://www.nft.marketplace.team/suppliers/frameworks/g-cloud-14/declaration/edit/authorisation-or-organisation-legal-requirement;/suppliers/frameworks/g-cloud-14/declaration/edit/what-it-means-to-be-on-g-cloud-14;/suppliers/frameworks/g-cloud-14/declaration/edit/what-it-means-to-be-on-g-cloud-14;localhost:7100;504;0 Assertion failed;60;723;DMP-1.5-Dryrun;DMP 1.5 Supplier Registration - Working on AWS NFT#1496 - Actions#1;
1706279218766;GET https://www.nft.marketplace.team/suppliers/frameworks/g-cloud-14/declaration/start;/suppliers/frameworks/g-cloud-14/declaration/start;;localhost:7100;504;0 Assertion failed;60;723;DMP-1.5-Dryrun;DMP 1.5 Supplier Registration - Working on AWS NFT#1573 - Actions#1;
1706279219139;GET https://www.nft.marketplace.team/suppliers/frameworks/g-cloud-14/declaration/start;/suppliers/frameworks/g-cloud-14/declaration/start;;localhost:7100;504;0 Assertion failed;60;723;DMP-1.5-Dryrun;DMP 1.5 Supplier Registration - Working on AWS NFT#1592 - Actions#1;
1706279219470;GET https://www.nft.marketplace.team/suppliers/frameworks/g-cloud-14;/suppliers/details;/suppliers/details;localhost:7100;504;0 Assertion failed;60;723;DMP-1.5-Dryrun;DMP 1.5 Supplier Registration - Working on AWS NFT#1632 - Actions#1;
1706279219796;POST https://www.nft.marketplace.team/suppliers/frameworks/g-cloud-14/declaration/edit/key-subcontractors;/suppliers/frameworks/g-cloud-14/declaration/edit/key-subcontractors;;localhost:7100;504;0 Assertion failed;60;761;DMP-1.5-Dryrun;DMP 1.5 Supplier Registration - Working on AWS NFT#1245 - Actions#1;
1706279220105;POST https://www.nft.marketplace.team/suppliers/frameworks/g-cloud-14/submissions/cloud-hosting/281316/edit/service-scope/service-constraints;/suppliers/frameworks/g-cloud-14/submissions/cloud-hosting/281140/edit/service-scope/service-co;;localhost:7100;504;0 Assertion failed;60;761;DMP-1.5-Dryrun;DMP 1.5 Supplier Registration - Working on AWS NFT#713 - Actions#1;
1706279220106;POST https://www.nft.marketplace.team/suppliers/details;/suppliers/details;/suppliers/details;localhost:7100;504;0 Assertion failed;60;761;DMP-1.5-Dryrun;DMP 1.5 Supplier Registration - Working on AWS NFT#1713 - Actions#1;
1706279220322;POST https://www.nft.marketplace.team/suppliers/frameworks/g-cloud-14/declaration/edit/persons-with-significant-control;/suppliers/frameworks/g-cloud-14/declaration/edit/persons-with-significant-control;;localhost:7100;504;0 Assertion failed;60;723;DMP-1.5-Dryrun;DMP 1.5 Supplier Registration - Working on AWS NFT#1383 - Actions#1;
1706279220362;GET https://www.nft.marketplace.team/suppliers/frameworks/g-cloud-14/declaration/start;/suppliers/frameworks/g-cloud-14/declaration/start;;localhost:7100;504;0 Assertion failed;60;723;DMP-1.5-Dryrun;DMP 1.5 Supplier Registration - Working on AWS NFT#1647 - Actions#1;
1706279220661;GET https://www.nft.marketplace.team/suppliers/frameworks/g-cloud-14/declaration/edit/grounds-for-mandatory-exclusion-taxes;/suppliers/frameworks/g-cloud-14/declaration/edit/grounds-for-mandatory-exclusion;/suppliers/frameworks/g-cloud-14/declaration/edit/grounds-for-mandatory-exclusion;localhost:7100;504;0 Assertion failed;60;761;DMP-1.5-Dryrun;DMP 1.5 Supplier Registration - Working on AWS NFT#1350 - Actions#1;
1706279220922;GET https://www.nft.marketplace.team/suppliers/frameworks/g-cloud-14/declaration/start;/suppliers/frameworks/g-cloud-14/declaration/start;;localhost:7100;504;0 Assertion failed;60;723;DMP-1.5-Dryrun;DMP 1.5 Supplier Registration - Working on AWS NFT#1673 - Actions#1;
1706279221259;GET https://www.nft.marketplace.team/suppliers/frameworks/g-cloud-14/submissions/cloud-hosting;/suppliers/frameworks/g-cloud-14/submissions/service-type;/suppliers/frameworks/g-cloud-14/submissions/service-type;localhost:7100;504;0 Assertion failed;60;723;DMP-1.5-Dryrun;DMP 1.5 Supplier Registration - Working on AWS NFT#688 - Actions#1;
1706279221306;GET https://www.nft.marketplace.team/suppliers/details;/suppliers/details;;localhost:7100;504;0 Assertion failed;60;723;DMP-1.5-Dryrun;DMP 1.5 Supplier Registration - Working on AWS NFT#1749 - Actions#1;
1706279221422;GET https://www.nft.marketplace.team/suppliers/frameworks/g-cloud-14/declaration/reuse;/suppliers/frameworks/g-cloud-14/declaration/reuse;;localhost:7100;504;0 Assertion failed;60;723;DMP-1.5-Dryrun;DMP 1.5 Supplier Registration - Working on AWS NFT#1569 - Actions#1;
1706279221771;POST https://www.nft.marketplace.team/suppliers/frameworks/g-cloud-14/declaration/edit/working-with-government;/suppliers/frameworks/g-cloud-14/declaration/edit/working-with-government;;localhost:7100;504;0 Assertion failed;60;723;DMP-1.5-Dryrun;DMP 1.5 Supplier Registration - Working on AWS NFT#1032 - Actions#1;
1706279222055;GET https://www.nft.marketplace.team/suppliers/frameworks/g-cloud-14/submissions/cloud-hosting/281299/edit/user-support/support-levels;/suppliers/frameworks/g-cloud-14/submissions/cloud-hosting/281140/edit/user-support/onsite-supp;/suppliers/frameworks/g-cloud-14/submissions/cloud-hosting/${pServiceId}/edit/user-support/onsite-support;localhost:7100;504;0 Assertion failed;60;723;DMP-1.5-Dryrun;DMP 1.5 Supplier Registration - Working on AWS NFT#0 - Actions#2;
1706279222140;GET https://www.nft.marketplace.team/suppliers/details;/suppliers/details;;localhost:7100;504;0 Assertion failed;60;723;DMP-1.5-Dryrun;DMP 1.5 Supplier Registration - Working on AWS NFT#1732 - Actions#1;
1706279222378;GET https://www.nft.marketplace.team/suppliers/frameworks/g-cloud-14/declaration/edit/group-or-consortium;/suppliers/frameworks/g-cloud-14/declaration/edit/ultimate-parent-company;/suppliers/frameworks/g-cloud-14/declaration/edit/ultimate-parent-company;localhost:7100;504;0 Assertion failed;60;723;DMP-1.5-Dryrun;DMP 1.5 Supplier Registration - Working on AWS NFT#1388 - Actions#1;
1706279222450;GET https://www.nft.marketplace.team/suppliers/frameworks/g-cloud-14/declaration/edit/value-added-tax;/suppliers/frameworks/g-cloud-14/declaration/edit/working-with-government;/suppliers/frameworks/g-cloud-14/declaration/edit/working-with-government;localhost:7100;504;0 Assertion failed;60;761;DMP-1.5-Dryrun;DMP 1.5 Supplier Registration - Working on AWS NFT#1055 - Actions#1;
1706279223381;GET https://www.nft.marketplace.team/suppliers/frameworks/g-cloud-14/declaration/start;/suppliers/frameworks/g-cloud-14/declaration/start;;localhost:7100;504;0 Assertion failed;60;723;DMP-1.5-Dryrun;DMP 1.5 Supplier Registration - Working on AWS NFT#1583 - Actions#1;
1706279223634;GET https://www.nft.marketplace.team/suppliers/details;/suppliers/details;;localhost:7100;504;0 Assertion failed;60;723;DMP-1.5-Dryrun;DMP 1.5 Supplier Registration - Working on AWS NFT#1744 - Actions#1;
1706279224432;POST https://www.nft.marketplace.team/suppliers/frameworks/g-cloud-14/declaration/edit/immediate-parent-company;/suppliers/frameworks/g-cloud-14/declaration/edit/immediate-parent-company;;localhost:7100;504;0 Assertion failed;60;723;DMP-1.5-Dryrun;DMP 1.5 Supplier Registration - Working on AWS NFT#1450 - Actions#1;
1706279224676;GET https://www.nft.marketplace.team/suppliers/frameworks/g-cloud-14/declaration/start;/suppliers/frameworks/g-cloud-14/declaration/start;;localhost:7100;504;0 Assertion failed;60;723;DMP-1.5-Dryrun;DMP 1.5 Supplier Registration - Working on AWS NFT#1600 - Actions#1;
1706279224905;GET https://www.nft.marketplace.team/suppliers/frameworks/g-cloud-14/declaration/edit/authorisation-or-organisation-legal-requirement;/suppliers/frameworks/g-cloud-14/declaration/edit/what-it-means-to-be-on-g-cloud-14;/suppliers/frameworks/g-cloud-14/declaration/edit/what-it-means-to-be-on-g-cloud-14;localhost:7100;504;0 Assertion failed;60;723;DMP-1.5-Dryrun;DMP 1.5 Supplier Registration - Working on AWS NFT#1500 - Actions#1;
1706279224947;GET https://www.nft.marketplace.team/suppliers/frameworks/g-cloud-14/declaration/start;/suppliers/frameworks/g-cloud-14/declaration/start;;localhost:7100;504;0 Assertion failed;60;723;DMP-1.5-Dryrun;DMP 1.5 Supplier Registration - Working on AWS NFT#1562 - Actions#1;
1706279227998;POST https://www.nft.marketplace.team/suppliers/details;/suppliers/details;/suppliers/details;localhost:7100;504;0 Assertion failed;60;723;DMP-1.5-Dryrun;DMP 1.5 Supplier Registration - Working on AWS NFT#1751 - Actions#1;
1706279228253;GET https://www.nft.marketplace.team/suppliers/frameworks/g-cloud-14/submissions/cloud-hosting/281318;/suppliers/frameworks/g-cloud-14/submissions/cloud-hosting/281140/edit/about-your-service/servi;/suppliers/frameworks/g-cloud-14/submissions/cloud-hosting/${pServiceId}/edit/about-your-service/service-categories;localhost:7100;504;0 Assertion failed;60;723;DMP-1.5-Dryrun;DMP 1.5 Supplier Registration - Working on AWS NFT#687 - Actions#1;
1706279228870;GET https://www.nft.marketplace.team/suppliers/frameworks/g-cloud-14/declaration/edit/value-added-tax;/suppliers/frameworks/g-cloud-14/declaration/edit/working-with-government;/suppliers/frameworks/g-cloud-14/declaration/edit/working-with-government;localhost:7100;504;0 Assertion failed;60;723;DMP-1.5-Dryrun;DMP 1.5 Supplier Registration - Working on AWS NFT#1185 - Actions#1;
1706279229072;GET https://www.nft.marketplace.team/suppliers/frameworks/g-cloud-14/declaration/edit/insurance-requirements;/suppliers/frameworks/g-cloud-14/declaration/edit/value-added-tax;/suppliers/frameworks/g-cloud-14/declaration/edit/value-added-tax;localhost:7100;504;0 Assertion failed;60;723;DMP-1.5-Dryrun;DMP 1.5 Supplier Registration - Working on AWS NFT#1050 - Actions#1;
1706279229518;POST https://www.nft.marketplace.team/suppliers/frameworks/g-cloud-14/declaration/edit/value-added-tax;/suppliers/frameworks/g-cloud-14/declaration/edit/value-added-tax;;localhost:7100;504;0 Assertion failed;60;723;DMP-1.5-Dryrun;DMP 1.5 Supplier Registration - Working on AWS NFT#1191 - Actions#1;
1706279229520;GET https://www.nft.marketplace.team/suppliers/frameworks/g-cloud-14/declaration/start;/suppliers/frameworks/g-cloud-14/declaration/start;;localhost:7100;504;0 Assertion failed;60;723;DMP-1.5-Dryrun;DMP 1.5 Supplier Registration - Working on AWS NFT#1580 - Actions#1;
1706279229700;POST https://www.nft.marketplace.team/suppliers/frameworks/g-cloud-14/submissions/service-type;/suppliers/frameworks/g-cloud-14/submissions/service-type;;localhost:7100;504;0 Assertion failed;60;723;DMP-1.5-Dryrun;DMP 1.5 Supplier Registration - Working on AWS NFT#782 - Actions#1;
1706279231013;GET https://www.nft.marketplace.team/suppliers/frameworks/g-cloud-14/declaration/start;/suppliers/frameworks/g-cloud-14/declaration/start;;localhost:7100;504;0 Assertion failed;60;723;DMP-1.5-Dryrun;DMP 1.5 Supplier Registration - Working on AWS NFT#1671 - Actions#1;
1706279231407;GET https://www.nft.marketplace.team/suppliers/frameworks/g-cloud-14/declaration/edit/grounds-for-mandatory-exclusion-taxes;/suppliers/frameworks/g-cloud-14/declaration/edit/grounds-for-mandatory-exclusion;/suppliers/frameworks/g-cloud-14/declaration/edit/grounds-for-mandatory-exclusion;localhost:7100;504;0 Assertion failed;60;723;DMP-1.5-Dryrun;DMP 1.5 Supplier Registration - Working on AWS NFT#1220 - Actions#1;
1706279233096;POST https://www.nft.marketplace.team/suppliers/frameworks/g-cloud-14/declaration/edit/persons-with-significant-control;/suppliers/frameworks/g-cloud-14/declaration/edit/persons-with-significant-control;;localhost:7100;504;0 Assertion failed;60;723;DMP-1.5-Dryrun;DMP 1.5 Supplier Registration - Working on AWS NFT#1447 - Actions#1;
1706279234146;POST https://www.nft.marketplace.team/suppliers/frameworks/g-cloud-14/declaration/edit/key-subcontractors;/suppliers/frameworks/g-cloud-14/declaration/edit/key-subcontractors;;localhost:7100;504;0 Assertion failed;60;761;DMP-1.5-Dryrun;DMP 1.5 Supplier Registration - Working on AWS NFT#1307 - Actions#1;
1706279234840;POST https://www.nft.marketplace.team/suppliers/frameworks/g-cloud-14/declaration/edit/persons-with-significant-control;/suppliers/frameworks/g-cloud-14/declaration/edit/persons-with-significant-control;;localhost:7100;504;0 Assertion failed;60;723;DMP-1.5-Dryrun;DMP 1.5 Supplier Registration - Working on AWS NFT#1507 - Actions#1;
1706279235181;POST https://www.nft.marketplace.team/suppliers/frameworks/g-cloud-14/declaration/edit/health-and-safety;/suppliers/frameworks/g-cloud-14/declaration/edit/health-and-safety;;localhost:7100;504;0 Assertion failed;60;761;DMP-1.5-Dryrun;DMP 1.5 Supplier Registration - Working on AWS NFT#974 - Actions#1;
1706279235800;POST https://www.nft.marketplace.team/suppliers/frameworks/g-cloud-14/declaration/edit/ultimate-parent-company;/suppliers/frameworks/g-cloud-14/declaration/edit/ultimate-parent-company;;localhost:7100;504;0 Assertion failed;60;723;DMP-1.5-Dryrun;DMP 1.5 Supplier Registration - Working on AWS NFT#1416 - Actions#1;
1706279235865;GET https://www.nft.marketplace.team/suppliers/frameworks/g-cloud-14/submissions/cloud-hosting;/suppliers/frameworks/g-cloud-14/submissions/service-type;/suppliers/frameworks/g-cloud-14/submissions/service-type;localhost:7100;504;0 Assertion failed;60;723;DMP-1.5-Dryrun;DMP 1.5 Supplier Registration - Working on AWS NFT#918 - Actions#1;
1706279236030;GET https://www.nft.marketplace.team/suppliers/frameworks/g-cloud-14/declaration/edit/framework-award-form-details;/suppliers/frameworks/g-cloud-14/declaration/edit/contracts-finder;/suppliers/frameworks/g-cloud-14/declaration/edit/contracts-finder;localhost:7100;504;0 Assertion failed;60;723;DMP-1.5-Dryrun;DMP 1.5 Supplier Registration - Working on AWS NFT#960 - Actions#1;
1706279236094;GET https://www.nft.marketplace.team/suppliers/frameworks/g-cloud-14/declaration/edit/persons-with-significant-control;/suppliers/frameworks/g-cloud-14/declaration/edit/authorisation-or-organisation-legal-requireme;/suppliers/frameworks/g-cloud-14/declaration/edit/authorisation-or-organisation-legal-requirement;localhost:7100;504;0 Assertion failed;60;723;DMP-1.5-Dryrun;DMP 1.5 Supplier Registration - Working on AWS NFT#1435 - Actions#1;
1706279236834;POST https://www.nft.marketplace.team/suppliers/frameworks/g-cloud-14/declaration/edit/economic-and-financial-standing;/suppliers/frameworks/g-cloud-14/declaration/edit/economic-and-financial-standing;;localhost:7100;504;0 Assertion failed;60;723;DMP-1.5-Dryrun;DMP 1.5 Supplier Registration - Working on AWS NFT#1088 - Actions#1;
1706279236846;GET https://www.nft.marketplace.team/suppliers/frameworks/g-cloud-14/submissions/cloud-hosting/281332;/suppliers/frameworks/g-cloud-14/submissions/cloud-hosting/create;/suppliers/frameworks/g-cloud-14/submissions/cloud-hosting/create;localhost:7100;504;0 Assertion failed;60;723;DMP-1.5-Dryrun;DMP 1.5 Supplier Registration - Working on AWS NFT#794 - Actions#1;
1706279236905;POST https://www.nft.marketplace.team/suppliers/frameworks/g-cloud-14/declaration/edit/providing-suitable-services;/suppliers/frameworks/g-cloud-14/declaration/edit/providing-suitable-services;;localhost:7100;504;0 Assertion failed;60;723;DMP-1.5-Dryrun;DMP 1.5 Supplier Registration - Working on AWS NFT#1560 - Actions#1;
1706279237583;GET https://www.nft.marketplace.team/suppliers/frameworks/g-cloud-14/declaration/edit/persons-with-significant-control;/suppliers/frameworks/g-cloud-14/declaration/edit/authorisation-or-organisation-legal-requireme;/suppliers/frameworks/g-cloud-14/declaration/edit/authorisation-or-organisation-legal-requirement;localhost:7100;504;0 Assertion failed;60;723;DMP-1.5-Dryrun;DMP 1.5 Supplier Registration - Working on AWS NFT#1372 - Actions#1;
1706279238143;POST https://www.nft.marketplace.team/suppliers/frameworks/g-cloud-14/declaration/edit/what-it-means-to-be-on-g-cloud-14;/suppliers/frameworks/g-cloud-14/declaration/edit/what-it-means-to-be-on-g-cloud-14;;localhost:7100;504;0 Assertion failed;60;723;DMP-1.5-Dryrun;DMP 1.5 Supplier Registration - Working on AWS NFT#1454 - Actions#1;
1706279238370;GET https://www.nft.marketplace.team/suppliers/frameworks/g-cloud-14/declaration/edit/economic-and-financial-standing;/suppliers/frameworks/g-cloud-14/declaration/edit/modern-slavery;/suppliers/frameworks/g-cloud-14/declaration/edit/modern-slavery;localhost:7100;504;0 Assertion failed;60;723;DMP-1.5-Dryrun;DMP 1.5 Supplier Registration - Working on AWS NFT#1157 - Actions#1;
1706279238408;GET https://www.nft.marketplace.team/suppliers/frameworks/g-cloud-14/declaration/edit/grounds-for-discretionary-exclusion;/suppliers/frameworks/g-cloud-14/declaration/edit/grounds-for-mandatory-exclusion-taxes;/suppliers/frameworks/g-cloud-14/declaration/edit/grounds-for-mandatory-exclusion-taxes;localhost:7100;504;0 Assertion failed;60;761;DMP-1.5-Dryrun;DMP 1.5 Supplier Registration - Working on AWS NFT#1257 - Actions#1;
1706279238615;POST https://www.nft.marketplace.team/suppliers/frameworks/g-cloud-14;/suppliers/frameworks/g-cloud-14;;localhost:7100;504;0 Assertion failed;60;723;DMP-1.5-Dryrun;DMP 1.5 Supplier Registration - Working on AWS NFT#219 - Actions#2;
1706279239145;GET https://www.nft.marketplace.team/suppliers/frameworks/g-cloud-14/declaration/edit/grounds-for-mandatory-exclusion-taxes;/suppliers/frameworks/g-cloud-14/declaration/edit/grounds-for-mandatory-exclusion;/suppliers/frameworks/g-cloud-14/declaration/edit/grounds-for-mandatory-exclusion;localhost:7100;504;0 Assertion failed;60;723;DMP-1.5-Dryrun;DMP 1.5 Supplier Registration - Working on AWS NFT#1239 - Actions#1;
1706279239469;POST https://www.nft.marketplace.team/suppliers/frameworks/g-cloud-14/declaration/edit/economic-and-financial-standing;/suppliers/frameworks/g-cloud-14/declaration/edit/economic-and-financial-standing;;localhost:7100;504;0 Assertion failed;60;723;DMP-1.5-Dryrun;DMP 1.5 Supplier Registration - Working on AWS NFT#1216 - Actions#1;
1706279239590;GET https://www.nft.marketplace.team/suppliers/frameworks/g-cloud-14/declaration/start;/suppliers/frameworks/g-cloud-14/declaration/start;;localhost:7100;504;0 Assertion failed;60;723;DMP-1.5-Dryrun;DMP 1.5 Supplier Registration - Working on AWS NFT#1618 - Actions#1;
1706279239598;POST https://www.nft.marketplace.team/suppliers/frameworks/g-cloud-14/declaration/edit/persons-with-significant-control;/suppliers/frameworks/g-cloud-14/declaration/edit/persons-with-significant-control;;localhost:7100;504;0 Assertion failed;60;723;DMP-1.5-Dryrun;DMP 1.5 Supplier Registration - Working on AWS NFT#1421 - Actions#1;
1706279239718;GET https://www.nft.marketplace.team/suppliers/frameworks/g-cloud-14/declaration/reuse;/suppliers/frameworks/g-cloud-14/declaration/reuse;;localhost:7100;504;0 Assertion failed;60;723;DMP-1.5-Dryrun;DMP 1.5 Supplier Registration - Working on AWS NFT#1588 - Actions#1;
1706279239719;GET https://www.nft.marketplace.team/suppliers/frameworks/g-cloud-14/declaration/reuse;/suppliers/frameworks/g-cloud-14/declaration/reuse;;localhost:7100;504;0 Assertion failed;60;761;DMP-1.5-Dryrun;DMP 1.5 Supplier Registration - Working on AWS NFT#1591 - Actions#1;
1706279240135;POST https://www.nft.marketplace.team/suppliers/details;/suppliers/details;/suppliers/details;localhost:7100;504;0 Assertion failed;60;761;DMP-1.5-Dryrun;DMP 1.5 Supplier Registration - Working on AWS NFT#1736 - Actions#1;
1706279240199;GET https://www.nft.marketplace.team/suppliers/frameworks/g-cloud-14/declaration/start;/suppliers/frameworks/g-cloud-14/declaration/start;;localhost:7100;504;0 Assertion failed;60;761;DMP-1.5-Dryrun;DMP 1.5 Supplier Registration - Working on AWS NFT#1572 - Actions#1;
1706279240266;POST https://www.nft.marketplace.team/suppliers/frameworks/g-cloud-14/declaration/edit/grounds-for-mandatory-exclusion-taxes;/suppliers/frameworks/g-cloud-14/declaration/edit/grounds-for-mandatory-exclusion-taxes;;localhost:7100;504;0 Assertion failed;60;723;DMP-1.5-Dryrun;DMP 1.5 Supplier Registration - Working on AWS NFT#1291 - Actions#1;
1706279240515;GET https://www.nft.marketplace.team/suppliers/frameworks/g-cloud-14/declaration/reuse;/suppliers/frameworks/g-cloud-14/declaration/reuse;;localhost:7100;504;0 Assertion failed;60;723;DMP-1.5-Dryrun;DMP 1.5 Supplier Registration - Working on AWS NFT#1603 - Actions#1;
1706279240857;POST https://www.nft.marketplace.team/suppliers/frameworks/g-cloud-14/declaration/edit/working-with-government;/suppliers/frameworks/g-cloud-14/declaration/edit/working-with-government;;localhost:7100;504;0 Assertion failed;60;723;DMP-1.5-Dryrun;DMP 1.5 Supplier Registration - Working on AWS NFT#1042 - Actions#1;
1706279241392;GET https://www.nft.marketplace.team/suppliers/frameworks/g-cloud-14/submissions/cloud-hosting/281330/edit/about-your-service/service-description;/suppliers/frameworks/g-cloud-14/submissions/cloud-hosting/281140/edit/about-your-service/servi;;localhost:7100;504;0 Assertion failed;60;723;DMP-1.5-Dryrun;DMP 1.5 Supplier Registration - Working on AWS NFT#689 - Actions#1;
1706279241402;GET https://www.nft.marketplace.team/suppliers/frameworks/g-cloud-14/declaration/reuse;/suppliers/frameworks/g-cloud-14/declaration/reuse;;localhost:7100;504;0 Assertion failed;60;723;DMP-1.5-Dryrun;DMP 1.5 Supplier Registration - Working on AWS NFT#1585 - Actions#1;
1706279241875;POST https://www.nft.marketplace.team/suppliers/frameworks/g-cloud-14/declaration/edit/persons-with-significant-control;/suppliers/frameworks/g-cloud-14/declaration/edit/persons-with-significant-control;;localhost:7100;504;0 Assertion failed;60;723;DMP-1.5-Dryrun;DMP 1.5 Supplier Registration - Working on AWS NFT#1455 - Actions#1;
1706279242127;POST https://www.nft.marketplace.team/suppliers/details;/suppliers/details;/suppliers/details;localhost:7100;504;0 Assertion failed;60;723;DMP-1.5-Dryrun;DMP 1.5 Supplier Registration - Working on AWS NFT#1730 - Actions#1;
1706279242459;GET https://www.nft.marketplace.team/suppliers/frameworks/g-cloud-14/declaration/edit/key-subcontractors;/suppliers/frameworks/g-cloud-14/declaration/edit/group-or-consortium;/suppliers/frameworks/g-cloud-14/declaration/edit/group-or-consortium;localhost:7100;504;0 Assertion failed;60;761;DMP-1.5-Dryrun;DMP 1.5 Supplier Registration - Working on AWS NFT#1336 - Actions#1;
1706279242617;GET https://www.nft.marketplace.team/suppliers/frameworks/g-cloud-14/submissions/cloud-hosting/281329/edit/about-your-service/service-categories;/suppliers/frameworks/g-cloud-14/submissions/cloud-hosting/281140/edit/about-your-service/servi;/suppliers/frameworks/g-cloud-14/submissions/cloud-hosting/${pServiceId}/edit/about-your-service/service-description;localhost:7100;504;0 Assertion failed;60;723;DMP-1.5-Dryrun;DMP 1.5 Supplier Registration - Working on AWS NFT#650 - Actions#1;
1706279242621;POST https://www.nft.marketplace.team/suppliers/frameworks/g-cloud-14/declaration/edit/economic-and-financial-standing;/suppliers/frameworks/g-cloud-14/declaration/edit/economic-and-financial-standing;;localhost:7100;504;0 Assertion failed;60;723;DMP-1.5-Dryrun;DMP 1.5 Supplier Registration - Working on AWS NFT#1123 - Actions#1;
1706279243004;GET https://www.nft.marketplace.team/suppliers/frameworks/g-cloud-14/declaration/edit/grounds-for-discretionary-exclusion;/suppliers/frameworks/g-cloud-14/declaration/edit/grounds-for-mandatory-exclusion-taxes;/suppliers/frameworks/g-cloud-14/declaration/edit/grounds-for-mandatory-exclusion-taxes;localhost:7100;504;0 Assertion failed;60;761;DMP-1.5-Dryrun;DMP 1.5 Supplier Registration - Working on AWS NFT#1304 - Actions#1;
1706279243099;GET https://www.nft.marketplace.team/suppliers/frameworks/g-cloud-14/declaration/start;/suppliers/frameworks/g-cloud-14/declaration/start;;localhost:7100;504;0 Assertion failed;60;761;DMP-1.5-Dryrun;DMP 1.5 Supplier Registration - Working on AWS NFT#1642 - Actions#1;
1706279243238;GET https://www.nft.marketplace.team/suppliers/frameworks/g-cloud-14/declaration/reuse;/suppliers/frameworks/g-cloud-14/declaration/reuse;;localhost:7100;504;0 Assertion failed;60;761;DMP-1.5-Dryrun;DMP 1.5 Supplier Registration - Working on AWS NFT#1700 - Actions#1;
1706279243804;GET https://www.nft.marketplace.team/suppliers/frameworks/g-cloud-14/declaration/reuse;/suppliers/frameworks/g-cloud-14/declaration/reuse;;localhost:7100;504;0 Assertion failed;60;723;DMP-1.5-Dryrun;DMP 1.5 Supplier Registration - Working on AWS NFT#1587 - Actions#1;
1706279244035;GET https://www.nft.marketplace.team/suppliers/frameworks/g-cloud-14/declaration/reuse;/suppliers/frameworks/g-cloud-14/declaration/reuse;;localhost:7100;504;0 Assertion failed;60.1;723;DMP-1.5-Dryrun;DMP 1.5 Supplier Registration - Working on AWS NFT#1556 - Actions#1;
1706279244035;GET https://www.nft.marketplace.team/suppliers/frameworks/g-cloud-14/declaration/edit/working-with-government;/suppliers/frameworks/g-cloud-14/declaration/edit/economic-and-financial-standing;/suppliers/frameworks/g-cloud-14/declaration/edit/economic-and-financial-standing;localhost:7100;504;0 Assertion failed;60.1;761;DMP-1.5-Dryrun;DMP 1.5 Supplier Registration - Working on AWS NFT#1074 - Actions#1;
1706279244215;GET https://www.nft.marketplace.team/suppliers/frameworks/g-cloud-14;/suppliers/details;/suppliers/details;localhost:7100;504;0 Assertion failed;60;761;DMP-1.5-Dryrun;DMP 1.5 Supplier Registration - Working on AWS NFT#1677 - Actions#1;
1706279244540;POST https://www.nft.marketplace.team/suppliers/frameworks/g-cloud-14/declaration/edit/persons-with-significant-control;/suppliers/frameworks/g-cloud-14/declaration/edit/persons-with-significant-control;;localhost:7100;504;0 Assertion failed;60;723;DMP-1.5-Dryrun;DMP 1.5 Supplier Registration - Working on AWS NFT#1479 - Actions#1;
1706279244571;POST https://www.nft.marketplace.team/suppliers/frameworks/g-cloud-14/declaration/edit/authorisation-or-organisation-legal-requirement;/suppliers/frameworks/g-cloud-14/declaration/edit/authorisation-or-organisation-legal-requireme;;localhost:7100;504;0 Assertion failed;60;723;DMP-1.5-Dryrun;DMP 1.5 Supplier Registration - Working on AWS NFT#1541 - Actions#1;
1706279244663;GET https://www.nft.marketplace.team/suppliers/frameworks/g-cloud-14/declaration/edit/ultimate-parent-company;/suppliers/frameworks/g-cloud-14/declaration/edit/immediate-parent-company;/suppliers/frameworks/g-cloud-14/declaration/edit/immediate-parent-company;localhost:7100;504;0 Assertion failed;60;723;DMP-1.5-Dryrun;DMP 1.5 Supplier Registration - Working on AWS NFT#1362 - Actions#1;
1706279244694;GET https://www.nft.marketplace.team/suppliers/frameworks/g-cloud-14;/suppliers/details;/suppliers/details;localhost:7100;504;0 Assertion failed;60;723;DMP-1.5-Dryrun;DMP 1.5 Supplier Registration - Working on AWS NFT#1682 - Actions#1;
1706279245154;GET https://www.nft.marketplace.team/suppliers/frameworks/g-cloud-14/declaration/edit/providing-suitable-services;/suppliers/frameworks/g-cloud-14/declaration/edit/providing-suitable-services;;localhost:7100;504;0 Assertion failed;60;723;DMP-1.5-Dryrun;DMP 1.5 Supplier Registration - Working on AWS NFT#1637 - Actions#1;
1706279245768;GET https://www.nft.marketplace.team/suppliers/frameworks/g-cloud-14/declaration/edit/immediate-parent-company;/suppliers/frameworks/g-cloud-14/declaration/edit/persons-with-significant-control;/suppliers/frameworks/g-cloud-14/declaration/edit/persons-with-significant-control;localhost:7100;504;0 Assertion failed;60;723;DMP-1.5-Dryrun;DMP 1.5 Supplier Registration - Working on AWS NFT#1440 - Actions#1;
1706279245961;GET https://www.nft.marketplace.team/suppliers/frameworks/g-cloud-14/declaration/edit/key-subcontractors;/suppliers/frameworks/g-cloud-14/declaration/edit/group-or-consortium;/suppliers/frameworks/g-cloud-14/declaration/edit/group-or-consortium;localhost:7100;504;0 Assertion failed;60;723;DMP-1.5-Dryrun;DMP 1.5 Supplier Registration - Working on AWS NFT#1299 - Actions#1;
1706279246874;GET https://www.nft.marketplace.team/suppliers/frameworks/g-cloud-14/submissions/cloud-hosting/281265;/suppliers/frameworks/g-cloud-14/submissions/cloud-hosting/281140/edit/scaling/usage-notificati;/suppliers/frameworks/g-cloud-14/submissions/cloud-hosting/${pServiceId}/edit/scaling/usage-notifications;localhost:7100;504;0 Assertion failed;60;723;DMP-1.5-Dryrun;DMP 1.5 Supplier Registration - Working on AWS NFT#469 - Actions#1;
1706279246875;GET https://www.nft.marketplace.team/suppliers/frameworks/g-cloud-14/declaration/edit/providing-suitable-services;/suppliers/frameworks/g-cloud-14/declaration/edit/providing-suitable-services;;localhost:7100;504;0 Assertion failed;60;723;DMP-1.5-Dryrun;DMP 1.5 Supplier Registration - Working on AWS NFT#1593 - Actions#1;
1706279247042;POST https://www.nft.marketplace.team/suppliers/frameworks/g-cloud-14/declaration/edit/group-or-consortium;/suppliers/frameworks/g-cloud-14/declaration/edit/group-or-consortium;;localhost:7100;504;0 Assertion failed;60;723;DMP-1.5-Dryrun;DMP 1.5 Supplier Registration - Working on AWS NFT#1442 - Actions#1;
1706279247576;GET https://www.nft.marketplace.team/suppliers/frameworks/g-cloud-14/declaration/reuse;/suppliers/frameworks/g-cloud-14/declaration/reuse;;localhost:7100;504;0 Assertion failed;60;761;DMP-1.5-Dryrun;DMP 1.5 Supplier Registration - Working on AWS NFT#1571 - Actions#1;
1706279247908;GET https://www.nft.marketplace.team/suppliers/frameworks/g-cloud-14/submissions/cloud-hosting/281280;/suppliers/frameworks/g-cloud-14/submissions/cloud-hosting/281140/edit/onboarding-and-offboardi;/suppliers/frameworks/g-cloud-14/submissions/cloud-hosting/${pServiceId}/edit/onboarding-and-offboarding/end-of-contract-process;localhost:7100;504;0 Assertion failed;60;723;DMP-1.5-Dryrun;DMP 1.5 Supplier Registration - Working on AWS NFT#512 - Actions#1;
1706279248128;GET https://www.nft.marketplace.team/suppliers/frameworks/g-cloud-14/submissions/cloud-hosting/281281/edit/analytics/metrics;/suppliers/frameworks/g-cloud-14/submissions/cloud-hosting/281140/edit/analytics/metrics;;localhost:7100;504;0 Assertion failed;60;761;DMP-1.5-Dryrun;DMP 1.5 Supplier Registration - Working on AWS NFT#545 - Actions#1;
1706279248151;GET https://www.nft.marketplace.team/suppliers/frameworks/g-cloud-14/declaration/start;/suppliers/frameworks/g-cloud-14/declaration/start;;localhost:7100;504;0 Assertion failed;60;761;DMP-1.5-Dryrun;DMP 1.5 Supplier Registration - Working on AWS NFT#1595 - Actions#1;
1706279248505;GET https://www.nft.marketplace.team/suppliers/frameworks/g-cloud-14/declaration/edit/insurance-requirements;/suppliers/frameworks/g-cloud-14/declaration/edit/value-added-tax;/suppliers/frameworks/g-cloud-14/declaration/edit/value-added-tax;localhost:7100;504;0 Assertion failed;60;723;DMP-1.5-Dryrun;DMP 1.5 Supplier Registration - Working on AWS NFT#1192 - Actions#1;
1706279249157;GET https://www.nft.marketplace.team/suppliers/details;/suppliers/details;;localhost:7100;504;0 Assertion failed;60;723;DMP-1.5-Dryrun;DMP 1.5 Supplier Registration - Working on AWS NFT#1741 - Actions#1;
1706279249282;GET https://www.nft.marketplace.team/suppliers/frameworks/g-cloud-14/declaration/edit/immediate-parent-company;/suppliers/frameworks/g-cloud-14/declaration/edit/persons-with-significant-control;/suppliers/frameworks/g-cloud-14/declaration/edit/persons-with-significant-control;localhost:7100;504;0 Assertion failed;60;723;DMP-1.5-Dryrun;DMP 1.5 Supplier Registration - Working on AWS NFT#1449 - Actions#1;
1706279249660;POST https://www.nft.marketplace.team/suppliers/details;/suppliers/details;/suppliers/details;localhost:7100;504;0 Assertion failed;60;761;DMP-1.5-Dryrun;DMP 1.5 Supplier Registration - Working on AWS NFT#1753 - Actions#1;
1706279249724;GET https://www.nft.marketplace.team/suppliers/frameworks/g-cloud-14/declaration/reuse;/suppliers/frameworks/g-cloud-14/declaration/reuse;;localhost:7100;504;0 Assertion failed;60;761;DMP-1.5-Dryrun;DMP 1.5 Supplier Registration - Working on AWS NFT#1606 - Actions#1;
1706279249948;GET https://www.nft.marketplace.team/suppliers/frameworks/g-cloud-14/declaration/edit/immediate-parent-company;/suppliers/frameworks/g-cloud-14/declaration/edit/persons-with-significant-control;/suppliers/frameworks/g-cloud-14/declaration/edit/persons-with-significant-control;localhost:7100;504;0 Assertion failed;60;723;DMP-1.5-Dryrun;DMP 1.5 Supplier Registration - Working on AWS NFT#1432 - Actions#1;
1706279250806;POST https://www.nft.marketplace.team/suppliers/frameworks/g-cloud-14/declaration/edit/insurance-requirements;/suppliers/frameworks/g-cloud-14/declaration/edit/insurance-requirements;;localhost:7100;504;0 Assertion failed;60;723;DMP-1.5-Dryrun;DMP 1.5 Supplier Registration - Working on AWS NFT#1082 - Actions#1;
1706279251564;GET https://www.nft.marketplace.team/suppliers/details;/suppliers/details;;localhost:7100;200;1 Assertion failed;3.95;32290;DMP-1.5-Dryrun;DMP 1.5 Supplier Registration - Working on AWS NFT#1810 - Actions#1;
1706279251646;GET https://www.nft.marketplace.team/suppliers/frameworks/g-cloud-14/declaration/start;/suppliers/frameworks/g-cloud-14/declaration/start;;localhost:7100;504;0 Assertion failed;60;723;DMP-1.5-Dryrun;DMP 1.5 Supplier Registration - Working on AWS NFT#1759 - Actions#1;
1706279251988;GET https://www.nft.marketplace.team/suppliers/frameworks/g-cloud-14/declaration/edit/contact-details;/suppliers/frameworks/g-cloud-14/declaration/edit/declaration-of-accuracy-and-understanding;/suppliers/frameworks/g-cloud-14/declaration/edit/declaration-of-accuracy-and-understanding;localhost:7100;504;0 Assertion failed;60;723;DMP-1.5-Dryrun;DMP 1.5 Supplier Registration - Working on AWS NFT#828 - Actions#1;
1706279251996;POST https://www.nft.marketplace.team/suppliers/frameworks/g-cloud-14/declaration/edit/persons-with-significant-control;/suppliers/frameworks/g-cloud-14/declaration/edit/persons-with-significant-control;;localhost:7100;504;0 Assertion failed;60;723;DMP-1.5-Dryrun;DMP 1.5 Supplier Registration - Working on AWS NFT#1443 - Actions#1;
1706279252037;GET https://www.nft.marketplace.team/suppliers/frameworks/g-cloud-14;/suppliers/details;/suppliers/details;localhost:7100;504;0 Assertion failed;60;723;DMP-1.5-Dryrun;DMP 1.5 Supplier Registration - Working on AWS NFT#1649 - Actions#1;
1706279252688;GET https://www.nft.marketplace.team/suppliers/frameworks/g-cloud-14;/suppliers/details;/suppliers/details;localhost:7100;504;0 Assertion failed;60;723;DMP-1.5-Dryrun;DMP 1.5 Supplier Registration - Working on AWS NFT#1728 - Actions#1;
1706279252857;POST https://www.nft.marketplace.team/suppliers/frameworks/g-cloud-14/declaration/edit/grounds-for-mandatory-exclusion;/suppliers/frameworks/g-cloud-14/declaration/edit/grounds-for-mandatory-exclusion;;localhost:7100;504;0 Assertion failed;60;723;DMP-1.5-Dryrun;DMP 1.5 Supplier Registration - Working on AWS NFT#1232 - Actions#1;
1706279253553;GET https://www.nft.marketplace.team/suppliers/frameworks/g-cloud-14;/suppliers/details;/suppliers/details;localhost:7100;504;0 Assertion failed;60;723;DMP-1.5-Dryrun;DMP 1.5 Supplier Registration - Working on AWS NFT#1695 - Actions#1;
1706279253982;GET https://www.nft.marketplace.team/suppliers/frameworks/g-cloud-14/declaration/edit/modern-slavery;/suppliers/frameworks/g-cloud-14/declaration/edit/grounds-for-discretionary-exclusion;/suppliers/frameworks/g-cloud-14/declaration/edit/grounds-for-discretionary-exclusion;localhost:7100;504;0 Assertion failed;60;761;DMP-1.5-Dryrun;DMP 1.5 Supplier Registration - Working on AWS NFT#165 - Actions#2;
1706279254373;POST https://www.nft.marketplace.team/suppliers/frameworks/g-cloud-14/declaration/edit/immediate-parent-company;/suppliers/frameworks/g-cloud-14/declaration/edit/immediate-parent-company;;localhost:7100;504;0 Assertion failed;60;723;DMP-1.5-Dryrun;DMP 1.5 Supplier Registration - Working on AWS NFT#1389 - Actions#1;
1706279254615;POST https://www.nft.marketplace.team/suppliers/frameworks/g-cloud-14/submissions/cloud-hosting/281309/edit/user-support/email-or-ticketing-support;/suppliers/frameworks/g-cloud-14/submissions/cloud-hosting/281140/edit/user-support/email-or-ti;;localhost:7100;504;0 Assertion failed;60;723;DMP-1.5-Dryrun;DMP 1.5 Supplier Registration - Working on AWS NFT#586 - Actions#1;
1706279255099;GET https://www.nft.marketplace.team/suppliers/frameworks/g-cloud-14/declaration/edit/providing-suitable-services;/suppliers/frameworks/g-cloud-14/declaration/edit/providing-suitable-services;;localhost:7100;504;0 Assertion failed;60;723;DMP-1.5-Dryrun;DMP 1.5 Supplier Registration - Working on AWS NFT#1659 - Actions#1;
1706279255177;POST https://www.nft.marketplace.team/suppliers/frameworks/g-cloud-14/declaration/edit/grounds-for-mandatory-exclusion;/suppliers/frameworks/g-cloud-14/declaration/edit/grounds-for-mandatory-exclusion;;localhost:7100;504;0 Assertion failed;60;723;DMP-1.5-Dryrun;DMP 1.5 Supplier Registration - Working on AWS NFT#1359 - Actions#1;
1706279255426;GET https://www.nft.marketplace.team/suppliers/frameworks/g-cloud-14/declaration/edit/immediate-parent-company;/suppliers/frameworks/g-cloud-14/declaration/edit/persons-with-significant-control;/suppliers/frameworks/g-cloud-14/declaration/edit/persons-with-significant-control;localhost:7100;504;0 Assertion failed;60;761;DMP-1.5-Dryrun;DMP 1.5 Supplier Registration - Working on AWS NFT#1467 - Actions#1;
1706279255719;GET https://www.nft.marketplace.team/suppliers/frameworks/g-cloud-14/declaration/edit/economic-and-financial-standing;/suppliers/frameworks/g-cloud-14/declaration/edit/modern-slavery;/suppliers/frameworks/g-cloud-14/declaration/edit/modern-slavery;localhost:7100;504;0 Assertion failed;60;761;DMP-1.5-Dryrun;DMP 1.5 Supplier Registration - Working on AWS NFT#1155 - Actions#1;
1706279256452;GET https://www.nft.marketplace.team/suppliers/frameworks/g-cloud-14/declaration/start;/suppliers/frameworks/g-cloud-14/declaration/start;;localhost:7100;504;0 Assertion failed;60;723;DMP-1.5-Dryrun;DMP 1.5 Supplier Registration - Working on AWS NFT#1635 - Actions#1;
1706279256660;GET https://www.nft.marketplace.team/suppliers/frameworks/g-cloud-14/declaration/edit/providing-suitable-services;/suppliers/frameworks/g-cloud-14/declaration/edit/providing-suitable-services;;localhost:7100;504;0 Assertion failed;60;723;DMP-1.5-Dryrun;DMP 1.5 Supplier Registration - Working on AWS NFT#1565 - Actions#1;
1706279257162;GET https://www.nft.marketplace.team/suppliers/frameworks/g-cloud-14/declaration/edit/providing-suitable-services;/suppliers/frameworks/g-cloud-14/declaration/edit/providing-suitable-services;;localhost:7100;504;0 Assertion failed;60;723;DMP-1.5-Dryrun;DMP 1.5 Supplier Registration - Working on AWS NFT#1601 - Actions#1;
1706279257870;GET https://www.nft.marketplace.team/suppliers/frameworks/g-cloud-14/declaration/edit/providing-suitable-services;/suppliers/frameworks/g-cloud-14/declaration/edit/providing-suitable-services;;localhost:7100;504;0 Assertion failed;60;723;DMP-1.5-Dryrun;DMP 1.5 Supplier Registration - Working on AWS NFT#1545 - Actions#1;
1706279258215;GET https://www.nft.marketplace.team/suppliers/frameworks/g-cloud-14/declaration/edit/authorisation-or-organisation-legal-requirement;/suppliers/frameworks/g-cloud-14/declaration/edit/what-it-means-to-be-on-g-cloud-14;/suppliers/frameworks/g-cloud-14/declaration/edit/what-it-means-to-be-on-g-cloud-14;localhost:7100;504;0 Assertion failed;60;723;DMP-1.5-Dryrun;DMP 1.5 Supplier Registration - Working on AWS NFT#1531 - Actions#1;
1706279258220;POST https://www.nft.marketplace.team/suppliers/frameworks/g-cloud-14/declaration/edit/working-with-government;/suppliers/frameworks/g-cloud-14/declaration/edit/working-with-government;;localhost:7100;504;0 Assertion failed;60;723;DMP-1.5-Dryrun;DMP 1.5 Supplier Registration - Working on AWS NFT#1086 - Actions#1;
1706279258281;GET https://www.nft.marketplace.team/suppliers/frameworks/g-cloud-14/declaration/edit/providing-suitable-services;/suppliers/frameworks/g-cloud-14/declaration/edit/providing-suitable-services;;localhost:7100;504;0 Assertion failed;60;761;DMP-1.5-Dryrun;DMP 1.5 Supplier Registration - Working on AWS NFT#1648 - Actions#1;
1706279258534;POST https://www.nft.marketplace.team/suppliers/frameworks/g-cloud-14/declaration/edit/providing-suitable-services;/suppliers/frameworks/g-cloud-14/declaration/edit/providing-suitable-services;;localhost:7100;504;0 Assertion failed;60;723;DMP-1.5-Dryrun;DMP 1.5 Supplier Registration - Working on AWS NFT#1538 - Actions#1;
1706279259021;GET https://www.nft.marketplace.team/suppliers/frameworks/g-cloud-14/declaration/start;/suppliers/frameworks/g-cloud-14/declaration/start;;localhost:7100;504;0 Assertion failed;60;723;DMP-1.5-Dryrun;DMP 1.5 Supplier Registration - Working on AWS NFT#1715 - Actions#1;
1706279259206;POST https://www.nft.marketplace.team/suppliers/frameworks/g-cloud-14/submissions/cloud-hosting/281002/edit/documents/pricing-document-url;/suppliers/frameworks/g-cloud-14/submissions/cloud-hosting/281142/edit/documents/pricing-docume;;localhost:7100;504;0 Assertion failed;60;723;DMP-1.5-Dryrun;DMP 1.5 Supplier Registration - Working on AWS NFT#323 - Actions#1;
1706279259406;POST https://www.nft.marketplace.team/suppliers/frameworks/g-cloud-14/declaration/edit/declaration-of-accuracy-and-understanding;/suppliers/frameworks/g-cloud-14/declaration/edit/declaration-of-accuracy-and-understanding;;localhost:7100;504;0 Assertion failed;60;723;DMP-1.5-Dryrun;DMP 1.5 Supplier Registration - Working on AWS NFT#848 - Actions#1;
1706279260358;GET https://www.nft.marketplace.team/suppliers/frameworks/g-cloud-14/declaration/edit/persons-with-significant-control;/suppliers/frameworks/g-cloud-14/declaration/edit/authorisation-or-organisation-legal-requireme;/suppliers/frameworks/g-cloud-14/declaration/edit/authorisation-or-organisation-legal-requirement;localhost:7100;504;0 Assertion failed;60;723;DMP-1.5-Dryrun;DMP 1.5 Supplier Registration - Working on AWS NFT#1466 - Actions#1;
1706279260436;GET https://www.nft.marketplace.team/suppliers/frameworks/g-cloud-14/declaration/reuse;/suppliers/frameworks/g-cloud-14/declaration/reuse;;localhost:7100;504;0 Assertion failed;60;723;DMP-1.5-Dryrun;DMP 1.5 Supplier Registration - Working on AWS NFT#1756 - Actions#1;
1706279261028;GET https://www.nft.marketplace.team/suppliers/frameworks/g-cloud-14/declaration/edit/providing-suitable-services;/suppliers/frameworks/g-cloud-14/declaration/edit/providing-suitable-services;;localhost:7100;504;0 Assertion failed;60;723;DMP-1.5-Dryrun;DMP 1.5 Supplier Registration - Working on AWS NFT#1521 - Actions#1;
1706279261073;GET https://www.nft.marketplace.team/suppliers/frameworks/g-cloud-14/declaration/edit/providing-suitable-services;/suppliers/frameworks/g-cloud-14/declaration/edit/providing-suitable-services;;localhost:7100;504;0 Assertion failed;60;723;DMP-1.5-Dryrun;DMP 1.5 Supplier Registration - Working on AWS NFT#1528 - Actions#1;
1706279261688;GET https://www.nft.marketplace.team/suppliers/frameworks/g-cloud-14/declaration/reuse;/suppliers/frameworks/g-cloud-14/declaration/reuse;;localhost:7100;504;0 Assertion failed;60;723;DMP-1.5-Dryrun;DMP 1.5 Supplier Registration - Working on AWS NFT#1579 - Actions#1;
1706279262118;POST https://www.nft.marketplace.team/suppliers/frameworks/g-cloud-14/declaration/edit/health-and-safety;/suppliers/frameworks/g-cloud-14/declaration/edit/health-and-safety;;localhost:7100;504;0 Assertion failed;60;723;DMP-1.5-Dryrun;DMP 1.5 Supplier Registration - Working on AWS NFT#1044 - Actions#1;
1706279262441;GET https://www.nft.marketplace.team/suppliers/frameworks/g-cloud-14/declaration/start;/suppliers/frameworks/g-cloud-14/declaration/start;;localhost:7100;504;0 Assertion failed;60;761;DMP-1.5-Dryrun;DMP 1.5 Supplier Registration - Working on AWS NFT#1694 - Actions#1;
1706279262494;GET https://www.nft.marketplace.team/suppliers/frameworks/g-cloud-14/declaration/start;/suppliers/frameworks/g-cloud-14/declaration/start;;localhost:7100;504;0 Assertion failed;60;761;DMP-1.5-Dryrun;DMP 1.5 Supplier Registration - Working on AWS NFT#1714 - Actions#1;
1706279263069;GET https://www.nft.marketplace.team/suppliers/frameworks/g-cloud-14/declaration/reuse;/suppliers/frameworks/g-cloud-14/declaration/reuse;;localhost:7100;504;0 Assertion failed;60;723;DMP-1.5-Dryrun;DMP 1.5 Supplier Registration - Working on AWS NFT#1631 - Actions#1;
1706279263392;GET https://www.nft.marketplace.team/suppliers/frameworks/g-cloud-14/declaration/edit/ultimate-parent-company;/suppliers/frameworks/g-cloud-14/declaration/edit/immediate-parent-company;/suppliers/frameworks/g-cloud-14/declaration/edit/immediate-parent-company;localhost:7100;504;0 Assertion failed;60;723;DMP-1.5-Dryrun;DMP 1.5 Supplier Registration - Working on AWS NFT#1492 - Actions#1;
1706279264273;POST https://www.nft.marketplace.team/suppliers/frameworks/g-cloud-14/declaration/edit/framework-award-form-details;/suppliers/frameworks/g-cloud-14/declaration/edit/framework-award-form-details;;localhost:7100;504;0 Assertion failed;60;723;DMP-1.5-Dryrun;DMP 1.5 Supplier Registration - Working on AWS NFT#957 - Actions#1;
1706279264312;POST https://www.nft.marketplace.team/suppliers/frameworks/g-cloud-14/declaration/edit/persons-with-significant-control;/suppliers/frameworks/g-cloud-14/declaration/edit/persons-with-significant-control;;localhost:7100;504;0 Assertion failed;60;723;DMP-1.5-Dryrun;DMP 1.5 Supplier Registration - Working on AWS NFT#1490 - Actions#1;
1706279264673;GET https://www.nft.marketplace.team/suppliers/frameworks/g-cloud-14/declaration/edit/grounds-for-mandatory-exclusion-taxes;/suppliers/frameworks/g-cloud-14/declaration/edit/grounds-for-mandatory-exclusion;/suppliers/frameworks/g-cloud-14/declaration/edit/grounds-for-mandatory-exclusion;localhost:7100;504;0 Assertion failed;60;723;DMP-1.5-Dryrun;DMP 1.5 Supplier Registration - Working on AWS NFT#1330 - Actions#1;
1706279266047;GET https://www.nft.marketplace.team/suppliers/frameworks/g-cloud-14/declaration/edit/key-subcontractors;/suppliers/frameworks/g-cloud-14/declaration/edit/group-or-consortium;/suppliers/frameworks/g-cloud-14/declaration/edit/group-or-consortium;localhost:7100;504;0 Assertion failed;60;723;DMP-1.5-Dryrun;DMP 1.5 Supplier Registration - Working on AWS NFT#1498 - Actions#1;
1706279266212;POST https://www.nft.marketplace.team/suppliers/frameworks/g-cloud-14/declaration/edit/persons-with-significant-control;/suppliers/frameworks/g-cloud-14/declaration/edit/persons-with-significant-control;;localhost:7100;504;0 Assertion failed;60;723;DMP-1.5-Dryrun;DMP 1.5 Supplier Registration - Working on AWS NFT#1515 - Actions#1;
1706279266623;GET https://www.nft.marketplace.team/suppliers/frameworks/g-cloud-14/declaration/start;/suppliers/frameworks/g-cloud-14/declaration/start;;localhost:7100;504;0 Assertion failed;60;723;DMP-1.5-Dryrun;DMP 1.5 Supplier Registration - Working on AWS NFT#1692 - Actions#1;
1706279268632;GET https://www.nft.marketplace.team/suppliers/frameworks/g-cloud-14/submissions/cloud-hosting/create;/suppliers/frameworks/g-cloud-14/submissions/cloud-hosting/create;;localhost:7100;504;0 Assertion failed;60;723;DMP-1.5-Dryrun;DMP 1.5 Supplier Registration - Working on AWS NFT#740 - Actions#1;
1706279268744;POST https://www.nft.marketplace.team/suppliers/frameworks/g-cloud-14/declaration/edit/immediate-parent-company;/suppliers/frameworks/g-cloud-14/declaration/edit/immediate-parent-company;;localhost:7100;504;0 Assertion failed;60;723;DMP-1.5-Dryrun;DMP 1.5 Supplier Registration - Working on AWS NFT#1369 - Actions#1;
1706279269791;POST https://www.nft.marketplace.team/suppliers/frameworks/g-cloud-14/declaration/edit/grounds-for-mandatory-exclusion-taxes;/suppliers/frameworks/g-cloud-14/declaration/edit/grounds-for-mandatory-exclusion-taxes;;localhost:7100;504;0 Assertion failed;60;761;DMP-1.5-Dryrun;DMP 1.5 Supplier Registration - Working on AWS NFT#1344 - Actions#1;
1706279271787;POST https://www.nft.marketplace.team/suppliers/frameworks/g-cloud-14/declaration/edit/insurance-requirements;/suppliers/frameworks/g-cloud-14/declaration/edit/insurance-requirements;;localhost:7100;504;0 Assertion failed;60;723;DMP-1.5-Dryrun;DMP 1.5 Supplier Registration - Working on AWS NFT#1052 - Actions#1;
1706279271949;GET https://www.nft.marketplace.team/suppliers/frameworks/g-cloud-14/declaration/start;/suppliers/frameworks/g-cloud-14/declaration/start;;localhost:7100;504;0 Assertion failed;60;723;DMP-1.5-Dryrun;DMP 1.5 Supplier Registration - Working on AWS NFT#1681 - Actions#1;
1706279272868;POST https://www.nft.marketplace.team/suppliers/frameworks/g-cloud-14/declaration/edit/value-added-tax;/suppliers/frameworks/g-cloud-14/declaration/edit/value-added-tax;;localhost:7100;504;0 Assertion failed;60;723;DMP-1.5-Dryrun;DMP 1.5 Supplier Registration - Working on AWS NFT#1099 - Actions#1;
1706279272893;GET https://www.nft.marketplace.team/suppliers/frameworks/g-cloud-14/submissions/cloud-hosting/281322;/suppliers/frameworks/g-cloud-14/submissions/cloud-hosting/281140/edit/about-your-service/servi;/suppliers/frameworks/g-cloud-14/submissions/cloud-hosting/${pServiceId}/edit/about-your-service/service-categories;localhost:7100;504;0 Assertion failed;60;723;DMP-1.5-Dryrun;DMP 1.5 Supplier Registration - Working on AWS NFT#744 - Actions#1;
1706279272917;GET https://www.nft.marketplace.team/suppliers/frameworks/g-cloud-14/declaration/reuse;/suppliers/frameworks/g-cloud-14/declaration/reuse;;localhost:7100;504;0 Assertion failed;60;761;DMP-1.5-Dryrun;DMP 1.5 Supplier Registration - Working on AWS NFT#1666 - Actions#1;
1706279273082;GET https://www.nft.marketplace.team/suppliers/frameworks/g-cloud-14/declaration/edit/working-with-government;/suppliers/frameworks/g-cloud-14/declaration/edit/economic-and-financial-standing;/suppliers/frameworks/g-cloud-14/declaration/edit/economic-and-financial-standing;localhost:7100;504;0 Assertion failed;60;723;DMP-1.5-Dryrun;DMP 1.5 Supplier Registration - Working on AWS NFT#1075 - Actions#1;
1706279273604;POST https://www.nft.marketplace.team/suppliers/frameworks/g-cloud-14/declaration/edit/value-added-tax;/suppliers/frameworks/g-cloud-14/declaration/edit/value-added-tax;;localhost:7100;504;0 Assertion failed;60;723;DMP-1.5-Dryrun;DMP 1.5 Supplier Registration - Working on AWS NFT#1037 - Actions#1;
1706279274004;GET https://www.nft.marketplace.team/suppliers/frameworks/g-cloud-14/submissions/cloud-hosting/281333;/suppliers/frameworks/g-cloud-14/submissions/cloud-hosting/create;/suppliers/frameworks/g-cloud-14/submissions/cloud-hosting/create;localhost:7100;504;0 Assertion failed;60;723;DMP-1.5-Dryrun;DMP 1.5 Supplier Registration - Working on AWS NFT#117 - Actions#2;
1706279278985;POST https://www.nft.marketplace.team/suppliers/frameworks/g-cloud-14/declaration/edit/ultimate-parent-company;/suppliers/frameworks/g-cloud-14/declaration/edit/ultimate-parent-company;;localhost:7100;504;0 Assertion failed;60;761;DMP-1.5-Dryrun;DMP 1.5 Supplier Registration - Working on AWS NFT#1446 - Actions#1;
1706279279109;GET https://www.nft.marketplace.team/suppliers/frameworks/g-cloud-14/submissions/cloud-hosting/281110/edit/operational-security/protective-monitoring-approach;/suppliers/frameworks/g-cloud-14/submissions/cloud-hosting/281140/edit/operational-security/pro;/suppliers/frameworks/g-cloud-14/submissions/cloud-hosting/${pServiceId}/edit/operational-security/protective-monitoring-type;localhost:7100;504;0 Assertion failed;60;723;DMP-1.5-Dryrun;DMP 1.5 Supplier Registration - Working on AWS NFT#465 - Actions#1;
1706279288442;GET https://www.nft.marketplace.team/suppliers/frameworks/g-cloud-14/declaration/edit/what-it-means-to-be-on-g-cloud-14;/suppliers/frameworks/g-cloud-14/declaration/edit/providing-suitable-services;/suppliers/frameworks/g-cloud-14/declaration/edit/providing-suitable-services;localhost:7100;504;0 Assertion failed;60;723;DMP-1.5-Dryrun;DMP 1.5 Supplier Registration - Working on AWS NFT#1548 - Actions#1;
1706279289933;GET https://www.nft.marketplace.team/suppliers/frameworks/g-cloud-14/declaration/reuse;/suppliers/frameworks/g-cloud-14/declaration/reuse;;localhost:7100;504;0 Assertion failed;60;723;DMP-1.5-Dryrun;DMP 1.5 Supplier Registration - Working on AWS NFT#1662 - Actions#1;
1706279290207;GET https://www.nft.marketplace.team/suppliers/details;/suppliers/details;;localhost:7100;200;1 Assertion failed;15.3;32271;DMP-1.5-Dryrun;DMP 1.5 Supplier Registration - Working on AWS NFT#1804 - Actions#1;
1706279297973;GET https://www.nft.marketplace.team/suppliers/details;/suppliers/details;;localhost:7100;200;1 Assertion failed;19.2;32280;DMP-1.5-Dryrun;DMP 1.5 Supplier Registration - Working on AWS NFT#1845 - Actions#1;
1706279348604;GET https://www.nft.marketplace.team/suppliers/details;/suppliers/details;;localhost:7100;200;1 Assertion failed;19.7;31981;DMP-1.5-Dryrun;DMP 1.5 Supplier Registration - Working on AWS NFT#1947 - Actions#1;
1706279400426;POST https://www.nft.marketplace.team/suppliers/frameworks/g-cloud-14/declaration/edit/authorisation-or-organisation-legal-requirement;/suppliers/frameworks/g-cloud-14/declaration/edit/authorisation-or-organisation-legal-requireme;;localhost:7100;504;0 Assertion failed;60;761;DMP-1.5-Dryrun;DMP 1.5 Supplier Registration - Working on AWS NFT#1745 - Actions#1;
1706279400442;POST https://www.nft.marketplace.team/suppliers/frameworks/g-cloud-14/declaration/edit/authorisation-or-organisation-legal-requirement;/suppliers/frameworks/g-cloud-14/declaration/edit/authorisation-or-organisation-legal-requireme;;localhost:7100;504;0 Assertion failed;60;761;DMP-1.5-Dryrun;DMP 1.5 Supplier Registration - Working on AWS NFT#1678 - Actions#1;
1706279400622;GET https://www.nft.marketplace.team/suppliers/frameworks/g-cloud-14/declaration/reuse;/suppliers/frameworks/g-cloud-14/declaration/reuse;;localhost:7100;504;0 Assertion failed;60;723;DMP-1.5-Dryrun;DMP 1.5 Supplier Registration - Working on AWS NFT#1813 - Actions#1;
1706279401369;GET https://www.nft.marketplace.team/suppliers/frameworks/g-cloud-14/declaration/edit/providing-suitable-services;/suppliers/frameworks/g-cloud-14/declaration/edit/providing-suitable-services;;localhost:7100;504;0 Assertion failed;60;723;DMP-1.5-Dryrun;DMP 1.5 Supplier Registration - Working on AWS NFT#1815 - Actions#1;
1706279402449;POST https://www.nft.marketplace.team/suppliers/details;/suppliers/details;/suppliers/details;localhost:7100;504;0 Assertion failed;60;723;DMP-1.5-Dryrun;DMP 1.5 Supplier Registration - Working on AWS NFT#1878 - Actions#1;
1706279402756;GET https://www.nft.marketplace.team/suppliers/frameworks/g-cloud-14/declaration/edit/persons-with-significant-control;/suppliers/frameworks/g-cloud-14/declaration/edit/authorisation-or-organisation-legal-requireme;/suppliers/frameworks/g-cloud-14/declaration/edit/authorisation-or-organisation-legal-requirement;localhost:7100;504;0 Assertion failed;60;761;DMP-1.5-Dryrun;DMP 1.5 Supplier Registration - Working on AWS NFT#1598 - Actions#1;
1706279402850;POST https://www.nft.marketplace.team/suppliers/frameworks/g-cloud-14/declaration/edit/key-subcontractors;/suppliers/frameworks/g-cloud-14/declaration/edit/key-subcontractors;;localhost:7100;504;0 Assertion failed;60;761;DMP-1.5-Dryrun;DMP 1.5 Supplier Registration - Working on AWS NFT#1461 - Actions#1;
1706279404452;POST https://www.nft.marketplace.team/suppliers/frameworks/g-cloud-14/declaration/edit/persons-with-significant-control;/suppliers/frameworks/g-cloud-14/declaration/edit/persons-with-significant-control;;localhost:7100;504;0 Assertion failed;60;723;DMP-1.5-Dryrun;DMP 1.5 Supplier Registration - Working on AWS NFT#1590 - Actions#1;
1706279404492;GET https://www.nft.marketplace.team/suppliers/frameworks/g-cloud-14/submissions;/suppliers/frameworks/g-cloud-14/submissions;;localhost:7100;504;0 Assertion failed;60;723;DMP-1.5-Dryrun;DMP 1.5 Supplier Registration - Working on AWS NFT#900 - Actions#1;
1706279404841;GET https://www.nft.marketplace.team/suppliers/frameworks/g-cloud-14/declaration/edit/application-accuracy;/suppliers/frameworks/g-cloud-14/declaration/edit/framework-award-form-details;/suppliers/frameworks/g-cloud-14/declaration/edit/framework-award-form-details;localhost:7100;504;0 Assertion failed;60;761;DMP-1.5-Dryrun;DMP 1.5 Supplier Registration - Working on AWS NFT#1091 - Actions#1;
1706279405946;GET https://www.nft.marketplace.team/suppliers/frameworks/g-cloud-14;/suppliers/details;/suppliers/details;localhost:7100;504;0 Assertion failed;60;723;DMP-1.5-Dryrun;DMP 1.5 Supplier Registration - Working on AWS NFT#1851 - Actions#1;
1706279406780;POST https://www.nft.marketplace.team/suppliers/frameworks/g-cloud-14/declaration/edit/persons-with-significant-control;/suppliers/frameworks/g-cloud-14/declaration/edit/persons-with-significant-control;;localhost:7100;504;0 Assertion failed;60;723;DMP-1.5-Dryrun;DMP 1.5 Supplier Registration - Working on AWS NFT#1609 - Actions#1;
1706279407190;GET https://www.nft.marketplace.team/suppliers/frameworks/g-cloud-14/declaration/edit/what-it-means-to-be-on-g-cloud-14;/suppliers/frameworks/g-cloud-14/declaration/edit/providing-suitable-services;/suppliers/frameworks/g-cloud-14/declaration/edit/providing-suitable-services;localhost:7100;504;0 Assertion failed;60;761;DMP-1.5-Dryrun;DMP 1.5 Supplier Registration - Working on AWS NFT#1808 - Actions#1;
1706279407706;GET https://www.nft.marketplace.team/suppliers/frameworks/g-cloud-14/declaration/start;/suppliers/frameworks/g-cloud-14/declaration/start;;localhost:7100;504;0 Assertion failed;60;723;DMP-1.5-Dryrun;DMP 1.5 Supplier Registration - Working on AWS NFT#1824 - Actions#1;
1706279407787;GET https://www.nft.marketplace.team/suppliers/frameworks/g-cloud-14/declaration/reuse;/suppliers/frameworks/g-cloud-14/declaration/reuse;;localhost:7100;504;0 Assertion failed;60;723;DMP-1.5-Dryrun;DMP 1.5 Supplier Registration - Working on AWS NFT#1794 - Actions#1;
1706279408072;POST https://www.nft.marketplace.team/suppliers/details;/suppliers/details;/suppliers/details;localhost:7100;504;0 Assertion failed;60;761;DMP-1.5-Dryrun;DMP 1.5 Supplier Registration - Working on AWS NFT#1929 - Actions#1;
1706279408093;POST https://www.nft.marketplace.team/suppliers/frameworks/g-cloud-14/declaration/edit/authorisation-or-organisation-legal-requirement;/suppliers/frameworks/g-cloud-14/declaration/edit/authorisation-or-organisation-legal-requireme;;localhost:7100;504;0 Assertion failed;60;761;DMP-1.5-Dryrun;DMP 1.5 Supplier Registration - Working on AWS NFT#1624 - Actions#1;
1706279408973;GET https://www.nft.marketplace.team/suppliers/frameworks/g-cloud-14/declaration/start;/suppliers/frameworks/g-cloud-14/declaration/start;;localhost:7100;504;0 Assertion failed;60;723;DMP-1.5-Dryrun;DMP 1.5 Supplier Registration - Working on AWS NFT#1788 - Actions#1;
1706279409797;GET https://www.nft.marketplace.team/suppliers/frameworks/g-cloud-14/declaration/edit/persons-with-significant-control;/suppliers/frameworks/g-cloud-14/declaration/edit/authorisation-or-organisation-legal-requireme;/suppliers/frameworks/g-cloud-14/declaration/edit/authorisation-or-organisation-legal-requirement;localhost:7100;504;0 Assertion failed;60;723;DMP-1.5-Dryrun;DMP 1.5 Supplier Registration - Working on AWS NFT#1672 - Actions#1;
1706279409867;GET https://www.nft.marketplace.team/suppliers/frameworks/g-cloud-14/declaration/edit/contracts-finder;/suppliers/frameworks/g-cloud-14/declaration/edit/health-and-safety;/suppliers/frameworks/g-cloud-14/declaration/edit/health-and-safety;localhost:7100;504;0 Assertion failed;60;723;DMP-1.5-Dryrun;DMP 1.5 Supplier Registration - Working on AWS NFT#1186 - Actions#1;
1706279410133;GET https://www.nft.marketplace.team/suppliers/frameworks/g-cloud-14/declaration/edit/what-it-means-to-be-on-g-cloud-14;/suppliers/frameworks/g-cloud-14/declaration/edit/providing-suitable-services;/suppliers/frameworks/g-cloud-14/declaration/edit/providing-suitable-services;localhost:7100;504;0 Assertion failed;60;723;DMP-1.5-Dryrun;DMP 1.5 Supplier Registration - Working on AWS NFT#1757 - Actions#1;
1706279410301;GET https://www.nft.marketplace.team/suppliers/frameworks/g-cloud-14/declaration/edit/key-subcontractors;/suppliers/frameworks/g-cloud-14/declaration/edit/group-or-consortium;/suppliers/frameworks/g-cloud-14/declaration/edit/group-or-consortium;localhost:7100;504;0 Assertion failed;60;723;DMP-1.5-Dryrun;DMP 1.5 Supplier Registration - Working on AWS NFT#1422 - Actions#1;
1706279411081;GET https://www.nft.marketplace.team/suppliers/frameworks/g-cloud-14/declaration/edit/persons-with-significant-control;/suppliers/frameworks/g-cloud-14/declaration/edit/authorisation-or-organisation-legal-requireme;/suppliers/frameworks/g-cloud-14/declaration/edit/authorisation-or-organisation-legal-requirement;localhost:7100;504;0 Assertion failed;60;723;DMP-1.5-Dryrun;DMP 1.5 Supplier Registration - Working on AWS NFT#1667 - Actions#1;
1706279411104;GET https://www.nft.marketplace.team/suppliers/frameworks/g-cloud-14/declaration/edit/key-subcontractors;/suppliers/frameworks/g-cloud-14/declaration/edit/group-or-consortium;/suppliers/frameworks/g-cloud-14/declaration/edit/group-or-consortium;localhost:7100;504;0 Assertion failed;60;723;DMP-1.5-Dryrun;DMP 1.5 Supplier Registration - Working on AWS NFT#1495 - Actions#1;
1706279411547;GET https://www.nft.marketplace.team/suppliers/frameworks/g-cloud-14/declaration/start;/suppliers/frameworks/g-cloud-14/declaration/start;;localhost:7100;504;0 Assertion failed;60;723;DMP-1.5-Dryrun;DMP 1.5 Supplier Registration - Working on AWS NFT#1886 - Actions#1;
1706279412675;GET https://www.nft.marketplace.team/suppliers/frameworks/g-cloud-14/declaration/start;/suppliers/frameworks/g-cloud-14/declaration/start;;localhost:7100;504;0 Assertion failed;60;761;DMP-1.5-Dryrun;DMP 1.5 Supplier Registration - Working on AWS NFT#1944 - Actions#1;
1706279412945;POST https://www.nft.marketplace.team/suppliers/details;/suppliers/details;/suppliers/details;localhost:7100;504;0 Assertion failed;60;723;DMP-1.5-Dryrun;DMP 1.5 Supplier Registration - Working on AWS NFT#1871 - Actions#1;
1706279413145;GET https://www.nft.marketplace.team/suppliers/frameworks/g-cloud-14/declaration/start;/suppliers/frameworks/g-cloud-14/declaration/start;;localhost:7100;504;0 Assertion failed;60;761;DMP-1.5-Dryrun;DMP 1.5 Supplier Registration - Working on AWS NFT#1774 - Actions#1;
1706279413162;GET https://www.nft.marketplace.team/suppliers/frameworks/g-cloud-14/declaration/edit/providing-suitable-services;/suppliers/frameworks/g-cloud-14/declaration/edit/providing-suitable-services;;localhost:7100;504;0 Assertion failed;60;761;DMP-1.5-Dryrun;DMP 1.5 Supplier Registration - Working on AWS NFT#1771 - Actions#1;
1706279413973;GET https://www.nft.marketplace.team/suppliers/frameworks/g-cloud-14/declaration/edit/authorisation-or-organisation-legal-requirement;/suppliers/frameworks/g-cloud-14/declaration/edit/what-it-means-to-be-on-g-cloud-14;/suppliers/frameworks/g-cloud-14/declaration/edit/what-it-means-to-be-on-g-cloud-14;localhost:7100;504;0 Assertion failed;60;723;DMP-1.5-Dryrun;DMP 1.5 Supplier Registration - Working on AWS NFT#1626 - Actions#1;
1706279414047;POST https://www.nft.marketplace.team/suppliers/frameworks/g-cloud-14/declaration/edit/immediate-parent-company;/suppliers/frameworks/g-cloud-14/declaration/edit/immediate-parent-company;;localhost:7100;504;0 Assertion failed;60;723;DMP-1.5-Dryrun;DMP 1.5 Supplier Registration - Working on AWS NFT#1679 - Actions#1;
1706279414366;POST https://www.nft.marketplace.team/suppliers/frameworks/g-cloud-14/declaration/edit/ultimate-parent-company;/suppliers/frameworks/g-cloud-14/declaration/edit/ultimate-parent-company;;localhost:7100;504;0 Assertion failed;60;723;DMP-1.5-Dryrun;DMP 1.5 Supplier Registration - Working on AWS NFT#1522 - Actions#1;
1706279416252;POST https://www.nft.marketplace.team/suppliers/frameworks/g-cloud-14/declaration/edit/health-and-safety;/suppliers/frameworks/g-cloud-14/declaration/edit/health-and-safety;;localhost:7100;504;0 Assertion failed;60;723;DMP-1.5-Dryrun;DMP 1.5 Supplier Registration - Working on AWS NFT#1046 - Actions#1;
1706279416268;GET https://www.nft.marketplace.team/suppliers/frameworks/g-cloud-14/declaration;;/suppliers/frameworks/g-cloud-14/declaration/reuse;localhost:7100;504;0 Assertion failed;60;723;DMP-1.5-Dryrun;DMP 1.5 Supplier Registration - Working on AWS NFT#1783 - Actions#1;
1706279416874;GET https://www.nft.marketplace.team/suppliers/frameworks/g-cloud-14/declaration/edit/key-subcontractors;/suppliers/frameworks/g-cloud-14/declaration/edit/group-or-consortium;/suppliers/frameworks/g-cloud-14/declaration/edit/group-or-consortium;localhost:7100;504;0 Assertion failed;60;723;DMP-1.5-Dryrun;DMP 1.5 Supplier Registration - Working on AWS NFT#1559 - Actions#1;
1706279417002;GET https://www.nft.marketplace.team/suppliers/frameworks/g-cloud-14/declaration/edit/providing-suitable-services;/suppliers/frameworks/g-cloud-14/declaration/edit/providing-suitable-services;;localhost:7100;504;0 Assertion failed;60;723;DMP-1.5-Dryrun;DMP 1.5 Supplier Registration - Working on AWS NFT#1840 - Actions#1;
1706279417329;GET https://www.nft.marketplace.team/suppliers/frameworks/g-cloud-14/declaration/start;/suppliers/frameworks/g-cloud-14/declaration/start;;localhost:7100;504;0 Assertion failed;60;761;DMP-1.5-Dryrun;DMP 1.5 Supplier Registration - Working on AWS NFT#1786 - Actions#1;
1706279418425;GET https://www.nft.marketplace.team/suppliers/frameworks/g-cloud-14/declaration/edit/modern-slavery;/suppliers/frameworks/g-cloud-14/declaration/edit/grounds-for-discretionary-exclusion;/suppliers/frameworks/g-cloud-14/declaration/edit/grounds-for-discretionary-exclusion;localhost:7100;504;0 Assertion failed;60;723;DMP-1.5-Dryrun;DMP 1.5 Supplier Registration - Working on AWS NFT#1387 - Actions#1;
1706279418470;GET https://www.nft.marketplace.team/suppliers/frameworks/g-cloud-14;/suppliers/details;/suppliers/details;localhost:7100;504;0 Assertion failed;60;723;DMP-1.5-Dryrun;DMP 1.5 Supplier Registration - Working on AWS NFT#1950 - Actions#1;
1706279419163;GET https://www.nft.marketplace.team/suppliers/frameworks/g-cloud-14/declaration/edit/key-subcontractors;/suppliers/frameworks/g-cloud-14/declaration/edit/group-or-consortium;/suppliers/frameworks/g-cloud-14/declaration/edit/group-or-consortium;localhost:7100;504;0 Assertion failed;60;761;DMP-1.5-Dryrun;DMP 1.5 Supplier Registration - Working on AWS NFT#1483 - Actions#1;
1706279420212;POST https://www.nft.marketplace.team/suppliers/frameworks/g-cloud-14/declaration/edit/persons-with-significant-control;/suppliers/frameworks/g-cloud-14/declaration/edit/persons-with-significant-control;;localhost:7100;504;0 Assertion failed;60;723;DMP-1.5-Dryrun;DMP 1.5 Supplier Registration - Working on AWS NFT#1554 - Actions#1;
1706279420278;GET https://www.nft.marketplace.team/suppliers/frameworks/g-cloud-14/declaration/edit/persons-with-significant-control;/suppliers/frameworks/g-cloud-14/declaration/edit/authorisation-or-organisation-legal-requireme;/suppliers/frameworks/g-cloud-14/declaration/edit/authorisation-or-organisation-legal-requirement;localhost:7100;504;0 Assertion failed;60;723;DMP-1.5-Dryrun;DMP 1.5 Supplier Registration - Working on AWS NFT#1636 - Actions#1;
1706279420934;GET https://www.nft.marketplace.team/suppliers/frameworks/g-cloud-14/declaration/reuse;/suppliers/frameworks/g-cloud-14/declaration/reuse;;localhost:7100;504;0 Assertion failed;60;723;DMP-1.5-Dryrun;DMP 1.5 Supplier Registration - Working on AWS NFT#1881 - Actions#1;
1706279421072;GET https://www.nft.marketplace.team/suppliers/frameworks/g-cloud-14/declaration/edit/grounds-for-mandatory-exclusion-taxes;/suppliers/frameworks/g-cloud-14/declaration/edit/grounds-for-mandatory-exclusion;/suppliers/frameworks/g-cloud-14/declaration/edit/grounds-for-mandatory-exclusion;localhost:7100;504;0 Assertion failed;60;761;DMP-1.5-Dryrun;DMP 1.5 Supplier Registration - Working on AWS NFT#1472 - Actions#1;
1706279421557;POST https://www.nft.marketplace.team/suppliers/frameworks/g-cloud-14/declaration/edit/authorisation-or-organisation-legal-requirement;/suppliers/frameworks/g-cloud-14/declaration/edit/authorisation-or-organisation-legal-requireme;;localhost:7100;504;0 Assertion failed;60;723;DMP-1.5-Dryrun;DMP 1.5 Supplier Registration - Working on AWS NFT#1689 - Actions#1;
1706279421608;GET https://www.nft.marketplace.team/suppliers/frameworks/g-cloud-14/declaration/start;/suppliers/frameworks/g-cloud-14/declaration/start;;localhost:7100;504;0 Assertion failed;60;761;DMP-1.5-Dryrun;DMP 1.5 Supplier Registration - Working on AWS NFT#1785 - Actions#1;
1706279421981;POST https://www.nft.marketplace.team/suppliers/frameworks/g-cloud-14/declaration/edit/immediate-parent-company;/suppliers/frameworks/g-cloud-14/declaration/edit/immediate-parent-company;;localhost:7100;504;0 Assertion failed;60;723;DMP-1.5-Dryrun;DMP 1.5 Supplier Registration - Working on AWS NFT#1596 - Actions#1;
1706279424537;GET https://www.nft.marketplace.team/suppliers/frameworks/g-cloud-14/declaration/reuse;/suppliers/frameworks/g-cloud-14/declaration/reuse;;localhost:7100;504;0 Assertion failed;60.1;723;DMP-1.5-Dryrun;DMP 1.5 Supplier Registration - Working on AWS NFT#1800 - Actions#1;
1706279424538;GET https://www.nft.marketplace.team/suppliers/frameworks/g-cloud-14/declaration/edit/grounds-for-mandatory-exclusion-taxes;/suppliers/frameworks/g-cloud-14/declaration/edit/grounds-for-mandatory-exclusion;/suppliers/frameworks/g-cloud-14/declaration/edit/grounds-for-mandatory-exclusion;localhost:7100;504;0 Assertion failed;60.1;723;DMP-1.5-Dryrun;DMP 1.5 Supplier Registration - Working on AWS NFT#1329 - Actions#1;
1706279425194;POST https://www.nft.marketplace.team/suppliers/frameworks/g-cloud-14/submissions/cloud-hosting/281251/edit/availability-and-resilience/guaranteed-availability;/suppliers/frameworks/g-cloud-14/submissions/cloud-hosting/281140/edit/availability-and-resilie;;localhost:7100;504;0 Assertion failed;60;723;DMP-1.5-Dryrun;DMP 1.5 Supplier Registration - Working on AWS NFT#481 - Actions#1;
1706279425354;POST https://www.nft.marketplace.team/suppliers/frameworks/g-cloud-14/declaration/edit/contracts-finder;/suppliers/frameworks/g-cloud-14/declaration/edit/contracts-finder;;localhost:7100;504;0 Assertion failed;60;723;DMP-1.5-Dryrun;DMP 1.5 Supplier Registration - Working on AWS NFT#1201 - Actions#1;
1706279426793;GET https://www.nft.marketplace.team/suppliers/frameworks/g-cloud-14;/suppliers/details;/suppliers/details;localhost:7100;504;0 Assertion failed;60;723;DMP-1.5-Dryrun;DMP 1.5 Supplier Registration - Working on AWS NFT#1952 - Actions#1;
1706279427428;GET https://www.nft.marketplace.team/suppliers/frameworks/g-cloud-14/declaration/reuse;/suppliers/frameworks/g-cloud-14/declaration/reuse;;localhost:7100;504;0 Assertion failed;60;723;DMP-1.5-Dryrun;DMP 1.5 Supplier Registration - Working on AWS NFT#1848 - Actions#1;
1706279427580;GET https://www.nft.marketplace.team/suppliers/frameworks/g-cloud-14/declaration/start;/suppliers/frameworks/g-cloud-14/declaration/start;;localhost:7100;504;0 Assertion failed;60;723;DMP-1.5-Dryrun;DMP 1.5 Supplier Registration - Working on AWS NFT#1869 - Actions#1;
1706279428477;GET https://www.nft.marketplace.team/suppliers/frameworks/g-cloud-14/declaration/start;/suppliers/frameworks/g-cloud-14/declaration/start;;localhost:7100;504;0 Assertion failed;60;723;DMP-1.5-Dryrun;DMP 1.5 Supplier Registration - Working on AWS NFT#1915 - Actions#1;
1706279428669;GET https://www.nft.marketplace.team/suppliers/frameworks/g-cloud-14;/suppliers/details;/suppliers/details;localhost:7100;504;0 Assertion failed;60;723;DMP-1.5-Dryrun;DMP 1.5 Supplier Registration - Working on AWS NFT#1935 - Actions#1;
1706279429646;POST https://www.nft.marketplace.team/suppliers/frameworks/g-cloud-14/declaration/edit/contracts-finder;/suppliers/frameworks/g-cloud-14/declaration/edit/contracts-finder;;localhost:7100;504;0 Assertion failed;60;723;DMP-1.5-Dryrun;DMP 1.5 Supplier Registration - Working on AWS NFT#1122 - Actions#1;
1706279429715;GET https://www.nft.marketplace.team/suppliers/frameworks/g-cloud-14/declaration/reuse;/suppliers/frameworks/g-cloud-14/declaration/reuse;;localhost:7100;504;0 Assertion failed;60;723;DMP-1.5-Dryrun;DMP 1.5 Supplier Registration - Working on AWS NFT#1891 - Actions#1;
1706279430129;GET https://www.nft.marketplace.team/suppliers/frameworks/g-cloud-14/declaration/edit/authorisation-or-organisation-legal-requirement;/suppliers/frameworks/g-cloud-14/declaration/edit/what-it-means-to-be-on-g-cloud-14;/suppliers/frameworks/g-cloud-14/declaration/edit/what-it-means-to-be-on-g-cloud-14;localhost:7100;504;0 Assertion failed;60;723;DMP-1.5-Dryrun;DMP 1.5 Supplier Registration - Working on AWS NFT#1706 - Actions#1;
1706279430210;GET https://www.nft.marketplace.team/suppliers/frameworks/g-cloud-14/declaration/start;/suppliers/frameworks/g-cloud-14/declaration/start;;localhost:7100;504;0 Assertion failed;60;723;DMP-1.5-Dryrun;DMP 1.5 Supplier Registration - Working on AWS NFT#1926 - Actions#1;
1706279430819;GET https://www.nft.marketplace.team/suppliers/frameworks/g-cloud-14/declaration/start;/suppliers/frameworks/g-cloud-14/declaration/start;;localhost:7100;504;0 Assertion failed;60;723;DMP-1.5-Dryrun;DMP 1.5 Supplier Registration - Working on AWS NFT#1896 - Actions#1;
1706279430970;GET https://www.nft.marketplace.team/suppliers/frameworks/g-cloud-14/declaration/edit/contracts-finder;/suppliers/frameworks/g-cloud-14/declaration/edit/health-and-safety;/suppliers/frameworks/g-cloud-14/declaration/edit/health-and-safety;localhost:7100;504;0 Assertion failed;60;723;DMP-1.5-Dryrun;DMP 1.5 Supplier Registration - Working on AWS NFT#1172 - Actions#1;
1706279431585;POST https://www.nft.marketplace.team/suppliers/frameworks/g-cloud-14/declaration/edit/working-with-government;/suppliers/frameworks/g-cloud-14/declaration/edit/working-with-government;;localhost:7100;504;0 Assertion failed;60;723;DMP-1.5-Dryrun;DMP 1.5 Supplier Registration - Working on AWS NFT#1295 - Actions#1;
1706279431948;GET https://www.nft.marketplace.team/suppliers/frameworks/g-cloud-14/declaration/edit/persons-with-significant-control;/suppliers/frameworks/g-cloud-14/declaration/edit/authorisation-or-organisation-legal-requireme;/suppliers/frameworks/g-cloud-14/declaration/edit/authorisation-or-organisation-legal-requirement;localhost:7100;504;0 Assertion failed;60;723;DMP-1.5-Dryrun;DMP 1.5 Supplier Registration - Working on AWS NFT#1594 - Actions#1;
1706279431991;POST https://www.nft.marketplace.team/suppliers/frameworks/g-cloud-14/submissions/cloud-hosting/281307/edit/user-support/onsite-support;/suppliers/frameworks/g-cloud-14/submissions/cloud-hosting/281140/edit/user-support/onsite-supp;;localhost:7100;504;0 Assertion failed;60;723;DMP-1.5-Dryrun;DMP 1.5 Supplier Registration - Working on AWS NFT#516 - Actions#1;
1706279432269;GET https://www.nft.marketplace.team/suppliers/frameworks/g-cloud-14/declaration/start;/suppliers/frameworks/g-cloud-14/declaration/start;;localhost:7100;504;0 Assertion failed;60;723;DMP-1.5-Dryrun;DMP 1.5 Supplier Registration - Working on AWS NFT#1884 - Actions#1;
1706279432461;GET https://www.nft.marketplace.team/suppliers/frameworks/g-cloud-14/declaration/reuse;/suppliers/frameworks/g-cloud-14/declaration/reuse;;localhost:7100;504;0 Assertion failed;60;723;DMP-1.5-Dryrun;DMP 1.5 Supplier Registration - Working on AWS NFT#1879 - Actions#1;
1706279432464;GET https://www.nft.marketplace.team/suppliers/frameworks/g-cloud-14/declaration/start;/suppliers/frameworks/g-cloud-14/declaration/start;;localhost:7100;504;0 Assertion failed;60;723;DMP-1.5-Dryrun;DMP 1.5 Supplier Registration - Working on AWS NFT#1834 - Actions#1;
1706279432529;GET https://www.nft.marketplace.team/suppliers/frameworks/g-cloud-14/declaration/edit/persons-with-significant-control;/suppliers/frameworks/g-cloud-14/declaration/edit/authorisation-or-organisation-legal-requireme;/suppliers/frameworks/g-cloud-14/declaration/edit/authorisation-or-organisation-legal-requirement;localhost:7100;504;0 Assertion failed;60;723;DMP-1.5-Dryrun;DMP 1.5 Supplier Registration - Working on AWS NFT#1675 - Actions#1;
1706279433124;POST https://www.nft.marketplace.team/suppliers/details;/suppliers/details;/suppliers/details;localhost:7100;504;0 Assertion failed;60;723;DMP-1.5-Dryrun;DMP 1.5 Supplier Registration - Working on AWS NFT#1859 - Actions#1;
1706279433412;GET https://www.nft.marketplace.team/suppliers/frameworks/g-cloud-14/submissions/cloud-hosting/281298/edit/onboarding-and-offboarding/getting-started;/suppliers/frameworks/g-cloud-14/submissions/cloud-hosting/281140/edit/onboarding-and-offboardi;;localhost:7100;504;0 Assertion failed;60;723;DMP-1.5-Dryrun;DMP 1.5 Supplier Registration - Working on AWS NFT#464 - Actions#1;
1706279433541;GET https://www.nft.marketplace.team/suppliers/frameworks/g-cloud-14/declaration/start;/suppliers/frameworks/g-cloud-14/declaration/start;;localhost:7100;504;0 Assertion failed;60;723;DMP-1.5-Dryrun;DMP 1.5 Supplier Registration - Working on AWS NFT#1866 - Actions#1;
1706279434314;GET https://www.nft.marketplace.team/suppliers/frameworks/g-cloud-14/declaration/edit/contracts-finder;/suppliers/frameworks/g-cloud-14/declaration/edit/health-and-safety;/suppliers/frameworks/g-cloud-14/declaration/edit/health-and-safety;localhost:7100;504;0 Assertion failed;60;723;DMP-1.5-Dryrun;DMP 1.5 Supplier Registration - Working on AWS NFT#1148 - Actions#1;
1706279434484;POST https://www.nft.marketplace.team/suppliers/frameworks/g-cloud-14/declaration/edit/authorisation-or-organisation-legal-requirement;/suppliers/frameworks/g-cloud-14/declaration/edit/authorisation-or-organisation-legal-requireme;;localhost:7100;504;0 Assertion failed;60;723;DMP-1.5-Dryrun;DMP 1.5 Supplier Registration - Working on AWS NFT#1638 - Actions#1;
1706279434543;GET https://www.nft.marketplace.team/suppliers/frameworks/g-cloud-14/declaration/start;/suppliers/frameworks/g-cloud-14/declaration/start;;localhost:7100;504;0 Assertion failed;60;723;DMP-1.5-Dryrun;DMP 1.5 Supplier Registration - Working on AWS NFT#1914 - Actions#1;
1706279434597;GET https://www.nft.marketplace.team/suppliers/frameworks/g-cloud-14/declaration/edit/grounds-for-mandatory-exclusion-taxes;/suppliers/frameworks/g-cloud-14/declaration/edit/grounds-for-mandatory-exclusion;/suppliers/frameworks/g-cloud-14/declaration/edit/grounds-for-mandatory-exclusion;localhost:7100;504;0 Assertion failed;60;723;DMP-1.5-Dryrun;DMP 1.5 Supplier Registration - Working on AWS NFT#1367 - Actions#1;
1706279435485;GET https://www.nft.marketplace.team/suppliers/frameworks/g-cloud-14/declaration/edit/working-with-government;/suppliers/frameworks/g-cloud-14/declaration/edit/economic-and-financial-standing;/suppliers/frameworks/g-cloud-14/declaration/edit/economic-and-financial-standing;localhost:7100;504;0 Assertion failed;60;723;DMP-1.5-Dryrun;DMP 1.5 Supplier Registration - Working on AWS NFT#1255 - Actions#1;
1706279435962;POST https://www.nft.marketplace.team/suppliers/frameworks/g-cloud-14/declaration/edit/what-it-means-to-be-on-g-cloud-14;/suppliers/frameworks/g-cloud-14/declaration/edit/what-it-means-to-be-on-g-cloud-14;;localhost:7100;504;0 Assertion failed;60;723;DMP-1.5-Dryrun;DMP 1.5 Supplier Registration - Working on AWS NFT#1825 - Actions#1;
1706279436012;POST https://www.nft.marketplace.team/suppliers/details;/suppliers/details;/suppliers/details;localhost:7100;504;0 Assertion failed;60;761;DMP-1.5-Dryrun;DMP 1.5 Supplier Registration - Working on AWS NFT#1959 - Actions#1;
1706279436322;GET https://www.nft.marketplace.team/suppliers/frameworks/g-cloud-14/declaration/edit/persons-with-significant-control;/suppliers/frameworks/g-cloud-14/declaration/edit/authorisation-or-organisation-legal-requireme;/suppliers/frameworks/g-cloud-14/declaration/edit/authorisation-or-organisation-legal-requirement;localhost:7100;504;0 Assertion failed;60;723;DMP-1.5-Dryrun;DMP 1.5 Supplier Registration - Working on AWS NFT#1704 - Actions#1;
1706279437284;GET https://www.nft.marketplace.team/suppliers/frameworks/g-cloud-14/declaration/edit/persons-with-significant-control;/suppliers/frameworks/g-cloud-14/declaration/edit/authorisation-or-organisation-legal-requireme;/suppliers/frameworks/g-cloud-14/declaration/edit/authorisation-or-organisation-legal-requirement;localhost:7100;504;0 Assertion failed;60;761;DMP-1.5-Dryrun;DMP 1.5 Supplier Registration - Working on AWS NFT#1570 - Actions#1;
1706279437680;POST https://www.nft.marketplace.team/suppliers/frameworks/g-cloud-14/declaration/edit/grounds-for-mandatory-exclusion-taxes;/suppliers/frameworks/g-cloud-14/declaration/edit/grounds-for-mandatory-exclusion-taxes;;localhost:7100;504;0 Assertion failed;60;723;DMP-1.5-Dryrun;DMP 1.5 Supplier Registration - Working on AWS NFT#1361 - Actions#1;
1706279437701;GET https://www.nft.marketplace.team/suppliers/frameworks/g-cloud-14/submissions/cloud-hosting/281331/edit/service-scope/service-constraints;/suppliers/frameworks/g-cloud-14/submissions/cloud-hosting/281140/edit/service-scope/service-co;;localhost:7100;504;0 Assertion failed;60;723;DMP-1.5-Dryrun;DMP 1.5 Supplier Registration - Working on AWS NFT#721 - Actions#1;
1706279438325;POST https://www.nft.marketplace.team/suppliers/frameworks/g-cloud-14/declaration/edit/persons-with-significant-control;/suppliers/frameworks/g-cloud-14/declaration/edit/persons-with-significant-control;;localhost:7100;504;0 Assertion failed;60;723;DMP-1.5-Dryrun;DMP 1.5 Supplier Registration - Working on AWS NFT#1668 - Actions#1;
1706279439522;POST https://www.nft.marketplace.team/suppliers/frameworks/g-cloud-14/declaration/edit/economic-and-financial-standing;/suppliers/frameworks/g-cloud-14/declaration/edit/economic-and-financial-standing;;localhost:7100;504;0 Assertion failed;60;723;DMP-1.5-Dryrun;DMP 1.5 Supplier Registration - Working on AWS NFT#198 - Actions#2;
1706279439523;GET https://www.nft.marketplace.team/suppliers/frameworks/g-cloud-14/declaration/start;/suppliers/frameworks/g-cloud-14/declaration/start;;localhost:7100;504;0 Assertion failed;60;723;DMP-1.5-Dryrun;DMP 1.5 Supplier Registration - Working on AWS NFT#1925 - Actions#1;
1706279439765;POST https://www.nft.marketplace.team/suppliers/frameworks/g-cloud-14/declaration/edit/providing-suitable-services;/suppliers/frameworks/g-cloud-14/declaration/edit/providing-suitable-services;;localhost:7100;504;0 Assertion failed;60;723;DMP-1.5-Dryrun;DMP 1.5 Supplier Registration - Working on AWS NFT#1823 - Actions#1;
1706279440329;GET https://www.nft.marketplace.team/suppliers/frameworks/g-cloud-14;/suppliers/details;/suppliers/details;localhost:7100;504;0 Assertion failed;60;723;DMP-1.5-Dryrun;DMP 1.5 Supplier Registration - Working on AWS NFT#1958 - Actions#1;
1706279440733;GET https://www.nft.marketplace.team/suppliers/frameworks/g-cloud-14/declaration/start;/suppliers/frameworks/g-cloud-14/declaration/start;;localhost:7100;504;0 Assertion failed;60;723;DMP-1.5-Dryrun;DMP 1.5 Supplier Registration - Working on AWS NFT#1943 - Actions#1;
1706279443633;GET https://www.nft.marketplace.team/suppliers/frameworks/g-cloud-14/submissions;/suppliers/frameworks/g-cloud-14/submissions;;localhost:7100;504;0 Assertion failed;60;723;DMP-1.5-Dryrun;DMP 1.5 Supplier Registration - Working on AWS NFT#838 - Actions#1;
1706279443821;POST https://www.nft.marketplace.team/suppliers/frameworks/g-cloud-14/declaration/edit/authorisation-or-organisation-legal-requirement;/suppliers/frameworks/g-cloud-14/declaration/edit/authorisation-or-organisation-legal-requireme;;localhost:7100;504;0 Assertion failed;60;723;DMP-1.5-Dryrun;DMP 1.5 Supplier Registration - Working on AWS NFT#1680 - Actions#1;
1706279444248;POST https://www.nft.marketplace.team/suppliers/frameworks/g-cloud-14/declaration/edit/authorisation-or-organisation-legal-requirement;/suppliers/frameworks/g-cloud-14/declaration/edit/authorisation-or-organisation-legal-requireme;;localhost:7100;504;0 Assertion failed;60;723;DMP-1.5-Dryrun;DMP 1.5 Supplier Registration - Working on AWS NFT#1703 - Actions#1;
1706279444330;POST https://www.nft.marketplace.team/suppliers/frameworks/g-cloud-14/declaration/edit/persons-with-significant-control;/suppliers/frameworks/g-cloud-14/declaration/edit/persons-with-significant-control;;localhost:7100;504;0 Assertion failed;60;761;DMP-1.5-Dryrun;DMP 1.5 Supplier Registration - Working on AWS NFT#1612 - Actions#1;
1706279445120;POST https://www.nft.marketplace.team/suppliers/frameworks/g-cloud-14/declaration/edit/health-and-safety;/suppliers/frameworks/g-cloud-14/declaration/edit/health-and-safety;;localhost:7100;504;0 Assertion failed;60;723;DMP-1.5-Dryrun;DMP 1.5 Supplier Registration - Working on AWS NFT#1116 - Actions#1;
1706279445830;POST https://www.nft.marketplace.team/suppliers/frameworks/g-cloud-14/declaration/edit/persons-with-significant-control;/suppliers/frameworks/g-cloud-14/declaration/edit/persons-with-significant-control;;localhost:7100;504;0 Assertion failed;60;723;DMP-1.5-Dryrun;DMP 1.5 Supplier Registration - Working on AWS NFT#1617 - Actions#1;
1706279446442;POST https://www.nft.marketplace.team/suppliers/frameworks/g-cloud-14/declaration/edit/persons-with-significant-control;/suppliers/frameworks/g-cloud-14/declaration/edit/persons-with-significant-control;;localhost:7100;504;0 Assertion failed;60;723;DMP-1.5-Dryrun;DMP 1.5 Supplier Registration - Working on AWS NFT#1653 - Actions#1;
1706279447649;POST https://www.nft.marketplace.team/suppliers/frameworks/g-cloud-14/declaration/edit/ultimate-parent-company;/suppliers/frameworks/g-cloud-14/declaration/edit/ultimate-parent-company;;localhost:7100;504;0 Assertion failed;60;723;DMP-1.5-Dryrun;DMP 1.5 Supplier Registration - Working on AWS NFT#1526 - Actions#1;
1706279447694;GET https://www.nft.marketplace.team/suppliers/frameworks/g-cloud-14;/suppliers/details;/suppliers/details;localhost:7100;504;0 Assertion failed;60;723;DMP-1.5-Dryrun;DMP 1.5 Supplier Registration - Working on AWS NFT#1918 - Actions#1;
1706279447773;POST https://www.nft.marketplace.team/suppliers/frameworks/g-cloud-14/submissions/cloud-hosting/281297/edit/onboarding-and-offboarding/getting-started;/suppliers/frameworks/g-cloud-14/submissions/cloud-hosting/281140/edit/onboarding-and-offboardi;;localhost:7100;504;0 Assertion failed;60;723;DMP-1.5-Dryrun;DMP 1.5 Supplier Registration - Working on AWS NFT#388 - Actions#1;
1706279448052;POST https://www.nft.marketplace.team/suppliers/frameworks/g-cloud-14/declaration/edit/working-with-government;/suppliers/frameworks/g-cloud-14/declaration/edit/working-with-government;;localhost:7100;504;0 Assertion failed;60;723;DMP-1.5-Dryrun;DMP 1.5 Supplier Registration - Working on AWS NFT#1269 - Actions#1;
1706279448116;GET https://www.nft.marketplace.team/suppliers/frameworks/g-cloud-14/declaration/edit/persons-with-significant-control;/suppliers/frameworks/g-cloud-14/declaration/edit/authorisation-or-organisation-legal-requireme;/suppliers/frameworks/g-cloud-14/declaration/edit/authorisation-or-organisation-legal-requirement;localhost:7100;504;0 Assertion failed;60;723;DMP-1.5-Dryrun;DMP 1.5 Supplier Registration - Working on AWS NFT#1575 - Actions#1;
1706279448405;POST https://www.nft.marketplace.team/suppliers/frameworks/g-cloud-14/declaration/edit/persons-with-significant-control;/suppliers/frameworks/g-cloud-14/declaration/edit/persons-with-significant-control;;localhost:7100;504;0 Assertion failed;60;723;DMP-1.5-Dryrun;DMP 1.5 Supplier Registration - Working on AWS NFT#1634 - Actions#1;
1706279448418;POST https://www.nft.marketplace.team/suppliers/frameworks/g-cloud-14/declaration/edit/group-or-consortium;/suppliers/frameworks/g-cloud-14/declaration/edit/group-or-consortium;;localhost:7100;504;0 Assertion failed;60;761;DMP-1.5-Dryrun;DMP 1.5 Supplier Registration - Working on AWS NFT#1505 - Actions#1;
1706279449794;GET https://www.nft.marketplace.team/suppliers/frameworks/g-cloud-14;/suppliers/details;/suppliers/details;localhost:7100;504;0 Assertion failed;60;723;DMP-1.5-Dryrun;DMP 1.5 Supplier Registration - Working on AWS NFT#1945 - Actions#1;
1706279450377;POST https://www.nft.marketplace.team/suppliers/frameworks/g-cloud-14/declaration/edit/authorisation-or-organisation-legal-requirement;/suppliers/frameworks/g-cloud-14/declaration/edit/authorisation-or-organisation-legal-requireme;;localhost:7100;504;0 Assertion failed;60;761;DMP-1.5-Dryrun;DMP 1.5 Supplier Registration - Working on AWS NFT#1723 - Actions#1;
1706279450601;GET https://www.nft.marketplace.team/suppliers/frameworks/g-cloud-14/declaration;;/suppliers/frameworks/g-cloud-14/declaration/reuse;localhost:7100;504;0 Assertion failed;60;723;DMP-1.5-Dryrun;DMP 1.5 Supplier Registration - Working on AWS NFT#1877 - Actions#1;
1706279451246;GET https://www.nft.marketplace.team/suppliers/frameworks/g-cloud-14/declaration/reuse;/suppliers/frameworks/g-cloud-14/declaration/reuse;;localhost:7100;504;0 Assertion failed;60;761;DMP-1.5-Dryrun;DMP 1.5 Supplier Registration - Working on AWS NFT#1922 - Actions#1;
1706279451610;POST https://www.nft.marketplace.team/suppliers/frameworks/g-cloud-14/declaration/edit/persons-with-significant-control;/suppliers/frameworks/g-cloud-14/declaration/edit/persons-with-significant-control;;localhost:7100;504;0 Assertion failed;60;723;DMP-1.5-Dryrun;DMP 1.5 Supplier Registration - Working on AWS NFT#1524 - Actions#1;
1706279452632;GET https://www.nft.marketplace.team/suppliers/frameworks/g-cloud-14/submissions/cloud-hosting/281320/edit/reselling/supplier-type;/suppliers/frameworks/g-cloud-14/submissions/cloud-hosting/281140/edit/reselling/supplier-type;;localhost:7100;504;0 Assertion failed;60;723;DMP-1.5-Dryrun;DMP 1.5 Supplier Registration - Working on AWS NFT#685 - Actions#1;
1706279452821;POST https://www.nft.marketplace.team/suppliers/frameworks/g-cloud-14/declaration/edit/providing-suitable-services;/suppliers/frameworks/g-cloud-14/declaration/edit/providing-suitable-services;;localhost:7100;504;0 Assertion failed;60;723;DMP-1.5-Dryrun;DMP 1.5 Supplier Registration - Working on AWS NFT#1873 - Actions#1;
1706279453068;GET https://www.nft.marketplace.team/suppliers/frameworks/g-cloud-14/submissions/cloud-hosting/281184/edit/governance/information-security-policies-and-processes;/suppliers/frameworks/g-cloud-14/submissions/cloud-hosting/281140/edit/governance/security-gove;/suppliers/frameworks/g-cloud-14/submissions/cloud-hosting/${pServiceId}/edit/governance/security-governance;localhost:7100;504;0 Assertion failed;60;723;DMP-1.5-Dryrun;DMP 1.5 Supplier Registration - Working on AWS NFT#502 - Actions#1;
1706279453430;POST https://www.nft.marketplace.team/suppliers/frameworks/g-cloud-14/declaration/edit/persons-with-significant-control;/suppliers/frameworks/g-cloud-14/declaration/edit/persons-with-significant-control;;localhost:7100;504;0 Assertion failed;60;723;DMP-1.5-Dryrun;DMP 1.5 Supplier Registration - Working on AWS NFT#1739 - Actions#1;
1706279453623;GET https://www.nft.marketplace.team/suppliers/frameworks/g-cloud-14/declaration/start;/suppliers/frameworks/g-cloud-14/declaration/start;;localhost:7100;504;0 Assertion failed;60;761;DMP-1.5-Dryrun;DMP 1.5 Supplier Registration - Working on AWS NFT#1890 - Actions#1;
1706279454299;POST https://www.nft.marketplace.team/suppliers/frameworks/g-cloud-14/submissions/cloud-hosting/281317/edit/user-support/email-or-ticketing-support;/suppliers/frameworks/g-cloud-14/submissions/cloud-hosting/281140/edit/user-support/email-or-ti;;localhost:7100;504;0 Assertion failed;60;723;DMP-1.5-Dryrun;DMP 1.5 Supplier Registration - Working on AWS NFT#617 - Actions#1;
1706279454425;GET https://www.nft.marketplace.team/suppliers/frameworks/g-cloud-14/declaration/start;/suppliers/frameworks/g-cloud-14/declaration/start;;localhost:7100;504;0 Assertion failed;60;723;DMP-1.5-Dryrun;DMP 1.5 Supplier Registration - Working on AWS NFT#1901 - Actions#1;
1706279454487;GET https://www.nft.marketplace.team/suppliers/frameworks/g-cloud-14/declaration/edit/providing-suitable-services;/suppliers/frameworks/g-cloud-14/declaration/edit/providing-suitable-services;;localhost:7100;504;0 Assertion failed;60;723;DMP-1.5-Dryrun;DMP 1.5 Supplier Registration - Working on AWS NFT#1806 - Actions#1;
1706279454537;GET https://www.nft.marketplace.team/suppliers/frameworks/g-cloud-14/declaration/edit/grounds-for-mandatory-exclusion;/suppliers/frameworks/g-cloud-14/declaration/edit/key-subcontractors;/suppliers/frameworks/g-cloud-14/declaration/edit/key-subcontractors;localhost:7100;504;0 Assertion failed;60;761;DMP-1.5-Dryrun;DMP 1.5 Supplier Registration - Working on AWS NFT#1563 - Actions#1;
1706279455143;GET https://www.nft.marketplace.team/suppliers/frameworks/g-cloud-14/declaration/edit/what-it-means-to-be-on-g-cloud-14;/suppliers/frameworks/g-cloud-14/declaration/edit/providing-suitable-services;/suppliers/frameworks/g-cloud-14/declaration/edit/providing-suitable-services;localhost:7100;504;0 Assertion failed;60;761;DMP-1.5-Dryrun;DMP 1.5 Supplier Registration - Working on AWS NFT#1775 - Actions#1;
1706279455214;GET https://www.nft.marketplace.team/suppliers/frameworks/g-cloud-14/declaration/start;/suppliers/frameworks/g-cloud-14/declaration/start;;localhost:7100;504;0 Assertion failed;60;723;DMP-1.5-Dryrun;DMP 1.5 Supplier Registration - Working on AWS NFT#1948 - Actions#1;
1706279455671;GET https://www.nft.marketplace.team/suppliers/frameworks/g-cloud-14/declaration/edit/grounds-for-mandatory-exclusion-taxes;/suppliers/frameworks/g-cloud-14/declaration/edit/grounds-for-mandatory-exclusion;/suppliers/frameworks/g-cloud-14/declaration/edit/grounds-for-mandatory-exclusion;localhost:7100;504;0 Assertion failed;60;723;DMP-1.5-Dryrun;DMP 1.5 Supplier Registration - Working on AWS NFT#1423 - Actions#1;
1706279456785;POST https://www.nft.marketplace.team/suppliers/frameworks/g-cloud-14/declaration/edit/providing-suitable-services;/suppliers/frameworks/g-cloud-14/declaration/edit/providing-suitable-services;;localhost:7100;504;0 Assertion failed;60;723;DMP-1.5-Dryrun;DMP 1.5 Supplier Registration - Working on AWS NFT#1798 - Actions#1;
1706279456785;GET https://www.nft.marketplace.team/suppliers/frameworks/g-cloud-14/declaration/edit/key-subcontractors;/suppliers/frameworks/g-cloud-14/declaration/edit/group-or-consortium;/suppliers/frameworks/g-cloud-14/declaration/edit/group-or-consortium;localhost:7100;504;0 Assertion failed;60;761;DMP-1.5-Dryrun;DMP 1.5 Supplier Registration - Working on AWS NFT#210 - Actions#2;
1706279456830;GET https://www.nft.marketplace.team/suppliers/frameworks/g-cloud-14/declaration/edit/group-or-consortium;/suppliers/frameworks/g-cloud-14/declaration/edit/ultimate-parent-company;/suppliers/frameworks/g-cloud-14/declaration/edit/ultimate-parent-company;localhost:7100;504;0 Assertion failed;60;761;DMP-1.5-Dryrun;DMP 1.5 Supplier Registration - Working on AWS NFT#1534 - Actions#1;
1706279458039;POST https://www.nft.marketplace.team/suppliers/frameworks/g-cloud-14/declaration/edit/persons-with-significant-control;/suppliers/frameworks/g-cloud-14/declaration/edit/persons-with-significant-control;;localhost:7100;504;0 Assertion failed;60;723;DMP-1.5-Dryrun;DMP 1.5 Supplier Registration - Working on AWS NFT#1747 - Actions#1;
1706279458887;GET https://www.nft.marketplace.team/suppliers/frameworks/g-cloud-14/declaration;/suppliers/frameworks/g-cloud-14/declaration/edit/contact-details;/suppliers/frameworks/g-cloud-14/declaration/edit/contact-details;localhost:7100;504;0 Assertion failed;60;723;DMP-1.5-Dryrun;DMP 1.5 Supplier Registration - Working on AWS NFT#1010 - Actions#1;
1706279459496;POST https://www.nft.marketplace.team/suppliers/frameworks/g-cloud-14/submissions/service-type;/suppliers/frameworks/g-cloud-14/submissions/service-type;;localhost:7100;504;0 Assertion failed;60;761;DMP-1.5-Dryrun;DMP 1.5 Supplier Registration - Working on AWS NFT#821 - Actions#1;
1706279459779;GET https://www.nft.marketplace.team/suppliers/frameworks/g-cloud-14/declaration/edit/grounds-for-discretionary-exclusion;/suppliers/frameworks/g-cloud-14/declaration/edit/grounds-for-mandatory-exclusion-taxes;/suppliers/frameworks/g-cloud-14/declaration/edit/grounds-for-mandatory-exclusion-taxes;localhost:7100;504;0 Assertion failed;60;723;DMP-1.5-Dryrun;DMP 1.5 Supplier Registration - Working on AWS NFT#1378 - Actions#1;
1706279459968;POST https://www.nft.marketplace.team/suppliers/frameworks/g-cloud-14/declaration/edit/ultimate-parent-company;/suppliers/frameworks/g-cloud-14/declaration/edit/ultimate-parent-company;;localhost:7100;504;0 Assertion failed;60;723;DMP-1.5-Dryrun;DMP 1.5 Supplier Registration - Working on AWS NFT#1630 - Actions#1;
1706279460520;GET https://www.nft.marketplace.team/suppliers/frameworks/g-cloud-14/declaration/edit/ultimate-parent-company;/suppliers/frameworks/g-cloud-14/declaration/edit/immediate-parent-company;/suppliers/frameworks/g-cloud-14/declaration/edit/immediate-parent-company;localhost:7100;504;0 Assertion failed;60;723;DMP-1.5-Dryrun;DMP 1.5 Supplier Registration - Working on AWS NFT#1644 - Actions#1;
1706279461522;POST https://www.nft.marketplace.team/suppliers/frameworks/g-cloud-14/declaration/edit/providing-suitable-services;/suppliers/frameworks/g-cloud-14/declaration/edit/providing-suitable-services;;localhost:7100;504;0 Assertion failed;60;723;DMP-1.5-Dryrun;DMP 1.5 Supplier Registration - Working on AWS NFT#1811 - Actions#1;
1706279461522;POST https://www.nft.marketplace.team/suppliers/frameworks/g-cloud-14/declaration/edit/declaration-of-accuracy-and-understanding;/suppliers/frameworks/g-cloud-14/declaration/edit/declaration-of-accuracy-and-understanding;;localhost:7100;504;0 Assertion failed;60;723;DMP-1.5-Dryrun;DMP 1.5 Supplier Registration - Working on AWS NFT#1165 - Actions#1;
1706279461728;POST https://www.nft.marketplace.team/suppliers/frameworks/g-cloud-14/declaration/edit/grounds-for-mandatory-exclusion-taxes;/suppliers/frameworks/g-cloud-14/declaration/edit/grounds-for-mandatory-exclusion-taxes;;localhost:7100;504;0 Assertion failed;60;761;DMP-1.5-Dryrun;DMP 1.5 Supplier Registration - Working on AWS NFT#1431 - Actions#1;
1706279461954;POST https://www.nft.marketplace.team/suppliers/frameworks/g-cloud-14/declaration/edit/immediate-parent-company;/suppliers/frameworks/g-cloud-14/declaration/edit/immediate-parent-company;;localhost:7100;504;0 Assertion failed;60;723;DMP-1.5-Dryrun;DMP 1.5 Supplier Registration - Working on AWS NFT#1711 - Actions#1;
1706279462477;POST https://www.nft.marketplace.team/suppliers/frameworks/g-cloud-14/declaration/edit/modern-slavery;/suppliers/frameworks/g-cloud-14/declaration/edit/modern-slavery;;localhost:7100;504;0 Assertion failed;60;723;DMP-1.5-Dryrun;DMP 1.5 Supplier Registration - Working on AWS NFT#1376 - Actions#1;
1706279462787;GET https://www.nft.marketplace.team/suppliers/frameworks/g-cloud-14/submissions/cloud-hosting/281335/edit/service-scope/service-constraints;/suppliers/frameworks/g-cloud-14/submissions/cloud-hosting/281140/edit/service-scope/service-co;;localhost:7100;504;0 Assertion failed;60;723;DMP-1.5-Dryrun;DMP 1.5 Supplier Registration - Working on AWS NFT#779 - Actions#1;
1706279463839;POST https://www.nft.marketplace.team/suppliers/frameworks/g-cloud-14/declaration/edit/contracts-finder;/suppliers/frameworks/g-cloud-14/declaration/edit/contracts-finder;;localhost:7100;504;0 Assertion failed;60;723;DMP-1.5-Dryrun;DMP 1.5 Supplier Registration - Working on AWS NFT#1051 - Actions#1;
1706279464459;GET https://www.nft.marketplace.team/suppliers/frameworks/g-cloud-14/declaration/start;/suppliers/frameworks/g-cloud-14/declaration/start;;localhost:7100;504;0 Assertion failed;60;761;DMP-1.5-Dryrun;DMP 1.5 Supplier Registration - Working on AWS NFT#1894 - Actions#1;
1706279464687;GET https://www.nft.marketplace.team/suppliers/frameworks/g-cloud-14/declaration/edit/contracts-finder;/suppliers/frameworks/g-cloud-14/declaration/edit/health-and-safety;/suppliers/frameworks/g-cloud-14/declaration/edit/health-and-safety;localhost:7100;504;0 Assertion failed;60;723;DMP-1.5-Dryrun;DMP 1.5 Supplier Registration - Working on AWS NFT#1168 - Actions#1;
1706279466221;POST https://www.nft.marketplace.team/suppliers/frameworks/g-cloud-14/declaration/edit/providing-suitable-services;/suppliers/frameworks/g-cloud-14/declaration/edit/providing-suitable-services;;localhost:7100;504;0 Assertion failed;60;723;DMP-1.5-Dryrun;DMP 1.5 Supplier Registration - Working on AWS NFT#1767 - Actions#1;
1706279467078;POST https://www.nft.marketplace.team/suppliers/frameworks/g-cloud-14/declaration/edit/grounds-for-mandatory-exclusion;/suppliers/frameworks/g-cloud-14/declaration/edit/grounds-for-mandatory-exclusion;;localhost:7100;504;0 Assertion failed;60;723;DMP-1.5-Dryrun;DMP 1.5 Supplier Registration - Working on AWS NFT#1519 - Actions#1;
1706279468702;GET https://www.nft.marketplace.team/suppliers/frameworks/g-cloud-14/declaration/edit/providing-suitable-services;/suppliers/frameworks/g-cloud-14/declaration/edit/providing-suitable-services;;localhost:7100;504;0 Assertion failed;60;723;DMP-1.5-Dryrun;DMP 1.5 Supplier Registration - Working on AWS NFT#1932 - Actions#1;
1706279468769;POST https://www.nft.marketplace.team/suppliers/frameworks/g-cloud-14/declaration/edit/immediate-parent-company;/suppliers/frameworks/g-cloud-14/declaration/edit/immediate-parent-company;;localhost:7100;504;0 Assertion failed;60;723;DMP-1.5-Dryrun;DMP 1.5 Supplier Registration - Working on AWS NFT#1724 - Actions#1;
1706279469033;POST https://www.nft.marketplace.team/suppliers/frameworks/g-cloud-14/declaration/edit/ultimate-parent-company;/suppliers/frameworks/g-cloud-14/declaration/edit/ultimate-parent-company;;localhost:7100;504;0 Assertion failed;60;723;DMP-1.5-Dryrun;DMP 1.5 Supplier Registration - Working on AWS NFT#1578 - Actions#1;
1706279469323;POST https://www.nft.marketplace.team/suppliers/frameworks/g-cloud-14/declaration/edit/providing-suitable-services;/suppliers/frameworks/g-cloud-14/declaration/edit/providing-suitable-services;;localhost:7100;504;0 Assertion failed;60;723;DMP-1.5-Dryrun;DMP 1.5 Supplier Registration - Working on AWS NFT#1770 - Actions#1;
1706279469743;GET https://www.nft.marketplace.team/suppliers/frameworks/g-cloud-14/declaration/edit/providing-suitable-services;/suppliers/frameworks/g-cloud-14/declaration/edit/providing-suitable-services;;localhost:7100;504;0 Assertion failed;60;723;DMP-1.5-Dryrun;DMP 1.5 Supplier Registration - Working on AWS NFT#1849 - Actions#1;
1706279470908;GET https://www.nft.marketplace.team/suppliers/frameworks/g-cloud-14/declaration/reuse;/suppliers/frameworks/g-cloud-14/declaration/reuse;;localhost:7100;504;0 Assertion failed;60;723;DMP-1.5-Dryrun;DMP 1.5 Supplier Registration - Working on AWS NFT#1801 - Actions#1;
1706279470945;GET https://www.nft.marketplace.team/suppliers/frameworks/g-cloud-14/declaration/start;/suppliers/frameworks/g-cloud-14/declaration/start;;localhost:7100;504;0 Assertion failed;60;723;DMP-1.5-Dryrun;DMP 1.5 Supplier Registration - Working on AWS NFT#1957 - Actions#1;
1706279471085;GET https://www.nft.marketplace.team/suppliers/frameworks/g-cloud-14/declaration/edit/insurance-requirements;/suppliers/frameworks/g-cloud-14/declaration/edit/value-added-tax;/suppliers/frameworks/g-cloud-14/declaration/edit/value-added-tax;localhost:7100;504;0 Assertion failed;60;723;DMP-1.5-Dryrun;DMP 1.5 Supplier Registration - Working on AWS NFT#1286 - Actions#1;
1706279471718;GET https://www.nft.marketplace.team/suppliers/frameworks/g-cloud-14/declaration/edit/what-it-means-to-be-on-g-cloud-14;/suppliers/frameworks/g-cloud-14/declaration/edit/providing-suitable-services;/suppliers/frameworks/g-cloud-14/declaration/edit/providing-suitable-services;localhost:7100;504;0 Assertion failed;60;723;DMP-1.5-Dryrun;DMP 1.5 Supplier Registration - Working on AWS NFT#1799 - Actions#1;
1706279471720;POST https://www.nft.marketplace.team/suppliers/frameworks/g-cloud-14/declaration/edit/providing-suitable-services;/suppliers/frameworks/g-cloud-14/declaration/edit/providing-suitable-services;;localhost:7100;504;0 Assertion failed;60;723;DMP-1.5-Dryrun;DMP 1.5 Supplier Registration - Working on AWS NFT#1793 - Actions#1;
1706279471892;GET https://www.nft.marketplace.team/suppliers/frameworks/g-cloud-14/declaration/edit/key-subcontractors;/suppliers/frameworks/g-cloud-14/declaration/edit/group-or-consortium;/suppliers/frameworks/g-cloud-14/declaration/edit/group-or-consortium;localhost:7100;504;0 Assertion failed;60;761;DMP-1.5-Dryrun;DMP 1.5 Supplier Registration - Working on AWS NFT#1477 - Actions#1;
1706279472494;GET https://www.nft.marketplace.team/suppliers/frameworks/g-cloud-14/declaration/reuse;/suppliers/frameworks/g-cloud-14/declaration/reuse;;localhost:7100;504;0 Assertion failed;60;723;DMP-1.5-Dryrun;DMP 1.5 Supplier Registration - Working on AWS NFT#1954 - Actions#1;
1706279472546;POST https://www.nft.marketplace.team/suppliers/frameworks/g-cloud-14/declaration/edit/authorisation-or-organisation-legal-requirement;/suppliers/frameworks/g-cloud-14/declaration/edit/authorisation-or-organisation-legal-requireme;;localhost:7100;504;0 Assertion failed;60;723;DMP-1.5-Dryrun;DMP 1.5 Supplier Registration - Working on AWS NFT#1683 - Actions#1;
1706279474476;GET https://www.nft.marketplace.team/suppliers/frameworks/g-cloud-14/declaration/start;/suppliers/frameworks/g-cloud-14/declaration/start;;localhost:7100;504;0 Assertion failed;60;723;DMP-1.5-Dryrun;DMP 1.5 Supplier Registration - Working on AWS NFT#1908 - Actions#1;
1706279474896;GET https://www.nft.marketplace.team/suppliers/frameworks/g-cloud-14/declaration/edit/providing-suitable-services;/suppliers/frameworks/g-cloud-14/declaration/edit/providing-suitable-services;;localhost:7100;504;0 Assertion failed;60;723;DMP-1.5-Dryrun;DMP 1.5 Supplier Registration - Working on AWS NFT#1816 - Actions#1;
1706279475172;POST https://www.nft.marketplace.team/suppliers/frameworks/g-cloud-14/submissions/service-type;/suppliers/frameworks/g-cloud-14/submissions/service-type;;localhost:7100;504;0 Assertion failed;60;723;DMP-1.5-Dryrun;DMP 1.5 Supplier Registration - Working on AWS NFT#990 - Actions#1;
1706279475185;GET https://www.nft.marketplace.team/suppliers/frameworks/g-cloud-14/declaration/edit/application-accuracy;/suppliers/frameworks/g-cloud-14/declaration/edit/framework-award-form-details;/suppliers/frameworks/g-cloud-14/declaration/edit/framework-award-form-details;localhost:7100;504;0 Assertion failed;60;723;DMP-1.5-Dryrun;DMP 1.5 Supplier Registration - Working on AWS NFT#1205 - Actions#1;
1706279475440;POST https://www.nft.marketplace.team/suppliers/frameworks/g-cloud-14/declaration/edit/providing-suitable-services;/suppliers/frameworks/g-cloud-14/declaration/edit/providing-suitable-services;;localhost:7100;504;0 Assertion failed;60;723;DMP-1.5-Dryrun;DMP 1.5 Supplier Registration - Working on AWS NFT#1885 - Actions#1;
1706279475468;GET https://www.nft.marketplace.team/suppliers/frameworks/g-cloud-14/submissions/cloud-hosting/281304/edit/how-users-work-with-your-service/web-interface;/suppliers/frameworks/g-cloud-14/submissions/cloud-hosting/281140/edit/how-users-work-with-your;;localhost:7100;504;0 Assertion failed;60;723;DMP-1.5-Dryrun;DMP 1.5 Supplier Registration - Working on AWS NFT#602 - Actions#1;
1706279475690;GET https://www.nft.marketplace.team/suppliers/frameworks/g-cloud-14/declaration/edit/immediate-parent-company;/suppliers/frameworks/g-cloud-14/declaration/edit/persons-with-significant-control;/suppliers/frameworks/g-cloud-14/declaration/edit/persons-with-significant-control;localhost:7100;504;0 Assertion failed;60;723;DMP-1.5-Dryrun;DMP 1.5 Supplier Registration - Working on AWS NFT#1535 - Actions#1;
1706279475741;GET https://www.nft.marketplace.team/suppliers/details;/suppliers/details;;localhost:7100;504;0 Assertion failed;60;723;DMP-1.5-Dryrun;DMP 1.5 Supplier Registration - Working on AWS NFT#21 - Actions#2;
1706279476123;GET https://www.nft.marketplace.team/suppliers/frameworks/g-cloud-14/declaration/reuse;/suppliers/frameworks/g-cloud-14/declaration/reuse;;localhost:7100;504;0 Assertion failed;60;723;DMP-1.5-Dryrun;DMP 1.5 Supplier Registration - Working on AWS NFT#1864 - Actions#1;
1706279476704;GET https://www.nft.marketplace.team/suppliers;/user/login;;localhost:7100;504;0 Assertion failed;60;723;DMP-1.5-Dryrun;DMP 1.5 Supplier Registration - Working on AWS NFT#1976 - Actions#1;
1706279476979;GET https://www.nft.marketplace.team/suppliers;/user/login;;localhost:7100;504;0 Assertion failed;60;723;DMP-1.5-Dryrun;DMP 1.5 Supplier Registration - Working on AWS NFT#1974 - Actions#1;
1706279477535;GET https://www.nft.marketplace.team/suppliers/frameworks/g-cloud-14/submissions/cloud-hosting/281302;/suppliers/frameworks/g-cloud-14/submissions/cloud-hosting/281140/edit/user-support/support-ava;/suppliers/frameworks/g-cloud-14/submissions/cloud-hosting/${pServiceId}/edit/user-support/support-available-to-third-party;localhost:7100;504;0 Assertion failed;60;723;DMP-1.5-Dryrun;DMP 1.5 Supplier Registration - Working on AWS NFT#504 - Actions#1;
1706279477873;GET https://www.nft.marketplace.team/suppliers/frameworks/g-cloud-14/declaration/edit/providing-suitable-services;/suppliers/frameworks/g-cloud-14/declaration/edit/providing-suitable-services;;localhost:7100;504;0 Assertion failed;60;723;DMP-1.5-Dryrun;DMP 1.5 Supplier Registration - Working on AWS NFT#1855 - Actions#1;
1706279477926;GET https://www.nft.marketplace.team/suppliers;/user/login;;localhost:7100;504;0 Assertion failed;60;723;DMP-1.5-Dryrun;DMP 1.5 Supplier Registration - Working on AWS NFT#1977 - Actions#1;
1706279477961;POST https://www.nft.marketplace.team/suppliers/frameworks/g-cloud-14/submissions/cloud-hosting/281306/edit/user-support/support-available-to-third-party;/suppliers/frameworks/g-cloud-14/submissions/cloud-hosting/281140/edit/user-support/support-ava;;localhost:7100;504;0 Assertion failed;60;723;DMP-1.5-Dryrun;DMP 1.5 Supplier Registration - Working on AWS NFT#596 - Actions#1;
1706279478712;GET https://www.nft.marketplace.team/suppliers;/user/login;;localhost:7100;504;0 Assertion failed;60;723;DMP-1.5-Dryrun;DMP 1.5 Supplier Registration - Working on AWS NFT#1981 - Actions#1;
1706279479008;GET https://www.nft.marketplace.team/suppliers/frameworks/g-cloud-14/declaration/edit/group-or-consortium;/suppliers/frameworks/g-cloud-14/declaration/edit/ultimate-parent-company;/suppliers/frameworks/g-cloud-14/declaration/edit/ultimate-parent-company;localhost:7100;504;0 Assertion failed;60;723;DMP-1.5-Dryrun;DMP 1.5 Supplier Registration - Working on AWS NFT#1616 - Actions#1;
1706279479631;POST https://www.nft.marketplace.team/suppliers/frameworks/g-cloud-14/declaration/edit/persons-with-significant-control;/suppliers/frameworks/g-cloud-14/declaration/edit/persons-with-significant-control;;localhost:7100;504;0 Assertion failed;60;723;DMP-1.5-Dryrun;DMP 1.5 Supplier Registration - Working on AWS NFT#1743 - Actions#1;
1706279479859;GET https://www.nft.marketplace.team/suppliers/frameworks/g-cloud-14/declaration/edit/authorisation-or-organisation-legal-requirement;/suppliers/frameworks/g-cloud-14/declaration/edit/what-it-means-to-be-on-g-cloud-14;/suppliers/frameworks/g-cloud-14/declaration/edit/what-it-means-to-be-on-g-cloud-14;localhost:7100;504;0 Assertion failed;60;723;DMP-1.5-Dryrun;DMP 1.5 Supplier Registration - Working on AWS NFT#1807 - Actions#1;
1706279480234;GET https://www.nft.marketplace.team/suppliers/frameworks/g-cloud-14/declaration/edit/providing-suitable-services;/suppliers/frameworks/g-cloud-14/declaration/edit/providing-suitable-services;;localhost:7100;504;0 Assertion failed;60;723;DMP-1.5-Dryrun;DMP 1.5 Supplier Registration - Working on AWS NFT#1843 - Actions#1;
1706279480609;GET https://www.nft.marketplace.team/suppliers/frameworks/g-cloud-14/declaration/edit/ultimate-parent-company;/suppliers/frameworks/g-cloud-14/declaration/edit/immediate-parent-company;/suppliers/frameworks/g-cloud-14/declaration/edit/immediate-parent-company;localhost:7100;504;0 Assertion failed;60;723;DMP-1.5-Dryrun;DMP 1.5 Supplier Registration - Working on AWS NFT#1654 - Actions#1;
1706279480769;GET https://www.nft.marketplace.team/suppliers/frameworks/g-cloud-14/declaration/edit/ultimate-parent-company;/suppliers/frameworks/g-cloud-14/declaration/edit/immediate-parent-company;/suppliers/frameworks/g-cloud-14/declaration/edit/immediate-parent-company;localhost:7100;504;0 Assertion failed;60;723;DMP-1.5-Dryrun;DMP 1.5 Supplier Registration - Working on AWS NFT#1640 - Actions#1;
1706279480990;POST https://www.nft.marketplace.team/suppliers/frameworks/g-cloud-14/declaration/edit/economic-and-financial-standing;/suppliers/frameworks/g-cloud-14/declaration/edit/economic-and-financial-standing;;localhost:7100;504;0 Assertion failed;60;723;DMP-1.5-Dryrun;DMP 1.5 Supplier Registration - Working on AWS NFT#1428 - Actions#1;
1706279481515;GET https://www.nft.marketplace.team/suppliers;/user/login;;localhost:7100;504;0 Assertion failed;60;723;DMP-1.5-Dryrun;DMP 1.5 Supplier Registration - Working on AWS NFT#1987 - Actions#1;
1706279481762;GET https://www.nft.marketplace.team/suppliers/frameworks/g-cloud-14/declaration;/suppliers/frameworks/g-cloud-14/declaration/edit/contact-details;/suppliers/frameworks/g-cloud-14/declaration/edit/contact-details;localhost:7100;504;0 Assertion failed;60;723;DMP-1.5-Dryrun;DMP 1.5 Supplier Registration - Working on AWS NFT#1115 - Actions#1;
1706279481845;GET https://www.nft.marketplace.team/suppliers/frameworks/g-cloud-14/declaration/edit/ultimate-parent-company;/suppliers/frameworks/g-cloud-14/declaration/edit/immediate-parent-company;/suppliers/frameworks/g-cloud-14/declaration/edit/immediate-parent-company;localhost:7100;504;0 Assertion failed;60;723;DMP-1.5-Dryrun;DMP 1.5 Supplier Registration - Working on AWS NFT#1641 - Actions#1;
1706279483174;POST https://www.nft.marketplace.team/suppliers/frameworks/g-cloud-14/declaration/edit/grounds-for-discretionary-exclusion;/suppliers/frameworks/g-cloud-14/declaration/edit/grounds-for-discretionary-exclusion;;localhost:7100;504;0 Assertion failed;60;723;DMP-1.5-Dryrun;DMP 1.5 Supplier Registration - Working on AWS NFT#1402 - Actions#1;
1706279484337;POST https://www.nft.marketplace.team/suppliers/frameworks/g-cloud-14/declaration/edit/key-subcontractors;/suppliers/frameworks/g-cloud-14/declaration/edit/key-subcontractors;;localhost:7100;504;0 Assertion failed;60;723;DMP-1.5-Dryrun;DMP 1.5 Supplier Registration - Working on AWS NFT#1610 - Actions#1;
1706279484540;POST https://www.nft.marketplace.team/suppliers/frameworks/g-cloud-14/declaration/edit/authorisation-or-organisation-legal-requirement;/suppliers/frameworks/g-cloud-14/declaration/edit/authorisation-or-organisation-legal-requireme;;localhost:7100;504;0 Assertion failed;60;761;DMP-1.5-Dryrun;DMP 1.5 Supplier Registration - Working on AWS NFT#1729 - Actions#1;
1706279485269;GET https://www.nft.marketplace.team/suppliers/frameworks/g-cloud-14/declaration/edit/authorisation-or-organisation-legal-requirement;/suppliers/frameworks/g-cloud-14/declaration/edit/what-it-means-to-be-on-g-cloud-14;/suppliers/frameworks/g-cloud-14/declaration/edit/what-it-means-to-be-on-g-cloud-14;localhost:7100;504;0 Assertion failed;60;723;DMP-1.5-Dryrun;DMP 1.5 Supplier Registration - Working on AWS NFT#1746 - Actions#1;
1706279485659;GET https://www.nft.marketplace.team/suppliers;/user/login;;localhost:7100;504;0 Assertion failed;60;723;DMP-1.5-Dryrun;DMP 1.5 Supplier Registration - Working on AWS NFT#1990 - Actions#1;
1706279486784;POST https://www.nft.marketplace.team/suppliers/frameworks/g-cloud-14/declaration/edit/providing-suitable-services;/suppliers/frameworks/g-cloud-14/declaration/edit/providing-suitable-services;;localhost:7100;504;0 Assertion failed;60;723;DMP-1.5-Dryrun;DMP 1.5 Supplier Registration - Working on AWS NFT#1836 - Actions#1;
1706279487179;POST https://www.nft.marketplace.team/suppliers/frameworks/g-cloud-14/declaration/edit/group-or-consortium;/suppliers/frameworks/g-cloud-14/declaration/edit/group-or-consortium;;localhost:7100;504;0 Assertion failed;60;723;DMP-1.5-Dryrun;DMP 1.5 Supplier Registration - Working on AWS NFT#1485 - Actions#1;
1706279487363;POST https://www.nft.marketplace.team/suppliers/frameworks/g-cloud-14/declaration/edit/providing-suitable-services;/suppliers/frameworks/g-cloud-14/declaration/edit/providing-suitable-services;;localhost:7100;504;0 Assertion failed;60;723;DMP-1.5-Dryrun;DMP 1.5 Supplier Registration - Working on AWS NFT#1766 - Actions#1;
1706279487396;POST https://www.nft.marketplace.team/suppliers/frameworks/g-cloud-14/declaration/edit/persons-with-significant-control;/suppliers/frameworks/g-cloud-14/declaration/edit/persons-with-significant-control;;localhost:7100;504;0 Assertion failed;60;723;DMP-1.5-Dryrun;DMP 1.5 Supplier Registration - Working on AWS NFT#1701 - Actions#1;
1706279487422;GET https://www.nft.marketplace.team/suppliers/details;/suppliers/details;;localhost:7100;504;0 Assertion failed;60;723;DMP-1.5-Dryrun;DMP 1.5 Supplier Registration - Working on AWS NFT#1967 - Actions#1;
1706279487566;POST https://www.nft.marketplace.team/suppliers/frameworks/g-cloud-14/declaration/edit/providing-suitable-services;/suppliers/frameworks/g-cloud-14/declaration/edit/providing-suitable-services;;localhost:7100;504;0 Assertion failed;60;723;DMP-1.5-Dryrun;DMP 1.5 Supplier Registration - Working on AWS NFT#1776 - Actions#1;
1706279488300;GET https://www.nft.marketplace.team/suppliers/frameworks/g-cloud-14/declaration/edit/group-or-consortium;/suppliers/frameworks/g-cloud-14/declaration/edit/ultimate-parent-company;/suppliers/frameworks/g-cloud-14/declaration/edit/ultimate-parent-company;localhost:7100;504;0 Assertion failed;60;723;DMP-1.5-Dryrun;DMP 1.5 Supplier Registration - Working on AWS NFT#1661 - Actions#1;
1706279488430;GET https://www.nft.marketplace.team/suppliers/frameworks/g-cloud-14/declaration/edit/grounds-for-mandatory-exclusion-taxes;/suppliers/frameworks/g-cloud-14/declaration/edit/grounds-for-mandatory-exclusion;/suppliers/frameworks/g-cloud-14/declaration/edit/grounds-for-mandatory-exclusion;localhost:7100;504;0 Assertion failed;60;723;DMP-1.5-Dryrun;DMP 1.5 Supplier Registration - Working on AWS NFT#1510 - Actions#1;
1706279490263;POST https://www.nft.marketplace.team/suppliers/frameworks/g-cloud-14/declaration/edit/ultimate-parent-company;/suppliers/frameworks/g-cloud-14/declaration/edit/ultimate-parent-company;;localhost:7100;504;0 Assertion failed;60;723;DMP-1.5-Dryrun;DMP 1.5 Supplier Registration - Working on AWS NFT#1607 - Actions#1;
1706279490307;POST https://www.nft.marketplace.team/suppliers/frameworks/g-cloud-14/declaration/edit/grounds-for-discretionary-exclusion;/suppliers/frameworks/g-cloud-14/declaration/edit/grounds-for-discretionary-exclusion;;localhost:7100;504;0 Assertion failed;60;761;DMP-1.5-Dryrun;DMP 1.5 Supplier Registration - Working on AWS NFT#1441 - Actions#1;
1706279490412;POST https://www.nft.marketplace.team/suppliers/frameworks/g-cloud-14/declaration/edit/modern-slavery;/suppliers/frameworks/g-cloud-14/declaration/edit/modern-slavery;;localhost:7100;504;0 Assertion failed;60;723;DMP-1.5-Dryrun;DMP 1.5 Supplier Registration - Working on AWS NFT#1331 - Actions#1;
1706279490616;GET https://www.nft.marketplace.team/suppliers/frameworks/g-cloud-14/declaration/edit/economic-and-financial-standing;/suppliers/frameworks/g-cloud-14/declaration/edit/modern-slavery;/suppliers/frameworks/g-cloud-14/declaration/edit/modern-slavery;localhost:7100;504;0 Assertion failed;60;761;DMP-1.5-Dryrun;DMP 1.5 Supplier Registration - Working on AWS NFT#1444 - Actions#1;
1706279491615;GET https://www.nft.marketplace.team/suppliers/frameworks/g-cloud-14/declaration/edit/what-it-means-to-be-on-g-cloud-14;/suppliers/frameworks/g-cloud-14/declaration/edit/providing-suitable-services;/suppliers/frameworks/g-cloud-14/declaration/edit/providing-suitable-services;localhost:7100;504;0 Assertion failed;60;723;DMP-1.5-Dryrun;DMP 1.5 Supplier Registration - Working on AWS NFT#1897 - Actions#1;
1706279491653;POST https://www.nft.marketplace.team/suppliers/frameworks/g-cloud-14/declaration/edit/contracts-finder;/suppliers/frameworks/g-cloud-14/declaration/edit/contracts-finder;;localhost:7100;504;0 Assertion failed;60;723;DMP-1.5-Dryrun;DMP 1.5 Supplier Registration - Working on AWS NFT#1266 - Actions#1;
1706279492193;POST https://www.nft.marketplace.team/suppliers/frameworks/g-cloud-14/declaration/edit/providing-suitable-services;/suppliers/frameworks/g-cloud-14/declaration/edit/providing-suitable-services;;localhost:7100;504;0 Assertion failed;60;723;DMP-1.5-Dryrun;DMP 1.5 Supplier Registration - Working on AWS NFT#1882 - Actions#1;
1706279492837;POST https://www.nft.marketplace.team/suppliers/frameworks/g-cloud-14/declaration/edit/immediate-parent-company;/suppliers/frameworks/g-cloud-14/declaration/edit/immediate-parent-company;;localhost:7100;504;0 Assertion failed;60;723;DMP-1.5-Dryrun;DMP 1.5 Supplier Registration - Working on AWS NFT#1564 - Actions#1;
1706279492930;GET https://www.nft.marketplace.team/suppliers/frameworks/g-cloud-14/declaration/edit/authorisation-or-organisation-legal-requirement;/suppliers/frameworks/g-cloud-14/declaration/edit/what-it-means-to-be-on-g-cloud-14;/suppliers/frameworks/g-cloud-14/declaration/edit/what-it-means-to-be-on-g-cloud-14;localhost:7100;504;0 Assertion failed;60;723;DMP-1.5-Dryrun;DMP 1.5 Supplier Registration - Working on AWS NFT#1758 - Actions#1;
1706279493688;GET https://www.nft.marketplace.team/suppliers/frameworks/g-cloud-14/declaration/edit/immediate-parent-company;/suppliers/frameworks/g-cloud-14/declaration/edit/persons-with-significant-control;/suppliers/frameworks/g-cloud-14/declaration/edit/persons-with-significant-control;localhost:7100;504;0 Assertion failed;60;723;DMP-1.5-Dryrun;DMP 1.5 Supplier Registration - Working on AWS NFT#1613 - Actions#1;
1706279495021;GET https://www.nft.marketplace.team/suppliers/frameworks/g-cloud-14/declaration/edit/value-added-tax;/suppliers/frameworks/g-cloud-14/declaration/edit/working-with-government;/suppliers/frameworks/g-cloud-14/declaration/edit/working-with-government;localhost:7100;504;0 Assertion failed;60;723;DMP-1.5-Dryrun;DMP 1.5 Supplier Registration - Working on AWS NFT#1275 - Actions#1;
1706279495424;POST https://www.nft.marketplace.team/suppliers/frameworks/g-cloud-14/declaration/edit/grounds-for-discretionary-exclusion;/suppliers/frameworks/g-cloud-14/declaration/edit/grounds-for-discretionary-exclusion;;localhost:7100;504;0 Assertion failed;60;723;DMP-1.5-Dryrun;DMP 1.5 Supplier Registration - Working on AWS NFT#1405 - Actions#1;
1706279495562;POST https://www.nft.marketplace.team/suppliers/frameworks/g-cloud-14/declaration/edit/grounds-for-mandatory-exclusion-taxes;/suppliers/frameworks/g-cloud-14/declaration/edit/grounds-for-mandatory-exclusion-taxes;;localhost:7100;504;0 Assertion failed;60;723;DMP-1.5-Dryrun;DMP 1.5 Supplier Registration - Working on AWS NFT#1453 - Actions#1;
1706279495832;POST https://www.nft.marketplace.team/suppliers/frameworks/g-cloud-14/declaration/edit/grounds-for-discretionary-exclusion;/suppliers/frameworks/g-cloud-14/declaration/edit/grounds-for-discretionary-exclusion;;localhost:7100;504;0 Assertion failed;60;723;DMP-1.5-Dryrun;DMP 1.5 Supplier Registration - Working on AWS NFT#1408 - Actions#1;
1706279496291;GET https://www.nft.marketplace.team/suppliers/details;/suppliers/details;;localhost:7100;504;0 Assertion failed;60;723;DMP-1.5-Dryrun;DMP 1.5 Supplier Registration - Working on AWS NFT#1963 - Actions#1;
1706279496817;GET https://www.nft.marketplace.team/suppliers/frameworks/g-cloud-14/declaration/reuse;/suppliers/frameworks/g-cloud-14/declaration/reuse;;localhost:7100;504;0 Assertion failed;60;723;DMP-1.5-Dryrun;DMP 1.5 Supplier Registration - Working on AWS NFT#33 - Actions#2;
1706279497747;GET https://www.nft.marketplace.team/suppliers/frameworks/g-cloud-14/declaration/edit/persons-with-significant-control;/suppliers/frameworks/g-cloud-14/declaration/edit/authorisation-or-organisation-legal-requireme;/suppliers/frameworks/g-cloud-14/declaration/edit/authorisation-or-organisation-legal-requirement;localhost:7100;504;0 Assertion failed;60;761;DMP-1.5-Dryrun;DMP 1.5 Supplier Registration - Working on AWS NFT#1676 - Actions#1;
1706279499141;GET https://www.nft.marketplace.team/suppliers;/user/login;;localhost:7100;504;0 Assertion failed;60;723;DMP-1.5-Dryrun;DMP 1.5 Supplier Registration - Working on AWS NFT#2015 - Actions#1;
1706279501209;GET https://www.nft.marketplace.team/suppliers/frameworks/g-cloud-14/declaration/edit/what-it-means-to-be-on-g-cloud-14;/suppliers/frameworks/g-cloud-14/declaration/edit/providing-suitable-services;/suppliers/frameworks/g-cloud-14/declaration/edit/providing-suitable-services;localhost:7100;504;0 Assertion failed;60;723;DMP-1.5-Dryrun;DMP 1.5 Supplier Registration - Working on AWS NFT#1833 - Actions#1;
1706279501295;GET https://www.nft.marketplace.team/suppliers;/user/login;;localhost:7100;504;0 Assertion failed;60;723;DMP-1.5-Dryrun;DMP 1.5 Supplier Registration - Working on AWS NFT#2025 - Actions#1;
1706279501783;GET https://www.nft.marketplace.team/suppliers/frameworks/g-cloud-14/declaration/edit/ultimate-parent-company;/suppliers/frameworks/g-cloud-14/declaration/edit/immediate-parent-company;/suppliers/frameworks/g-cloud-14/declaration/edit/immediate-parent-company;localhost:7100;504;0 Assertion failed;60;723;DMP-1.5-Dryrun;DMP 1.5 Supplier Registration - Working on AWS NFT#1665 - Actions#1;
1706279502083;GET https://www.nft.marketplace.team/suppliers;/user/login;;localhost:7100;504;0 Assertion failed;60;723;DMP-1.5-Dryrun;DMP 1.5 Supplier Registration - Working on AWS NFT#2031 - Actions#1;
1706279504034;GET https://www.nft.marketplace.team/suppliers/frameworks/g-cloud-14/declaration/edit/immediate-parent-company;/suppliers/frameworks/g-cloud-14/declaration/edit/persons-with-significant-control;/suppliers/frameworks/g-cloud-14/declaration/edit/persons-with-significant-control;localhost:7100;504;0 Assertion failed;60;723;DMP-1.5-Dryrun;DMP 1.5 Supplier Registration - Working on AWS NFT#1709 - Actions#1;
1706279504232;POST https://www.nft.marketplace.team/suppliers/frameworks/g-cloud-14/declaration/edit/group-or-consortium;/suppliers/frameworks/g-cloud-14/declaration/edit/group-or-consortium;;localhost:7100;504;0 Assertion failed;60;723;DMP-1.5-Dryrun;DMP 1.5 Supplier Registration - Working on AWS NFT#1619 - Actions#1;
1706279505004;GET https://www.nft.marketplace.team/suppliers/frameworks/g-cloud-14/declaration/edit/data-protection;/suppliers/frameworks/g-cloud-14/declaration/edit/insurance-requirements;/suppliers/frameworks/g-cloud-14/declaration/edit/insurance-requirements;localhost:7100;504;0 Assertion failed;60;723;DMP-1.5-Dryrun;DMP 1.5 Supplier Registration - Working on AWS NFT#1241 - Actions#1;
1706279505591;POST https://www.nft.marketplace.team/suppliers/frameworks/g-cloud-14/declaration/edit/providing-suitable-services;/suppliers/frameworks/g-cloud-14/declaration/edit/providing-suitable-services;;localhost:7100;504;0 Assertion failed;60;723;DMP-1.5-Dryrun;DMP 1.5 Supplier Registration - Working on AWS NFT#1779 - Actions#1;
1706279506177;POST https://www.nft.marketplace.team/suppliers/details;/suppliers/details;/suppliers/details;localhost:7100;504;0 Assertion failed;60;723;DMP-1.5-Dryrun;DMP 1.5 Supplier Registration - Working on AWS NFT#1965 - Actions#1;
1706279506657;GET https://www.nft.marketplace.team/suppliers/frameworks/g-cloud-14/declaration/edit/what-it-means-to-be-on-g-cloud-14;/suppliers/frameworks/g-cloud-14/declaration/edit/providing-suitable-services;/suppliers/frameworks/g-cloud-14/declaration/edit/providing-suitable-services;localhost:7100;504;0 Assertion failed;60;723;DMP-1.5-Dryrun;DMP 1.5 Supplier Registration - Working on AWS NFT#1940 - Actions#1;
1706279507138;POST https://www.nft.marketplace.team/suppliers/frameworks/g-cloud-14;/suppliers/frameworks/g-cloud-14;;localhost:7100;504;0 Assertion failed;60;723;DMP-1.5-Dryrun;DMP 1.5 Supplier Registration - Working on AWS NFT#2008 - Actions#1;
1706279514356;GET https://www.nft.marketplace.team/suppliers/frameworks/g-cloud-14/declaration/edit/group-or-consortium;/suppliers/frameworks/g-cloud-14/declaration/edit/ultimate-parent-company;/suppliers/frameworks/g-cloud-14/declaration/edit/ultimate-parent-company;localhost:7100;504;0 Assertion failed;60;723;DMP-1.5-Dryrun;DMP 1.5 Supplier Registration - Working on AWS NFT#1727 - Actions#1;
1706279542439;GET https://www.nft.marketplace.team/suppliers/frameworks/g-cloud-14/submissions/cloud-hosting/281334;/suppliers/frameworks/g-cloud-14/submissions/cloud-hosting/281140/edit/service-scope/system-req;/suppliers/frameworks/g-cloud-14/submissions/cloud-hosting/${pServiceId}/edit/service-scope/system-requirements;localhost:7100;504;0 Assertion failed;60;761;DMP-1.5-Dryrun;DMP 1.5 Supplier Registration - Working on AWS NFT#733 - Actions#1;
1706279544287;POST https://www.nft.marketplace.team/suppliers/frameworks/g-cloud-14/declaration/edit/providing-suitable-services;/suppliers/frameworks/g-cloud-14/declaration/edit/providing-suitable-services;;localhost:7100;504;0 Assertion failed;60;761;DMP-1.5-Dryrun;DMP 1.5 Supplier Registration - Working on AWS NFT#1868 - Actions#1;
1706279547406;GET https://www.nft.marketplace.team/suppliers/frameworks/g-cloud-14/declaration/edit/immediate-parent-company;/suppliers/frameworks/g-cloud-14/declaration/edit/persons-with-significant-control;/suppliers/frameworks/g-cloud-14/declaration/edit/persons-with-significant-control;localhost:7100;504;0 Assertion failed;60;761;DMP-1.5-Dryrun;DMP 1.5 Supplier Registration - Working on AWS NFT#1539 - Actions#1;
1706279549250;GET https://www.nft.marketplace.team/suppliers;/user/login;;localhost:7100;504;0 Assertion failed;60;723;DMP-1.5-Dryrun;DMP 1.5 Supplier Registration - Working on AWS NFT#2128 - Actions#1;
1706279549498;POST https://www.nft.marketplace.team/suppliers/frameworks/g-cloud-14/declaration/edit/ultimate-parent-company;/suppliers/frameworks/g-cloud-14/declaration/edit/ultimate-parent-company;;localhost:7100;504;0 Assertion failed;60;723;DMP-1.5-Dryrun;DMP 1.5 Supplier Registration - Working on AWS NFT#1716 - Actions#1;
1706279550314;GET https://www.nft.marketplace.team/suppliers/frameworks/g-cloud-14/declaration;;/suppliers/frameworks/g-cloud-14/declaration/reuse;localhost:7100;504;0 Assertion failed;60;723;DMP-1.5-Dryrun;DMP 1.5 Supplier Registration - Working on AWS NFT#1887 - Actions#1;
1706279552470;GET https://www.nft.marketplace.team/suppliers;/user/login;;localhost:7100;504;0 Assertion failed;60;723;DMP-1.5-Dryrun;DMP 1.5 Supplier Registration - Working on AWS NFT#2132 - Actions#1;
1706279552581;POST https://www.nft.marketplace.team/suppliers/frameworks/g-cloud-14/declaration/edit/what-it-means-to-be-on-g-cloud-14;/suppliers/frameworks/g-cloud-14/declaration/edit/what-it-means-to-be-on-g-cloud-14;;localhost:7100;504;0 Assertion failed;60;723;DMP-1.5-Dryrun;DMP 1.5 Supplier Registration - Working on AWS NFT#1773 - Actions#1;
1706279552715;POST https://www.nft.marketplace.team/suppliers/frameworks/g-cloud-14/declaration/edit/key-subcontractors;/suppliers/frameworks/g-cloud-14/declaration/edit/key-subcontractors;;localhost:7100;504;0 Assertion failed;60;723;DMP-1.5-Dryrun;DMP 1.5 Supplier Registration - Working on AWS NFT#1558 - Actions#1;
1706279554309;POST https://www.nft.marketplace.team/suppliers/frameworks/g-cloud-14/declaration/edit/framework-award-form-details;/suppliers/frameworks/g-cloud-14/declaration/edit/framework-award-form-details;;localhost:7100;504;0 Assertion failed;60;723;DMP-1.5-Dryrun;DMP 1.5 Supplier Registration - Working on AWS NFT#1060 - Actions#1;
1706279554450;POST https://www.nft.marketplace.team/suppliers/frameworks/g-cloud-14/submissions/cloud-hosting/281264/edit/asset-protection/penetration-testing;/suppliers/frameworks/g-cloud-14/submissions/cloud-hosting/281140/edit/asset-protection/penetra;;localhost:7100;504;0 Assertion failed;60;723;DMP-1.5-Dryrun;DMP 1.5 Supplier Registration - Working on AWS NFT#276 - Actions#1;
1706279554611;POST https://www.nft.marketplace.team/suppliers/frameworks/g-cloud-14;/suppliers/frameworks/g-cloud-14;;localhost:7100;504;0 Assertion failed;60;723;DMP-1.5-Dryrun;DMP 1.5 Supplier Registration - Working on AWS NFT#2104 - Actions#1;
1706279554641;POST https://www.nft.marketplace.team/suppliers/frameworks/g-cloud-14;/suppliers/frameworks/g-cloud-14;;localhost:7100;504;0 Assertion failed;60;723;DMP-1.5-Dryrun;DMP 1.5 Supplier Registration - Working on AWS NFT#2063 - Actions#1;
1706279555914;GET https://www.nft.marketplace.team/suppliers;/user/login;;localhost:7100;504;0 Assertion failed;60;723;DMP-1.5-Dryrun;DMP 1.5 Supplier Registration - Working on AWS NFT#2144 - Actions#1;
1706279556281;POST https://www.nft.marketplace.team/suppliers/frameworks/g-cloud-14/declaration/edit/group-or-consortium;/suppliers/frameworks/g-cloud-14/declaration/edit/group-or-consortium;;localhost:7100;504;0 Assertion failed;60;723;DMP-1.5-Dryrun;DMP 1.5 Supplier Registration - Working on AWS NFT#1693 - Actions#1;
1706279557153;POST https://www.nft.marketplace.team/suppliers/frameworks/g-cloud-14/declaration/edit/authorisation-or-organisation-legal-requirement;/suppliers/frameworks/g-cloud-14/declaration/edit/authorisation-or-organisation-legal-requireme;;localhost:7100;504;0 Assertion failed;60;723;DMP-1.5-Dryrun;DMP 1.5 Supplier Registration - Working on AWS NFT#1937 - Actions#1;
1706279558560;POST https://www.nft.marketplace.team/suppliers/frameworks/g-cloud-14;/suppliers/frameworks/g-cloud-14;;localhost:7100;504;0 Assertion failed;60;723;DMP-1.5-Dryrun;DMP 1.5 Supplier Registration - Working on AWS NFT#2082 - Actions#1;
1706279559011;POST https://www.nft.marketplace.team/suppliers/frameworks/g-cloud-14/declaration/edit/authorisation-or-organisation-legal-requirement;/suppliers/frameworks/g-cloud-14/declaration/edit/authorisation-or-organisation-legal-requireme;;localhost:7100;504;0 Assertion failed;60;723;DMP-1.5-Dryrun;DMP 1.5 Supplier Registration - Working on AWS NFT#1917 - Actions#1;
1706279559926;GET https://www.nft.marketplace.team/suppliers;/user/login;;localhost:7100;504;0 Assertion failed;60;723;DMP-1.5-Dryrun;DMP 1.5 Supplier Registration - Working on AWS NFT#2155 - Actions#1;
1706279561315;GET https://www.nft.marketplace.team/suppliers/details;/suppliers/details;;localhost:7100;504;0 Assertion failed;60;723;DMP-1.5-Dryrun;DMP 1.5 Supplier Registration - Working on AWS NFT#1999 - Actions#1;
1706279561364;POST https://www.nft.marketplace.team/suppliers/frameworks/g-cloud-14/declaration/edit/grounds-for-mandatory-exclusion;/suppliers/frameworks/g-cloud-14/declaration/edit/grounds-for-mandatory-exclusion;;localhost:7100;504;0 Assertion failed;60;723;DMP-1.5-Dryrun;DMP 1.5 Supplier Registration - Working on AWS NFT#1577 - Actions#1;
1706279561709;POST https://www.nft.marketplace.team/suppliers/frameworks/g-cloud-14/declaration/edit/what-it-means-to-be-on-g-cloud-14;/suppliers/frameworks/g-cloud-14/declaration/edit/what-it-means-to-be-on-g-cloud-14;;localhost:7100;504;0 Assertion failed;60;723;DMP-1.5-Dryrun;DMP 1.5 Supplier Registration - Working on AWS NFT#1900 - Actions#1;
1706279561724;GET https://www.nft.marketplace.team/suppliers/frameworks/g-cloud-14/declaration/edit/health-and-safety;/suppliers/frameworks/g-cloud-14/declaration/edit/data-protection;/suppliers/frameworks/g-cloud-14/declaration/edit/data-protection;localhost:7100;504;0 Assertion failed;60;723;DMP-1.5-Dryrun;DMP 1.5 Supplier Registration - Working on AWS NFT#1234 - Actions#1;
1706279561917;POST https://www.nft.marketplace.team/suppliers/frameworks/g-cloud-14/declaration/edit/providing-suitable-services;/suppliers/frameworks/g-cloud-14/declaration/edit/providing-suitable-services;;localhost:7100;504;0 Assertion failed;60;723;DMP-1.5-Dryrun;DMP 1.5 Supplier Registration - Working on AWS NFT#1841 - Actions#1;
1706279562024;POST https://www.nft.marketplace.team/suppliers/frameworks/g-cloud-14/declaration/edit/immediate-parent-company;/suppliers/frameworks/g-cloud-14/declaration/edit/immediate-parent-company;;localhost:7100;504;0 Assertion failed;60;723;DMP-1.5-Dryrun;DMP 1.5 Supplier Registration - Working on AWS NFT#1853 - Actions#1;
1706279562068;POST https://www.nft.marketplace.team/suppliers/frameworks/g-cloud-14;/suppliers/frameworks/g-cloud-14;;localhost:7100;504;0 Assertion failed;60;723;DMP-1.5-Dryrun;DMP 1.5 Supplier Registration - Working on AWS NFT#2112 - Actions#1;
1706279562224;GET https://www.nft.marketplace.team/suppliers;/user/login;;localhost:7100;504;0 Assertion failed;60;723;DMP-1.5-Dryrun;DMP 1.5 Supplier Registration - Working on AWS NFT#2158 - Actions#1;
1706279562638;GET https://www.nft.marketplace.team/suppliers/frameworks/g-cloud-14/declaration/edit/immediate-parent-company;/suppliers/frameworks/g-cloud-14/declaration/edit/persons-with-significant-control;/suppliers/frameworks/g-cloud-14/declaration/edit/persons-with-significant-control;localhost:7100;504;0 Assertion failed;60;723;DMP-1.5-Dryrun;DMP 1.5 Supplier Registration - Working on AWS NFT#1822 - Actions#1;
1706279562664;POST https://www.nft.marketplace.team/suppliers/details;/suppliers/details;/suppliers/details;localhost:7100;504;0 Assertion failed;60;723;DMP-1.5-Dryrun;DMP 1.5 Supplier Registration - Working on AWS NFT#2022 - Actions#1;
1706279563146;POST https://www.nft.marketplace.team/suppliers/frameworks/g-cloud-14/declaration/edit/authorisation-or-organisation-legal-requirement;/suppliers/frameworks/g-cloud-14/declaration/edit/authorisation-or-organisation-legal-requireme;;localhost:7100;504;0 Assertion failed;60;723;DMP-1.5-Dryrun;DMP 1.5 Supplier Registration - Working on AWS NFT#1923 - Actions#1;
1706279563308;POST https://www.nft.marketplace.team/suppliers/frameworks/g-cloud-14/declaration/edit/working-with-government;/suppliers/frameworks/g-cloud-14/declaration/edit/working-with-government;;localhost:7100;504;0 Assertion failed;60;723;DMP-1.5-Dryrun;DMP 1.5 Supplier Registration - Working on AWS NFT#1243 - Actions#1;
1706279563925;POST https://www.nft.marketplace.team/suppliers/frameworks/g-cloud-14/declaration/edit/framework-award-form-details;/suppliers/frameworks/g-cloud-14/declaration/edit/framework-award-form-details;;localhost:7100;504;0 Assertion failed;60;723;DMP-1.5-Dryrun;DMP 1.5 Supplier Registration - Working on AWS NFT#1093 - Actions#1;
1706279565859;GET https://www.nft.marketplace.team/suppliers/frameworks/g-cloud-14/submissions/cloud-hosting/281139/edit/secure-development/secure-development;/suppliers/frameworks/g-cloud-14/submissions/cloud-hosting/281140/edit/secure-development/secur;;localhost:7100;504;0 Assertion failed;60;723;DMP-1.5-Dryrun;DMP 1.5 Supplier Registration - Working on AWS NFT#474 - Actions#1;
1706279565894;POST https://www.nft.marketplace.team/suppliers/frameworks/g-cloud-14/declaration/edit/grounds-for-mandatory-exclusion-taxes;/suppliers/frameworks/g-cloud-14/declaration/edit/grounds-for-mandatory-exclusion-taxes;;localhost:7100;504;0 Assertion failed;60;723;DMP-1.5-Dryrun;DMP 1.5 Supplier Registration - Working on AWS NFT#1451 - Actions#1;
1706279569748;GET https://www.nft.marketplace.team/suppliers/frameworks/g-cloud-14;/suppliers/details;/suppliers/details;localhost:7100;504;0 Assertion failed;60;723;DMP-1.5-Dryrun;DMP 1.5 Supplier Registration - Working on AWS NFT#2066 - Actions#1;
1706279569771;POST https://www.nft.marketplace.team/suppliers/frameworks/g-cloud-14/declaration/edit/group-or-consortium;/suppliers/frameworks/g-cloud-14/declaration/edit/group-or-consortium;;localhost:7100;504;0 Assertion failed;60;723;DMP-1.5-Dryrun;DMP 1.5 Supplier Registration - Working on AWS NFT#1697 - Actions#1;
1706279571113;POST https://www.nft.marketplace.team/suppliers/frameworks/g-cloud-14;/suppliers/frameworks/g-cloud-14;;localhost:7100;504;0 Assertion failed;60;723;DMP-1.5-Dryrun;DMP 1.5 Supplier Registration - Working on AWS NFT#2131 - Actions#1;
1706279571759;GET https://www.nft.marketplace.team/suppliers/details;/suppliers/details;;localhost:7100;200;1 Assertion failed;14.6;31914;DMP-1.5-Dryrun;DMP 1.5 Supplier Registration - Working on AWS NFT#2142 - Actions#1;
1706279572039;GET https://www.nft.marketplace.team/suppliers/frameworks/g-cloud-14/declaration/reuse;/suppliers/frameworks/g-cloud-14/declaration/reuse;;localhost:7100;504;0 Assertion failed;60;723;DMP-1.5-Dryrun;DMP 1.5 Supplier Registration - Working on AWS NFT#1970 - Actions#1;
1706279573775;GET https://www.nft.marketplace.team/suppliers/frameworks/g-cloud-14/declaration/edit/authorisation-or-organisation-legal-requirement;/suppliers/frameworks/g-cloud-14/declaration/edit/what-it-means-to-be-on-g-cloud-14;/suppliers/frameworks/g-cloud-14/declaration/edit/what-it-means-to-be-on-g-cloud-14;localhost:7100;504;0 Assertion failed;60;723;DMP-1.5-Dryrun;DMP 1.5 Supplier Registration - Working on AWS NFT#1946 - Actions#1;
1706279574572;GET https://www.nft.marketplace.team/suppliers/frameworks/g-cloud-14/declaration/edit/immediate-parent-company;/suppliers/frameworks/g-cloud-14/declaration/edit/persons-with-significant-control;/suppliers/frameworks/g-cloud-14/declaration/edit/persons-with-significant-control;localhost:7100;504;0 Assertion failed;60;723;DMP-1.5-Dryrun;DMP 1.5 Supplier Registration - Working on AWS NFT#1765 - Actions#1;
1706279575490;POST https://www.nft.marketplace.team/suppliers/frameworks/g-cloud-14/declaration/edit/group-or-consortium;/suppliers/frameworks/g-cloud-14/declaration/edit/group-or-consortium;;localhost:7100;504;0 Assertion failed;60;723;DMP-1.5-Dryrun;DMP 1.5 Supplier Registration - Working on AWS NFT#1604 - Actions#1;
1706279576202;POST https://www.nft.marketplace.team/suppliers/frameworks/g-cloud-14;/suppliers/frameworks/g-cloud-14;;localhost:7100;504;0 Assertion failed;60;723;DMP-1.5-Dryrun;DMP 1.5 Supplier Registration - Working on AWS NFT#2150 - Actions#1;
1706279576388;GET https://www.nft.marketplace.team/suppliers/frameworks/g-cloud-14/declaration/reuse;/suppliers/frameworks/g-cloud-14/declaration/reuse;;localhost:7100;504;0 Assertion failed;60;723;DMP-1.5-Dryrun;DMP 1.5 Supplier Registration - Working on AWS NFT#1979 - Actions#1;
1706279576408;POST https://www.nft.marketplace.team/suppliers/frameworks/g-cloud-14/submissions/cloud-hosting/281187/edit/operational-security/incident-management-type;/suppliers/frameworks/g-cloud-14/submissions/cloud-hosting/281140/edit/operational-security/inc;;localhost:7100;504;0 Assertion failed;60;723;DMP-1.5-Dryrun;DMP 1.5 Supplier Registration - Working on AWS NFT#339 - Actions#1;
1706279576418;GET https://www.nft.marketplace.team/suppliers/details;/suppliers/details;;localhost:7100;504;0 Assertion failed;60;761;DMP-1.5-Dryrun;DMP 1.5 Supplier Registration - Working on AWS NFT#2136 - Actions#1;
1706279576554;GET https://www.nft.marketplace.team/suppliers/frameworks/g-cloud-14/declaration/edit/value-added-tax;/suppliers/frameworks/g-cloud-14/declaration/edit/working-with-government;/suppliers/frameworks/g-cloud-14/declaration/edit/working-with-government;localhost:7100;504;0 Assertion failed;60;723;DMP-1.5-Dryrun;DMP 1.5 Supplier Registration - Working on AWS NFT#1231 - Actions#1;
1706279577166;GET https://www.nft.marketplace.team/suppliers/frameworks/g-cloud-14;/suppliers/details;/suppliers/details;localhost:7100;504;0 Assertion failed;60;723;DMP-1.5-Dryrun;DMP 1.5 Supplier Registration - Working on AWS NFT#2058 - Actions#1;
1706279577210;GET https://www.nft.marketplace.team/suppliers/frameworks/g-cloud-14;/suppliers/details;/suppliers/details;localhost:7100;504;0 Assertion failed;60;723;DMP-1.5-Dryrun;DMP 1.5 Supplier Registration - Working on AWS NFT#2027 - Actions#1;
1706279577576;POST https://www.nft.marketplace.team/suppliers/frameworks/g-cloud-14;/suppliers/frameworks/g-cloud-14;;localhost:7100;504;0 Assertion failed;60;723;DMP-1.5-Dryrun;DMP 1.5 Supplier Registration - Working on AWS NFT#2145 - Actions#1;
1706279577594;GET https://www.nft.marketplace.team/suppliers/frameworks/g-cloud-14;/suppliers/details;/suppliers/details;localhost:7100;504;0 Assertion failed;60;723;DMP-1.5-Dryrun;DMP 1.5 Supplier Registration - Working on AWS NFT#2023 - Actions#1;
1706279577654;GET https://www.nft.marketplace.team/suppliers/details;/suppliers/details;;localhost:7100;504;0 Assertion failed;60;723;DMP-1.5-Dryrun;DMP 1.5 Supplier Registration - Working on AWS NFT#2059 - Actions#1;
1706279577853;POST https://www.nft.marketplace.team/suppliers/frameworks/g-cloud-14;/suppliers/frameworks/g-cloud-14;;localhost:7100;504;0 Assertion failed;60.1;723;DMP-1.5-Dryrun;DMP 1.5 Supplier Registration - Working on AWS NFT#2109 - Actions#1;
1706279578029;GET https://www.nft.marketplace.team/suppliers/frameworks/g-cloud-14/declaration/edit/persons-with-significant-control;/suppliers/frameworks/g-cloud-14/declaration/edit/authorisation-or-organisation-legal-requireme;/suppliers/frameworks/g-cloud-14/declaration/edit/authorisation-or-organisation-legal-requirement;localhost:7100;504;0 Assertion failed;60;761;DMP-1.5-Dryrun;DMP 1.5 Supplier Registration - Working on AWS NFT#1821 - Actions#1;
1706279578714;POST https://www.nft.marketplace.team/suppliers/frameworks/g-cloud-14/declaration/edit/ultimate-parent-company;/suppliers/frameworks/g-cloud-14/declaration/edit/ultimate-parent-company;;localhost:7100;504;0 Assertion failed;60;723;DMP-1.5-Dryrun;DMP 1.5 Supplier Registration - Working on AWS NFT#1540 - Actions#1;
1706279579084;POST https://www.nft.marketplace.team/suppliers/frameworks/g-cloud-14;/suppliers/frameworks/g-cloud-14;;localhost:7100;504;0 Assertion failed;60;723;DMP-1.5-Dryrun;DMP 1.5 Supplier Registration - Working on AWS NFT#2115 - Actions#1;
1706279579091;GET https://www.nft.marketplace.team/suppliers/frameworks/g-cloud-14/declaration/start;/suppliers/frameworks/g-cloud-14/declaration/start;;localhost:7100;504;0 Assertion failed;60;723;DMP-1.5-Dryrun;DMP 1.5 Supplier Registration - Working on AWS NFT#2028 - Actions#1;
1706279579880;GET https://www.nft.marketplace.team/suppliers/frameworks/g-cloud-14/declaration/edit/group-or-consortium;/suppliers/frameworks/g-cloud-14/declaration/edit/ultimate-parent-company;/suppliers/frameworks/g-cloud-14/declaration/edit/ultimate-parent-company;localhost:7100;504;0 Assertion failed;60;723;DMP-1.5-Dryrun;DMP 1.5 Supplier Registration - Working on AWS NFT#1657 - Actions#1;
1706279580080;POST https://www.nft.marketplace.team/suppliers/details;/suppliers/details;/suppliers/details;localhost:7100;504;0 Assertion failed;60;723;DMP-1.5-Dryrun;DMP 1.5 Supplier Registration - Working on AWS NFT#2062 - Actions#1;
1706279580281;GET https://www.nft.marketplace.team/suppliers/frameworks/g-cloud-14;/suppliers/details;/suppliers/details;localhost:7100;504;0 Assertion failed;60;723;DMP-1.5-Dryrun;DMP 1.5 Supplier Registration - Working on AWS NFT#2030 - Actions#1;
1706279580352;POST https://www.nft.marketplace.team/suppliers/frameworks/g-cloud-14/declaration/edit/ultimate-parent-company;/suppliers/frameworks/g-cloud-14/declaration/edit/ultimate-parent-company;;localhost:7100;504;0 Assertion failed;60;761;DMP-1.5-Dryrun;DMP 1.5 Supplier Registration - Working on AWS NFT#1622 - Actions#1;
1706279580445;POST https://www.nft.marketplace.team/suppliers/details;/suppliers/details;/suppliers/details;localhost:7100;504;0 Assertion failed;60;761;DMP-1.5-Dryrun;DMP 1.5 Supplier Registration - Working on AWS NFT#2042 - Actions#1;
1706279580672;POST https://www.nft.marketplace.team/suppliers/details;/suppliers/details;/suppliers/details;localhost:7100;504;0 Assertion failed;60;723;DMP-1.5-Dryrun;DMP 1.5 Supplier Registration - Working on AWS NFT#2072 - Actions#1;
1706279580896;GET https://www.nft.marketplace.team/suppliers/details;/suppliers/details;;localhost:7100;504;0 Assertion failed;60;723;DMP-1.5-Dryrun;DMP 1.5 Supplier Registration - Working on AWS NFT#2099 - Actions#1;
1706279581010;POST https://www.nft.marketplace.team/suppliers/frameworks/g-cloud-14/declaration/edit/ultimate-parent-company;/suppliers/frameworks/g-cloud-14/declaration/edit/ultimate-parent-company;;localhost:7100;504;0 Assertion failed;60;723;DMP-1.5-Dryrun;DMP 1.5 Supplier Registration - Working on AWS NFT#1720 - Actions#1;
1706279583143;GET https://www.nft.marketplace.team/suppliers/frameworks/g-cloud-14/declaration/edit/immediate-parent-company;/suppliers/frameworks/g-cloud-14/declaration/edit/persons-with-significant-control;/suppliers/frameworks/g-cloud-14/declaration/edit/persons-with-significant-control;localhost:7100;504;0 Assertion failed;60;723;DMP-1.5-Dryrun;DMP 1.5 Supplier Registration - Working on AWS NFT#1809 - Actions#1;
1706279583215;POST https://www.nft.marketplace.team/suppliers/frameworks/g-cloud-14;/suppliers/frameworks/g-cloud-14;;localhost:7100;504;0 Assertion failed;60;723;DMP-1.5-Dryrun;DMP 1.5 Supplier Registration - Working on AWS NFT#2149 - Actions#1;
1706279584538;POST https://www.nft.marketplace.team/suppliers/frameworks/g-cloud-14;/suppliers/frameworks/g-cloud-14;;localhost:7100;504;0 Assertion failed;60;723;DMP-1.5-Dryrun;DMP 1.5 Supplier Registration - Working on AWS NFT#2146 - Actions#1;
1706279584757;POST https://www.nft.marketplace.team/suppliers/frameworks/g-cloud-14/declaration/edit/immediate-parent-company;/suppliers/frameworks/g-cloud-14/declaration/edit/immediate-parent-company;;localhost:7100;504;0 Assertion failed;60;723;DMP-1.5-Dryrun;DMP 1.5 Supplier Registration - Working on AWS NFT#1812 - Actions#1;
1706279584913;GET https://www.nft.marketplace.team/suppliers/frameworks/g-cloud-14/declaration/edit/what-it-means-to-be-on-g-cloud-14;/suppliers/frameworks/g-cloud-14/declaration/edit/providing-suitable-services;/suppliers/frameworks/g-cloud-14/declaration/edit/providing-suitable-services;localhost:7100;504;0 Assertion failed;60;761;DMP-1.5-Dryrun;DMP 1.5 Supplier Registration - Working on AWS NFT#1919 - Actions#1;
1706279585265;POST https://www.nft.marketplace.team/suppliers/frameworks/g-cloud-14/declaration/edit/grounds-for-mandatory-exclusion;/suppliers/frameworks/g-cloud-14/declaration/edit/grounds-for-mandatory-exclusion;;localhost:7100;504;0 Assertion failed;60;761;DMP-1.5-Dryrun;DMP 1.5 Supplier Registration - Working on AWS NFT#1602 - Actions#1;
1706279586003;GET https://www.nft.marketplace.team/suppliers/frameworks/g-cloud-14/declaration/edit/immediate-parent-company;/suppliers/frameworks/g-cloud-14/declaration/edit/persons-with-significant-control;/suppliers/frameworks/g-cloud-14/declaration/edit/persons-with-significant-control;localhost:7100;504;0 Assertion failed;60;723;DMP-1.5-Dryrun;DMP 1.5 Supplier Registration - Working on AWS NFT#1792 - Actions#1;
1706279586261;POST https://www.nft.marketplace.team/suppliers/frameworks/g-cloud-14/declaration/edit/authorisation-or-organisation-legal-requirement;/suppliers/frameworks/g-cloud-14/declaration/edit/authorisation-or-organisation-legal-requireme;;localhost:7100;504;0 Assertion failed;60;723;DMP-1.5-Dryrun;DMP 1.5 Supplier Registration - Working on AWS NFT#1928 - Actions#1;
1706279586796;GET https://www.nft.marketplace.team/suppliers/frameworks/g-cloud-14/declaration/start;/suppliers/frameworks/g-cloud-14/declaration/start;;localhost:7100;504;0 Assertion failed;60;723;DMP-1.5-Dryrun;DMP 1.5 Supplier Registration - Working on AWS NFT#2002 - Actions#1;
1706279587420;POST https://www.nft.marketplace.team/suppliers/frameworks/g-cloud-14/declaration/edit/persons-with-significant-control;/suppliers/frameworks/g-cloud-14/declaration/edit/persons-with-significant-control;;localhost:7100;504;0 Assertion failed;60;761;DMP-1.5-Dryrun;DMP 1.5 Supplier Registration - Working on AWS NFT#1832 - Actions#1;
1706279587484;POST https://www.nft.marketplace.team/suppliers/frameworks/g-cloud-14;/suppliers/frameworks/g-cloud-14;;localhost:7100;504;0 Assertion failed;60;723;DMP-1.5-Dryrun;DMP 1.5 Supplier Registration - Working on AWS NFT#2181 - Actions#1;
1706279587859;GET https://www.nft.marketplace.team/suppliers/frameworks/g-cloud-14/declaration/edit/grounds-for-discretionary-exclusion;/suppliers/frameworks/g-cloud-14/declaration/edit/grounds-for-mandatory-exclusion-taxes;/suppliers/frameworks/g-cloud-14/declaration/edit/grounds-for-mandatory-exclusion-taxes;localhost:7100;504;0 Assertion failed;60;723;DMP-1.5-Dryrun;DMP 1.5 Supplier Registration - Working on AWS NFT#1406 - Actions#1;
1706279587920;GET https://www.nft.marketplace.team/suppliers/frameworks/g-cloud-14;/suppliers/details;/suppliers/details;localhost:7100;504;0 Assertion failed;60;723;DMP-1.5-Dryrun;DMP 1.5 Supplier Registration - Working on AWS NFT#2043 - Actions#1;
1706279588467;GET https://www.nft.marketplace.team/suppliers/frameworks/g-cloud-14/declaration;/suppliers/frameworks/g-cloud-14/declaration/edit/contact-details;/suppliers/frameworks/g-cloud-14/declaration/edit/contact-details;localhost:7100;504;0 Assertion failed;60;723;DMP-1.5-Dryrun;DMP 1.5 Supplier Registration - Working on AWS NFT#1021 - Actions#1;
1706279589218;GET https://www.nft.marketplace.team/suppliers/frameworks/g-cloud-14/declaration/start;/suppliers/frameworks/g-cloud-14/declaration/start;;localhost:7100;504;0 Assertion failed;60;723;DMP-1.5-Dryrun;DMP 1.5 Supplier Registration - Working on AWS NFT#2010 - Actions#1;
1706279589742;POST https://www.nft.marketplace.team/suppliers/frameworks/g-cloud-14;/suppliers/frameworks/g-cloud-14;;localhost:7100;504;0 Assertion failed;60;723;DMP-1.5-Dryrun;DMP 1.5 Supplier Registration - Working on AWS NFT#2157 - Actions#1;
1706279590232;POST https://www.nft.marketplace.team/suppliers/frameworks/g-cloud-14/declaration/edit/group-or-consortium;/suppliers/frameworks/g-cloud-14/declaration/edit/group-or-consortium;;localhost:7100;504;0 Assertion failed;60;723;DMP-1.5-Dryrun;DMP 1.5 Supplier Registration - Working on AWS NFT#1629 - Actions#1;
1706279590692;POST https://www.nft.marketplace.team/suppliers/frameworks/g-cloud-14/declaration/edit/ultimate-parent-company;/suppliers/frameworks/g-cloud-14/declaration/edit/ultimate-parent-company;;localhost:7100;504;0 Assertion failed;60;761;DMP-1.5-Dryrun;DMP 1.5 Supplier Registration - Working on AWS NFT#1737 - Actions#1;
1706279590721;GET https://www.nft.marketplace.team/suppliers/frameworks/g-cloud-14/declaration/edit/authorisation-or-organisation-legal-requirement;/suppliers/frameworks/g-cloud-14/declaration/edit/what-it-means-to-be-on-g-cloud-14;/suppliers/frameworks/g-cloud-14/declaration/edit/what-it-means-to-be-on-g-cloud-14;localhost:7100;504;0 Assertion failed;60;761;DMP-1.5-Dryrun;DMP 1.5 Supplier Registration - Working on AWS NFT#1938 - Actions#1;
1706279591179;GET https://www.nft.marketplace.team/suppliers/frameworks/g-cloud-14/declaration/edit/modern-slavery;/suppliers/frameworks/g-cloud-14/declaration/edit/grounds-for-discretionary-exclusion;/suppliers/frameworks/g-cloud-14/declaration/edit/grounds-for-discretionary-exclusion;localhost:7100;504;0 Assertion failed;60;723;DMP-1.5-Dryrun;DMP 1.5 Supplier Registration - Working on AWS NFT#201 - Actions#2;
1706279591379;GET https://www.nft.marketplace.team/suppliers/details;/suppliers/details;;localhost:7100;504;0 Assertion failed;60;723;DMP-1.5-Dryrun;DMP 1.5 Supplier Registration - Working on AWS NFT#2083 - Actions#1;
1706279591660;GET https://www.nft.marketplace.team/suppliers/frameworks/g-cloud-14/declaration/edit/persons-with-significant-control;/suppliers/frameworks/g-cloud-14/declaration/edit/authorisation-or-organisation-legal-requireme;/suppliers/frameworks/g-cloud-14/declaration/edit/authorisation-or-organisation-legal-requirement;localhost:7100;504;0 Assertion failed;60;723;DMP-1.5-Dryrun;DMP 1.5 Supplier Registration - Working on AWS NFT#1835 - Actions#1;
1706279592916;POST https://www.nft.marketplace.team/suppliers/frameworks/g-cloud-14/declaration/edit/ultimate-parent-company;/suppliers/frameworks/g-cloud-14/declaration/edit/ultimate-parent-company;;localhost:7100;504;0 Assertion failed;60;723;DMP-1.5-Dryrun;DMP 1.5 Supplier Registration - Working on AWS NFT#1537 - Actions#1;
1706279594259;POST https://www.nft.marketplace.team/suppliers/frameworks/g-cloud-14/declaration/edit/persons-with-significant-control;/suppliers/frameworks/g-cloud-14/declaration/edit/persons-with-significant-control;;localhost:7100;504;0 Assertion failed;60;723;DMP-1.5-Dryrun;DMP 1.5 Supplier Registration - Working on AWS NFT#1839 - Actions#1;
1706279594326;GET https://www.nft.marketplace.team/suppliers/frameworks/g-cloud-14;/suppliers/details;/suppliers/details;localhost:7100;504;0 Assertion failed;60;723;DMP-1.5-Dryrun;DMP 1.5 Supplier Registration - Working on AWS NFT#2053 - Actions#1;
1706279594449;GET https://www.nft.marketplace.team/suppliers/frameworks/g-cloud-14/declaration/edit/key-subcontractors;/suppliers/frameworks/g-cloud-14/declaration/edit/group-or-consortium;/suppliers/frameworks/g-cloud-14/declaration/edit/group-or-consortium;localhost:7100;504;0 Assertion failed;60;723;DMP-1.5-Dryrun;DMP 1.5 Supplier Registration - Working on AWS NFT#1684 - Actions#1;
1706279594715;POST https://www.nft.marketplace.team/suppliers/frameworks/g-cloud-14/declaration/edit/what-it-means-to-be-on-g-cloud-14;/suppliers/frameworks/g-cloud-14/declaration/edit/what-it-means-to-be-on-g-cloud-14;;localhost:7100;504;0 Assertion failed;60;723;DMP-1.5-Dryrun;DMP 1.5 Supplier Registration - Working on AWS NFT#1862 - Actions#1;
1706279595410;GET https://www.nft.marketplace.team/suppliers/frameworks/g-cloud-14/declaration/edit/ultimate-parent-company;/suppliers/frameworks/g-cloud-14/declaration/edit/immediate-parent-company;/suppliers/frameworks/g-cloud-14/declaration/edit/immediate-parent-company;localhost:7100;504;0 Assertion failed;60;723;DMP-1.5-Dryrun;DMP 1.5 Supplier Registration - Working on AWS NFT#1754 - Actions#1;
1706279595411;GET https://www.nft.marketplace.team/suppliers/frameworks/g-cloud-14/declaration/edit/providing-suitable-services;/suppliers/frameworks/g-cloud-14/declaration/edit/providing-suitable-services;;localhost:7100;504;0 Assertion failed;60;723;DMP-1.5-Dryrun;DMP 1.5 Supplier Registration - Working on AWS NFT#1962 - Actions#1;
1706279595421;POST https://www.nft.marketplace.team/suppliers/details;/suppliers/details;/suppliers/details;localhost:7100;504;0 Assertion failed;60;723;DMP-1.5-Dryrun;DMP 1.5 Supplier Registration - Working on AWS NFT#1984 - Actions#1;
1706279595751;POST https://www.nft.marketplace.team/suppliers/frameworks/g-cloud-14;/suppliers/frameworks/g-cloud-14;;localhost:7100;504;0 Assertion failed;60;723;DMP-1.5-Dryrun;DMP 1.5 Supplier Registration - Working on AWS NFT#2167 - Actions#1;
1706279596014;POST https://www.nft.marketplace.team/suppliers/frameworks/g-cloud-14/declaration/edit/key-subcontractors;/suppliers/frameworks/g-cloud-14/declaration/edit/key-subcontractors;;localhost:7100;504;0 Assertion failed;60;723;DMP-1.5-Dryrun;DMP 1.5 Supplier Registration - Working on AWS NFT#207 - Actions#2;
1706279597195;POST https://www.nft.marketplace.team/suppliers/frameworks/g-cloud-14/declaration/edit/group-or-consortium;/suppliers/frameworks/g-cloud-14/declaration/edit/group-or-consortium;;localhost:7100;504;0 Assertion failed;60;723;DMP-1.5-Dryrun;DMP 1.5 Supplier Registration - Working on AWS NFT#1656 - Actions#1;
1706279598326;POST https://www.nft.marketplace.team/suppliers/frameworks/g-cloud-14/submissions/cloud-hosting/281338/edit/service-scope/system-requirements;/suppliers/frameworks/g-cloud-14/submissions/cloud-hosting/281140/edit/service-scope/system-req;;localhost:7100;504;0 Assertion failed;60;723;DMP-1.5-Dryrun;DMP 1.5 Supplier Registration - Working on AWS NFT#867 - Actions#1;
1706279598901;GET https://www.nft.marketplace.team/suppliers/details;/suppliers/details;;localhost:7100;504;0 Assertion failed;60;723;DMP-1.5-Dryrun;DMP 1.5 Supplier Registration - Working on AWS NFT#2091 - Actions#1;
1706279599016;GET https://www.nft.marketplace.team/suppliers/details;/suppliers/details;;localhost:7100;504;0 Assertion failed;60;723;DMP-1.5-Dryrun;DMP 1.5 Supplier Registration - Working on AWS NFT#2017 - Actions#1;
1706279601174;GET https://www.nft.marketplace.team/suppliers/frameworks/g-cloud-14/submissions/cloud-hosting/281341;/suppliers/frameworks/g-cloud-14/submissions/cloud-hosting/281140/edit/service-features-and-ben;/suppliers/frameworks/g-cloud-14/submissions/cloud-hosting/${pServiceId}/edit/service-features-and-benefits/service-features-and-benefits;localhost:7100;504;0 Assertion failed;60;723;DMP-1.5-Dryrun;DMP 1.5 Supplier Registration - Working on AWS NFT#693 - Actions#1;
1706279603827;POST https://www.nft.marketplace.team/suppliers/frameworks/g-cloud-14;/suppliers/frameworks/g-cloud-14;;localhost:7100;504;0 Assertion failed;60;723;DMP-1.5-Dryrun;DMP 1.5 Supplier Registration - Working on AWS NFT#2173 - Actions#1;
1706279604280;POST https://www.nft.marketplace.team/suppliers/frameworks/g-cloud-14/declaration;/suppliers/frameworks/g-cloud-14/declaration;/suppliers/frameworks/g-cloud-14/declaration;localhost:7100;504;0 Assertion failed;60;723;DMP-1.5-Dryrun;DMP 1.5 Supplier Registration - Working on AWS NFT#1135 - Actions#1;
1706279604941;POST https://www.nft.marketplace.team/suppliers/frameworks/g-cloud-14/declaration/edit/immediate-parent-company;/suppliers/frameworks/g-cloud-14/declaration/edit/immediate-parent-company;;localhost:7100;504;0 Assertion failed;60;723;DMP-1.5-Dryrun;DMP 1.5 Supplier Registration - Working on AWS NFT#1907 - Actions#1;
1706279606118;POST https://www.nft.marketplace.team/suppliers/frameworks/g-cloud-14/declaration/edit/what-it-means-to-be-on-g-cloud-14;/suppliers/frameworks/g-cloud-14/declaration/edit/what-it-means-to-be-on-g-cloud-14;;localhost:7100;504;0 Assertion failed;60;723;DMP-1.5-Dryrun;DMP 1.5 Supplier Registration - Working on AWS NFT#1880 - Actions#1;
1706279606467;POST https://www.nft.marketplace.team/suppliers/frameworks/g-cloud-14/declaration/edit/what-it-means-to-be-on-g-cloud-14;/suppliers/frameworks/g-cloud-14/declaration/edit/what-it-means-to-be-on-g-cloud-14;;localhost:7100;504;0 Assertion failed;60;723;DMP-1.5-Dryrun;DMP 1.5 Supplier Registration - Working on AWS NFT#1898 - Actions#1;
1706279607080;GET https://www.nft.marketplace.team/suppliers;/user/login;;localhost:7100;504;0 Assertion failed;60;723;DMP-1.5-Dryrun;DMP 1.5 Supplier Registration - Working on AWS NFT#244 - Actions#2;
1706279607832;GET https://www.nft.marketplace.team/suppliers/frameworks/g-cloud-14/declaration/reuse;/suppliers/frameworks/g-cloud-14/declaration/reuse;;localhost:7100;504;0 Assertion failed;60;723;DMP-1.5-Dryrun;DMP 1.5 Supplier Registration - Working on AWS NFT#232 - Actions#2;
1706279609253;GET https://www.nft.marketplace.team/suppliers/frameworks/g-cloud-14/declaration/start;/suppliers/frameworks/g-cloud-14/declaration/start;;localhost:7100;504;0 Assertion failed;60;723;DMP-1.5-Dryrun;DMP 1.5 Supplier Registration - Working on AWS NFT#2009 - Actions#1;
1706279609301;GET https://www.nft.marketplace.team/suppliers/frameworks/g-cloud-14/declaration/edit/working-with-government;/suppliers/frameworks/g-cloud-14/declaration/edit/economic-and-financial-standing;/suppliers/frameworks/g-cloud-14/declaration/edit/economic-and-financial-standing;localhost:7100;504;0 Assertion failed;60;723;DMP-1.5-Dryrun;DMP 1.5 Supplier Registration - Working on AWS NFT#1364 - Actions#1;
1706279609386;POST https://www.nft.marketplace.team/suppliers/frameworks/g-cloud-14/declaration/edit/key-subcontractors;/suppliers/frameworks/g-cloud-14/declaration/edit/key-subcontractors;;localhost:7100;504;0 Assertion failed;60;723;DMP-1.5-Dryrun;DMP 1.5 Supplier Registration - Working on AWS NFT#1690 - Actions#1;
1706279609454;POST https://www.nft.marketplace.team/suppliers/frameworks/g-cloud-14/declaration/edit/immediate-parent-company;/suppliers/frameworks/g-cloud-14/declaration/edit/immediate-parent-company;;localhost:7100;504;0 Assertion failed;60;761;DMP-1.5-Dryrun;DMP 1.5 Supplier Registration - Working on AWS NFT#1831 - Actions#1;
1706279609933;POST https://www.nft.marketplace.team/suppliers/frameworks/g-cloud-14/declaration/edit/grounds-for-discretionary-exclusion;/suppliers/frameworks/g-cloud-14/declaration/edit/grounds-for-discretionary-exclusion;;localhost:7100;504;0 Assertion failed;60;761;DMP-1.5-Dryrun;DMP 1.5 Supplier Registration - Working on AWS NFT#1426 - Actions#1;
1706279610847;POST https://www.nft.marketplace.team/suppliers/frameworks/g-cloud-14/declaration/edit/providing-suitable-services;/suppliers/frameworks/g-cloud-14/declaration/edit/providing-suitable-services;;localhost:7100;504;0 Assertion failed;60;723;DMP-1.5-Dryrun;DMP 1.5 Supplier Registration - Working on AWS NFT#1997 - Actions#1;
1706279611484;POST https://www.nft.marketplace.team/suppliers/frameworks/g-cloud-14/declaration/edit/group-or-consortium;/suppliers/frameworks/g-cloud-14/declaration/edit/group-or-consortium;;localhost:7100;504;0 Assertion failed;60;723;DMP-1.5-Dryrun;DMP 1.5 Supplier Registration - Working on AWS NFT#1658 - Actions#1;
1706279611508;GET https://www.nft.marketplace.team/suppliers/frameworks/g-cloud-14;/suppliers/details;/suppliers/details;localhost:7100;504;0 Assertion failed;60;761;DMP-1.5-Dryrun;DMP 1.5 Supplier Registration - Working on AWS NFT#2012 - Actions#1;
1706279611960;POST https://www.nft.marketplace.team/suppliers/frameworks/g-cloud-14/declaration/edit/what-it-means-to-be-on-g-cloud-14;/suppliers/frameworks/g-cloud-14/declaration/edit/what-it-means-to-be-on-g-cloud-14;;localhost:7100;504;0 Assertion failed;60;761;DMP-1.5-Dryrun;DMP 1.5 Supplier Registration - Working on AWS NFT#1905 - Actions#1;
1706279612866;POST https://www.nft.marketplace.team/suppliers/frameworks/g-cloud-14/declaration/edit/key-subcontractors;/suppliers/frameworks/g-cloud-14/declaration/edit/key-subcontractors;;localhost:7100;504;0 Assertion failed;60;723;DMP-1.5-Dryrun;DMP 1.5 Supplier Registration - Working on AWS NFT#1734 - Actions#1;
1706279614451;POST https://www.nft.marketplace.team/suppliers/frameworks/g-cloud-14/declaration/edit/key-subcontractors;/suppliers/frameworks/g-cloud-14/declaration/edit/key-subcontractors;;localhost:7100;504;0 Assertion failed;60;723;DMP-1.5-Dryrun;DMP 1.5 Supplier Registration - Working on AWS NFT#1688 - Actions#1;
1706279615066;POST https://www.nft.marketplace.team/suppliers/frameworks/g-cloud-14/declaration/edit/group-or-consortium;/suppliers/frameworks/g-cloud-14/declaration/edit/group-or-consortium;;localhost:7100;504;0 Assertion failed;60;723;DMP-1.5-Dryrun;DMP 1.5 Supplier Registration - Working on AWS NFT#1702 - Actions#1;
1706279615074;GET https://www.nft.marketplace.team/suppliers/frameworks/g-cloud-14;/suppliers/frameworks/g-cloud-14/declaration;/suppliers/frameworks/g-cloud-14/declaration;localhost:7100;504;0 Assertion failed;60;723;DMP-1.5-Dryrun;DMP 1.5 Supplier Registration - Working on AWS NFT#1196 - Actions#1;
1706279616464;GET https://www.nft.marketplace.team/suppliers/frameworks/g-cloud-14/declaration/edit/grounds-for-mandatory-exclusion;/suppliers/frameworks/g-cloud-14/declaration/edit/key-subcontractors;/suppliers/frameworks/g-cloud-14/declaration/edit/key-subcontractors;localhost:7100;504;0 Assertion failed;60;761;DMP-1.5-Dryrun;DMP 1.5 Supplier Registration - Working on AWS NFT#1633 - Actions#1;
1706279617235;POST https://www.nft.marketplace.team/suppliers/details;/suppliers/details;/suppliers/details;localhost:7100;504;0 Assertion failed;60;761;DMP-1.5-Dryrun;DMP 1.5 Supplier Registration - Working on AWS NFT#2166 - Actions#1;
1706279617484;GET https://www.nft.marketplace.team/suppliers/frameworks/g-cloud-14;/suppliers/details;/suppliers/details;localhost:7100;504;0 Assertion failed;60;723;DMP-1.5-Dryrun;DMP 1.5 Supplier Registration - Working on AWS NFT#2116 - Actions#1;
1706279618979;GET https://www.nft.marketplace.team/suppliers/frameworks/g-cloud-14/declaration/edit/immediate-parent-company;/suppliers/frameworks/g-cloud-14/declaration/edit/persons-with-significant-control;/suppliers/frameworks/g-cloud-14/declaration/edit/persons-with-significant-control;localhost:7100;504;0 Assertion failed;60;723;DMP-1.5-Dryrun;DMP 1.5 Supplier Registration - Working on AWS NFT#1819 - Actions#1;
1706279619497;POST https://www.nft.marketplace.team/suppliers/frameworks/g-cloud-14/submissions/cloud-hosting/281324/edit/user-support/phone-support;/suppliers/frameworks/g-cloud-14/submissions/cloud-hosting/281140/edit/user-support/phone-suppo;;localhost:7100;504;0 Assertion failed;60;723;DMP-1.5-Dryrun;DMP 1.5 Supplier Registration - Working on AWS NFT#668 - Actions#1;
1706279619776;POST https://www.nft.marketplace.team/suppliers/frameworks/g-cloud-14/declaration/edit/authorisation-or-organisation-legal-requirement;/suppliers/frameworks/g-cloud-14/declaration/edit/authorisation-or-organisation-legal-requireme;;localhost:7100;504;0 Assertion failed;60;761;DMP-1.5-Dryrun;DMP 1.5 Supplier Registration - Working on AWS NFT#1842 - Actions#1;
1706279619820;POST https://www.nft.marketplace.team/suppliers/details;/suppliers/details;/suppliers/details;localhost:7100;504;0 Assertion failed;60;761;DMP-1.5-Dryrun;DMP 1.5 Supplier Registration - Working on AWS NFT#2103 - Actions#1;
1706279620443;GET https://www.nft.marketplace.team/suppliers/frameworks/g-cloud-14/declaration/start;/suppliers/frameworks/g-cloud-14/declaration/start;;localhost:7100;504;0 Assertion failed;60;723;DMP-1.5-Dryrun;DMP 1.5 Supplier Registration - Working on AWS NFT#2075 - Actions#1;
1706279622209;GET https://www.nft.marketplace.team/suppliers/frameworks/g-cloud-14/declaration/start;/suppliers/frameworks/g-cloud-14/declaration/start;;localhost:7100;504;0 Assertion failed;60;723;DMP-1.5-Dryrun;DMP 1.5 Supplier Registration - Working on AWS NFT#2057 - Actions#1;
1706279622661;POST https://www.nft.marketplace.team/suppliers/frameworks/g-cloud-14/declaration/edit/grounds-for-discretionary-exclusion;/suppliers/frameworks/g-cloud-14/declaration/edit/grounds-for-discretionary-exclusion;;localhost:7100;504;0 Assertion failed;60;723;DMP-1.5-Dryrun;DMP 1.5 Supplier Registration - Working on AWS NFT#1566 - Actions#1;
1706279624344;POST https://www.nft.marketplace.team/suppliers/frameworks/g-cloud-14;/suppliers/frameworks/g-cloud-14;;localhost:7100;504;0 Assertion failed;60;723;DMP-1.5-Dryrun;DMP 1.5 Supplier Registration - Working on AWS NFT#48 - Actions#2;
1706279624377;GET https://www.nft.marketplace.team/suppliers;/user/login;;localhost:7100;504;0 Assertion failed;60;723;DMP-1.5-Dryrun;DMP 1.5 Supplier Registration - Working on AWS NFT#2193 - Actions#1;
1706279625466;POST https://www.nft.marketplace.team/suppliers/details;/suppliers/details;/suppliers/details;localhost:7100;504;0 Assertion failed;60;723;DMP-1.5-Dryrun;DMP 1.5 Supplier Registration - Working on AWS NFT#2130 - Actions#1;
1706279626250;POST https://www.nft.marketplace.team/suppliers/details;/suppliers/details;/suppliers/details;localhost:7100;504;0 Assertion failed;60;723;DMP-1.5-Dryrun;DMP 1.5 Supplier Registration - Working on AWS NFT#2152 - Actions#1;
1706279626326;GET https://www.nft.marketplace.team/suppliers;/user/login;;localhost:7100;504;0 Assertion failed;60;723;DMP-1.5-Dryrun;DMP 1.5 Supplier Registration - Working on AWS NFT#2196 - Actions#1;
1706279626374;GET https://www.nft.marketplace.team/suppliers/frameworks/g-cloud-14/declaration/edit/working-with-government;/suppliers/frameworks/g-cloud-14/declaration/edit/economic-and-financial-standing;/suppliers/frameworks/g-cloud-14/declaration/edit/economic-and-financial-standing;localhost:7100;504;0 Assertion failed;60;723;DMP-1.5-Dryrun;DMP 1.5 Supplier Registration - Working on AWS NFT#1509 - Actions#1;
1706279627282;GET https://www.nft.marketplace.team/suppliers/frameworks/g-cloud-14/declaration/edit/what-it-means-to-be-on-g-cloud-14;/suppliers/frameworks/g-cloud-14/declaration/edit/providing-suitable-services;/suppliers/frameworks/g-cloud-14/declaration/edit/providing-suitable-services;localhost:7100;504;0 Assertion failed;60;723;DMP-1.5-Dryrun;DMP 1.5 Supplier Registration - Working on AWS NFT#1983 - Actions#1;
1706279629341;POST https://www.nft.marketplace.team/suppliers/frameworks/g-cloud-14/declaration/edit/what-it-means-to-be-on-g-cloud-14;/suppliers/frameworks/g-cloud-14/declaration/edit/what-it-means-to-be-on-g-cloud-14;;localhost:7100;504;0 Assertion failed;60;761;DMP-1.5-Dryrun;DMP 1.5 Supplier Registration - Working on AWS NFT#1933 - Actions#1;
1706279629811;POST https://www.nft.marketplace.team/suppliers/frameworks/g-cloud-14/declaration/edit/contracts-finder;/suppliers/frameworks/g-cloud-14/declaration/edit/contracts-finder;;localhost:7100;504;0 Assertion failed;60;723;DMP-1.5-Dryrun;DMP 1.5 Supplier Registration - Working on AWS NFT#177 - Actions#2;
1706279630757;GET https://www.nft.marketplace.team/suppliers/frameworks/g-cloud-14/declaration/reuse;/suppliers/frameworks/g-cloud-14/declaration/reuse;;localhost:7100;504;0 Assertion failed;60;723;DMP-1.5-Dryrun;DMP 1.5 Supplier Registration - Working on AWS NFT#2035 - Actions#1;
1706279630835;GET https://www.nft.marketplace.team/suppliers/frameworks/g-cloud-14/declaration/edit/immediate-parent-company;/suppliers/frameworks/g-cloud-14/declaration/edit/persons-with-significant-control;/suppliers/frameworks/g-cloud-14/declaration/edit/persons-with-significant-control;localhost:7100;504;0 Assertion failed;60;723;DMP-1.5-Dryrun;DMP 1.5 Supplier Registration - Working on AWS NFT#1830 - Actions#1;
1706279631160;GET https://www.nft.marketplace.team/suppliers;/user/login;;localhost:7100;504;0 Assertion failed;60;723;DMP-1.5-Dryrun;DMP 1.5 Supplier Registration - Working on AWS NFT#2201 - Actions#1;
1706279631180;GET https://www.nft.marketplace.team/suppliers/frameworks/g-cloud-14/declaration/edit/authorisation-or-organisation-legal-requirement;/suppliers/frameworks/g-cloud-14/declaration/edit/what-it-means-to-be-on-g-cloud-14;/suppliers/frameworks/g-cloud-14/declaration/edit/what-it-means-to-be-on-g-cloud-14;localhost:7100;504;0 Assertion failed;60;723;DMP-1.5-Dryrun;DMP 1.5 Supplier Registration - Working on AWS NFT#1827 - Actions#1;
1706279631284;POST https://www.nft.marketplace.team/suppliers/frameworks/g-cloud-14/declaration/edit/group-or-consortium;/suppliers/frameworks/g-cloud-14/declaration/edit/group-or-consortium;;localhost:7100;504;0 Assertion failed;60;723;DMP-1.5-Dryrun;DMP 1.5 Supplier Registration - Working on AWS NFT#1608 - Actions#1;
1706279631372;GET https://www.nft.marketplace.team/suppliers/frameworks/g-cloud-14/submissions/cloud-hosting/281342;/suppliers/frameworks/g-cloud-14/submissions/cloud-hosting/281140/edit/about-your-service/servi;/suppliers/frameworks/g-cloud-14/submissions/cloud-hosting/${pServiceId}/edit/about-your-service/service-categories;localhost:7100;504;0 Assertion failed;60;723;DMP-1.5-Dryrun;DMP 1.5 Supplier Registration - Working on AWS NFT#852 - Actions#1;
1706279632599;POST https://www.nft.marketplace.team/suppliers/frameworks/g-cloud-14/declaration/edit/ultimate-parent-company;/suppliers/frameworks/g-cloud-14/declaration/edit/ultimate-parent-company;;localhost:7100;504;0 Assertion failed;60;723;DMP-1.5-Dryrun;DMP 1.5 Supplier Registration - Working on AWS NFT#1847 - Actions#1;
1706279633128;GET https://www.nft.marketplace.team/suppliers/details;/suppliers/details;;localhost:7100;504;0 Assertion failed;60;723;DMP-1.5-Dryrun;DMP 1.5 Supplier Registration - Working on AWS NFT#2113 - Actions#1;
1706279635806;POST https://www.nft.marketplace.team/suppliers/details;/suppliers/details;/suppliers/details;localhost:7100;504;0 Assertion failed;60;723;DMP-1.5-Dryrun;DMP 1.5 Supplier Registration - Working on AWS NFT#2068 - Actions#1;
1706279637164;GET https://www.nft.marketplace.team/suppliers/frameworks/g-cloud-14/declaration/edit/immediate-parent-company;/suppliers/frameworks/g-cloud-14/declaration/edit/persons-with-significant-control;/suppliers/frameworks/g-cloud-14/declaration/edit/persons-with-significant-control;localhost:7100;504;0 Assertion failed;60;723;DMP-1.5-Dryrun;DMP 1.5 Supplier Registration - Working on AWS NFT#1802 - Actions#1;
1706279637860;GET https://www.nft.marketplace.team/suppliers/details;/suppliers/details;;localhost:7100;504;0 Assertion failed;60;723;DMP-1.5-Dryrun;DMP 1.5 Supplier Registration - Working on AWS NFT#2156 - Actions#1;
1706279641729;POST https://www.nft.marketplace.team/suppliers/details;/suppliers/details;/suppliers/details;localhost:7100;504;0 Assertion failed;60;723;DMP-1.5-Dryrun;DMP 1.5 Supplier Registration - Working on AWS NFT#2121 - Actions#1;
1706279642482;GET https://www.nft.marketplace.team/suppliers/frameworks/g-cloud-14/submissions;/suppliers/frameworks/g-cloud-14/submissions;;localhost:7100;504;0 Assertion failed;60;723;DMP-1.5-Dryrun;DMP 1.5 Supplier Registration - Working on AWS NFT#1090 - Actions#1;
1706279642639;GET https://www.nft.marketplace.team/suppliers/frameworks/g-cloud-14/declaration/edit/key-subcontractors;/suppliers/frameworks/g-cloud-14/declaration/edit/group-or-consortium;/suppliers/frameworks/g-cloud-14/declaration/edit/group-or-consortium;localhost:7100;504;0 Assertion failed;60;723;DMP-1.5-Dryrun;DMP 1.5 Supplier Registration - Working on AWS NFT#1568 - Actions#1;
1706279643163;POST https://www.nft.marketplace.team/suppliers/frameworks/g-cloud-14/declaration/edit/grounds-for-mandatory-exclusion-taxes;/suppliers/frameworks/g-cloud-14/declaration/edit/grounds-for-mandatory-exclusion-taxes;;localhost:7100;504;0 Assertion failed;60;723;DMP-1.5-Dryrun;DMP 1.5 Supplier Registration - Working on AWS NFT#1552 - Actions#1;
1706279643247;GET https://www.nft.marketplace.team/suppliers/frameworks/g-cloud-14/declaration/reuse;/suppliers/frameworks/g-cloud-14/declaration/reuse;;localhost:7100;504;0 Assertion failed;60;723;DMP-1.5-Dryrun;DMP 1.5 Supplier Registration - Working on AWS NFT#1980 - Actions#1;
1706279644675;POST https://www.nft.marketplace.team/suppliers/details;/suppliers/details;/suppliers/details;localhost:7100;504;0 Assertion failed;60;761;DMP-1.5-Dryrun;DMP 1.5 Supplier Registration - Working on AWS NFT#2111 - Actions#1;
1706279644770;GET https://www.nft.marketplace.team/suppliers/frameworks/g-cloud-14/declaration/reuse;/suppliers/frameworks/g-cloud-14/declaration/reuse;;localhost:7100;504;0 Assertion failed;60;761;DMP-1.5-Dryrun;DMP 1.5 Supplier Registration - Working on AWS NFT#2067 - Actions#1;
1706279645580;POST https://www.nft.marketplace.team/suppliers/frameworks/g-cloud-14/submissions/cloud-hosting/281089/edit/standards-and-certifications/cyber-essentials;/suppliers/frameworks/g-cloud-14/submissions/cloud-hosting/281140/edit/standards-and-certificat;;localhost:7100;504;0 Assertion failed;60;723;DMP-1.5-Dryrun;DMP 1.5 Supplier Registration - Working on AWS NFT#31 - Actions#1;
1706279645673;POST https://www.nft.marketplace.team/suppliers/frameworks/g-cloud-14/declaration/edit/ultimate-parent-company;/suppliers/frameworks/g-cloud-14/declaration/edit/ultimate-parent-company;;localhost:7100;504;0 Assertion failed;60;723;DMP-1.5-Dryrun;DMP 1.5 Supplier Registration - Working on AWS NFT#1904 - Actions#1;
1706279646108;GET https://www.nft.marketplace.team/suppliers/frameworks/g-cloud-14/declaration/edit/grounds-for-mandatory-exclusion;/suppliers/frameworks/g-cloud-14/declaration/edit/key-subcontractors;/suppliers/frameworks/g-cloud-14/declaration/edit/key-subcontractors;localhost:7100;504;0 Assertion failed;60;723;DMP-1.5-Dryrun;DMP 1.5 Supplier Registration - Working on AWS NFT#1628 - Actions#1;
1706279646180;GET https://www.nft.marketplace.team/suppliers/frameworks/g-cloud-14/declaration/start;/suppliers/frameworks/g-cloud-14/declaration/start;;localhost:7100;504;0 Assertion failed;60;723;DMP-1.5-Dryrun;DMP 1.5 Supplier Registration - Working on AWS NFT#2076 - Actions#1;
1706279646565;GET https://www.nft.marketplace.team/suppliers/frameworks/g-cloud-14/declaration/edit/providing-suitable-services;/suppliers/frameworks/g-cloud-14/declaration/edit/providing-suitable-services;;localhost:7100;504;0 Assertion failed;60;723;DMP-1.5-Dryrun;DMP 1.5 Supplier Registration - Working on AWS NFT#2071 - Actions#1;
1706279647206;GET https://www.nft.marketplace.team/suppliers/frameworks/g-cloud-14/declaration/edit/application-accuracy;/suppliers/frameworks/g-cloud-14/declaration/edit/framework-award-form-details;/suppliers/frameworks/g-cloud-14/declaration/edit/framework-award-form-details;localhost:7100;504;0 Assertion failed;60;723;DMP-1.5-Dryrun;DMP 1.5 Supplier Registration - Working on AWS NFT#1298 - Actions#1;
1706279648116;GET https://www.nft.marketplace.team/suppliers/details;/suppliers/details;;localhost:7100;200;1 Assertion failed;20.3;32164;DMP-1.5-Dryrun;DMP 1.5 Supplier Registration - Working on AWS NFT#2238 - Actions#1;
1706279648155;POST https://www.nft.marketplace.team/suppliers/frameworks/g-cloud-14/declaration/edit/key-subcontractors;/suppliers/frameworks/g-cloud-14/declaration/edit/key-subcontractors;;localhost:7100;504;0 Assertion failed;60;723;DMP-1.5-Dryrun;DMP 1.5 Supplier Registration - Working on AWS NFT#1707 - Actions#1;
1706279649141;GET https://www.nft.marketplace.team/suppliers/frameworks/g-cloud-14/declaration/edit/immediate-parent-company;/suppliers/frameworks/g-cloud-14/declaration/edit/persons-with-significant-control;/suppliers/frameworks/g-cloud-14/declaration/edit/persons-with-significant-control;localhost:7100;504;0 Assertion failed;60;723;DMP-1.5-Dryrun;DMP 1.5 Supplier Registration - Working on AWS NFT#1797 - Actions#1;
1706279649633;GET https://www.nft.marketplace.team/suppliers;/user/login;;localhost:7100;504;0 Assertion failed;60;723;DMP-1.5-Dryrun;DMP 1.5 Supplier Registration - Working on AWS NFT#2237 - Actions#1;
1706279650630;POST https://www.nft.marketplace.team/suppliers/frameworks/g-cloud-14/declaration/edit/grounds-for-mandatory-exclusion;/suppliers/frameworks/g-cloud-14/declaration/edit/grounds-for-mandatory-exclusion;;localhost:7100;504;0 Assertion failed;60;723;DMP-1.5-Dryrun;DMP 1.5 Supplier Registration - Working on AWS NFT#1722 - Actions#1;
1706279650716;GET https://www.nft.marketplace.team/suppliers/details;/suppliers/details;;localhost:7100;200;1 Assertion failed;20.6;32057;DMP-1.5-Dryrun;DMP 1.5 Supplier Registration - Working on AWS NFT#2207 - Actions#1;
1706279652287;GET https://www.nft.marketplace.team/suppliers/frameworks/g-cloud-14/declaration/reuse;/suppliers/frameworks/g-cloud-14/declaration/reuse;;localhost:7100;504;0 Assertion failed;60;723;DMP-1.5-Dryrun;DMP 1.5 Supplier Registration - Working on AWS NFT#2061 - Actions#1;
1706279655743;POST https://www.nft.marketplace.team/suppliers/frameworks/g-cloud-14/declaration/edit/group-or-consortium;/suppliers/frameworks/g-cloud-14/declaration/edit/group-or-consortium;;localhost:7100;504;0 Assertion failed;60;723;DMP-1.5-Dryrun;DMP 1.5 Supplier Registration - Working on AWS NFT#1551 - Actions#1;
1706279658865;POST https://www.nft.marketplace.team/suppliers/frameworks/g-cloud-14/declaration/edit/group-or-consortium;/suppliers/frameworks/g-cloud-14/declaration/edit/group-or-consortium;;localhost:7100;504;0 Assertion failed;60;723;DMP-1.5-Dryrun;DMP 1.5 Supplier Registration - Working on AWS NFT#1705 - Actions#1;
1706279658884;GET https://www.nft.marketplace.team/suppliers/frameworks/g-cloud-14/declaration/reuse;/suppliers/frameworks/g-cloud-14/declaration/reuse;;localhost:7100;504;0 Assertion failed;60;723;DMP-1.5-Dryrun;DMP 1.5 Supplier Registration - Working on AWS NFT#2154 - Actions#1;
1706279669164;GET https://www.nft.marketplace.team/suppliers/details;/suppliers/details;;localhost:7100;200;1 Assertion failed;27.6;32332;DMP-1.5-Dryrun;DMP 1.5 Supplier Registration - Working on AWS NFT#2283 - Actions#1;
1706279701264;GET https://www.nft.marketplace.team/suppliers;/user/login;;localhost:7100;504;0 Assertion failed;60;723;DMP-1.5-Dryrun;DMP 1.5 Supplier Registration - Working on AWS NFT#2326 - Actions#1;
1706279702528;GET https://www.nft.marketplace.team/suppliers;/user/login;;localhost:7100;504;0 Assertion failed;60;723;DMP-1.5-Dryrun;DMP 1.5 Supplier Registration - Working on AWS NFT#2330 - Actions#1;
1706279704709;POST https://www.nft.marketplace.team/suppliers/details;/suppliers/details;/suppliers/details;localhost:7100;504;0 Assertion failed;60;723;DMP-1.5-Dryrun;DMP 1.5 Supplier Registration - Working on AWS NFT#2160 - Actions#1;
1706279705213;POST https://www.nft.marketplace.team/suppliers/frameworks/g-cloud-14/declaration/edit/what-it-means-to-be-on-g-cloud-14;/suppliers/frameworks/g-cloud-14/declaration/edit/what-it-means-to-be-on-g-cloud-14;;localhost:7100;504;0 Assertion failed;60;723;DMP-1.5-Dryrun;DMP 1.5 Supplier Registration - Working on AWS NFT#1973 - Actions#1;
1706279705217;GET https://www.nft.marketplace.team/suppliers/details;/suppliers/details;;localhost:7100;504;0 Assertion failed;60;723;DMP-1.5-Dryrun;DMP 1.5 Supplier Registration - Working on AWS NFT#2287 - Actions#1;
1706279707569;GET https://www.nft.marketplace.team/suppliers/details;/suppliers/details;;localhost:7100;504;0 Assertion failed;60;761;DMP-1.5-Dryrun;DMP 1.5 Supplier Registration - Working on AWS NFT#2219 - Actions#1;
1706279709528;GET https://www.nft.marketplace.team/suppliers/frameworks/g-cloud-14/declaration/reuse;/suppliers/frameworks/g-cloud-14/declaration/reuse;;localhost:7100;504;0 Assertion failed;60;723;DMP-1.5-Dryrun;DMP 1.5 Supplier Registration - Working on AWS NFT#2046 - Actions#1;
1706279709700;GET https://www.nft.marketplace.team/suppliers/frameworks/g-cloud-14/declaration/edit/group-or-consortium;/suppliers/frameworks/g-cloud-14/declaration/edit/ultimate-parent-company;/suppliers/frameworks/g-cloud-14/declaration/edit/ultimate-parent-company;localhost:7100;504;0 Assertion failed;60;723;DMP-1.5-Dryrun;DMP 1.5 Supplier Registration - Working on AWS NFT#1790 - Actions#1;
1706279710229;GET https://www.nft.marketplace.team/suppliers/frameworks/g-cloud-14/submissions/cloud-hosting/281347/edit/about-your-service/service-categories;/suppliers/frameworks/g-cloud-14/submissions/cloud-hosting/281140/edit/about-your-service/servi;/suppliers/frameworks/g-cloud-14/submissions/cloud-hosting/${pServiceId}/edit/about-your-service/service-description;localhost:7100;504;0 Assertion failed;60;723;DMP-1.5-Dryrun;DMP 1.5 Supplier Registration - Working on AWS NFT#927 - Actions#1;
1706279711780;POST https://www.nft.marketplace.team/suppliers/frameworks/g-cloud-14/declaration/edit/ultimate-parent-company;/suppliers/frameworks/g-cloud-14/declaration/edit/ultimate-parent-company;;localhost:7100;504;0 Assertion failed;60;723;DMP-1.5-Dryrun;DMP 1.5 Supplier Registration - Working on AWS NFT#1803 - Actions#1;
1706279711801;POST https://www.nft.marketplace.team/suppliers/frameworks/g-cloud-14/declaration/edit/grounds-for-discretionary-exclusion;/suppliers/frameworks/g-cloud-14/declaration/edit/grounds-for-discretionary-exclusion;;localhost:7100;504;0 Assertion failed;60;723;DMP-1.5-Dryrun;DMP 1.5 Supplier Registration - Working on AWS NFT#1555 - Actions#1;
1706279713130;POST https://www.nft.marketplace.team/suppliers/frameworks/g-cloud-14/declaration/edit/grounds-for-mandatory-exclusion-taxes;/suppliers/frameworks/g-cloud-14/declaration/edit/grounds-for-mandatory-exclusion-taxes;;localhost:7100;504;0 Assertion failed;60;723;DMP-1.5-Dryrun;DMP 1.5 Supplier Registration - Working on AWS NFT#1557 - Actions#1;
1706279713182;GET https://www.nft.marketplace.team/suppliers/frameworks/g-cloud-14/declaration/reuse;/suppliers/frameworks/g-cloud-14/declaration/reuse;;localhost:7100;504;0 Assertion failed;60;723;DMP-1.5-Dryrun;DMP 1.5 Supplier Registration - Working on AWS NFT#2119 - Actions#1;
1706279713231;POST https://www.nft.marketplace.team/suppliers/frameworks/g-cloud-14;/suppliers/frameworks/g-cloud-14;;localhost:7100;504;0 Assertion failed;60;723;DMP-1.5-Dryrun;DMP 1.5 Supplier Registration - Working on AWS NFT#2329 - Actions#1;
1706279713250;POST https://www.nft.marketplace.team/suppliers/details;/suppliers/details;/suppliers/details;localhost:7100;504;0 Assertion failed;60;723;DMP-1.5-Dryrun;DMP 1.5 Supplier Registration - Working on AWS NFT#2162 - Actions#1;
1706279713358;POST https://www.nft.marketplace.team/suppliers/frameworks/g-cloud-14/declaration/edit/immediate-parent-company;/suppliers/frameworks/g-cloud-14/declaration/edit/immediate-parent-company;;localhost:7100;504;0 Assertion failed;60;723;DMP-1.5-Dryrun;DMP 1.5 Supplier Registration - Working on AWS NFT#1910 - Actions#1;
1706279713838;GET https://www.nft.marketplace.team/suppliers/details;/suppliers/details;;localhost:7100;200;1 Assertion failed;31;32284;DMP-1.5-Dryrun;DMP 1.5 Supplier Registration - Working on AWS NFT#2294 - Actions#1;
1706279716825;GET https://www.nft.marketplace.team/suppliers;/user/login;;localhost:7100;504;0 Assertion failed;60;723;DMP-1.5-Dryrun;DMP 1.5 Supplier Registration - Working on AWS NFT#2344 - Actions#1;
1706279717557;POST https://www.nft.marketplace.team/suppliers/frameworks/g-cloud-14/declaration/edit/key-subcontractors;/suppliers/frameworks/g-cloud-14/declaration/edit/key-subcontractors;;localhost:7100;504;0 Assertion failed;60;723;DMP-1.5-Dryrun;DMP 1.5 Supplier Registration - Working on AWS NFT#1670 - Actions#1;
1706279718228;GET https://www.nft.marketplace.team/suppliers/frameworks/g-cloud-14;/suppliers/details;/suppliers/details;localhost:7100;504;0 Assertion failed;60;723;DMP-1.5-Dryrun;DMP 1.5 Supplier Registration - Working on AWS NFT#2217 - Actions#1;
1706279720843;POST https://www.nft.marketplace.team/suppliers/details;/suppliers/details;/suppliers/details;localhost:7100;504;0 Assertion failed;60;723;DMP-1.5-Dryrun;DMP 1.5 Supplier Registration - Working on AWS NFT#2272 - Actions#1;
1706279721191;POST https://www.nft.marketplace.team/suppliers/frameworks/g-cloud-14/declaration/edit/health-and-safety;/suppliers/frameworks/g-cloud-14/declaration/edit/health-and-safety;;localhost:7100;504;0 Assertion failed;60;723;DMP-1.5-Dryrun;DMP 1.5 Supplier Registration - Working on AWS NFT#1351 - Actions#1;
1706279733294;GET https://www.nft.marketplace.team/suppliers/details;/suppliers/details;;localhost:7100;200;1 Assertion failed;12.4;32242;DMP-1.5-Dryrun;DMP 1.5 Supplier Registration - Working on AWS NFT#2347 - Actions#1;
1706279752102;POST https://www.nft.marketplace.team/suppliers/frameworks/g-cloud-14/declaration/edit/what-it-means-to-be-on-g-cloud-14;/suppliers/frameworks/g-cloud-14/declaration/edit/what-it-means-to-be-on-g-cloud-14;;localhost:7100;504;0 Assertion failed;60;723;DMP-1.5-Dryrun;DMP 1.5 Supplier Registration - Working on AWS NFT#1956 - Actions#1;
1706279752240;POST https://www.nft.marketplace.team/suppliers/details;/suppliers/details;/suppliers/details;localhost:7100;504;0 Assertion failed;60;723;DMP-1.5-Dryrun;DMP 1.5 Supplier Registration - Working on AWS NFT#2304 - Actions#1;
1706279752710;POST https://www.nft.marketplace.team/suppliers/frameworks/g-cloud-14/declaration/edit/persons-with-significant-control;/suppliers/frameworks/g-cloud-14/declaration/edit/persons-with-significant-control;;localhost:7100;504;0 Assertion failed;60;723;DMP-1.5-Dryrun;DMP 1.5 Supplier Registration - Working on AWS NFT#2038 - Actions#1;
1706279752879;GET https://www.nft.marketplace.team/suppliers/frameworks/g-cloud-14/declaration/edit/providing-suitable-services;/suppliers/frameworks/g-cloud-14/declaration/edit/providing-suitable-services;;localhost:7100;504;0 Assertion failed;60;761;DMP-1.5-Dryrun;DMP 1.5 Supplier Registration - Working on AWS NFT#2177 - Actions#1;
1706279753145;GET https://www.nft.marketplace.team/suppliers/frameworks/g-cloud-14;/suppliers/details;/suppliers/details;localhost:7100;504;0 Assertion failed;60;723;DMP-1.5-Dryrun;DMP 1.5 Supplier Registration - Working on AWS NFT#2252 - Actions#1;
1706279754437;GET https://www.nft.marketplace.team/suppliers/frameworks/g-cloud-14/declaration/reuse;/suppliers/frameworks/g-cloud-14/declaration/reuse;;localhost:7100;504;0 Assertion failed;60;723;DMP-1.5-Dryrun;DMP 1.5 Supplier Registration - Working on AWS NFT#2141 - Actions#1;
1706279754452;GET https://www.nft.marketplace.team/suppliers/frameworks/g-cloud-14/declaration/edit/group-or-consortium;/suppliers/frameworks/g-cloud-14/declaration/edit/ultimate-parent-company;/suppliers/frameworks/g-cloud-14/declaration/edit/ultimate-parent-company;localhost:7100;504;0 Assertion failed;60;723;DMP-1.5-Dryrun;DMP 1.5 Supplier Registration - Working on AWS NFT#1818 - Actions#1;
1706279754641;GET https://www.nft.marketplace.team/suppliers/details;/suppliers/details;;localhost:7100;504;0 Assertion failed;60;723;DMP-1.5-Dryrun;DMP 1.5 Supplier Registration - Working on AWS NFT#2311 - Actions#1;
1706279756335;GET https://www.nft.marketplace.team/suppliers/frameworks/g-cloud-14/declaration/edit/what-it-means-to-be-on-g-cloud-14;/suppliers/frameworks/g-cloud-14/declaration/edit/providing-suitable-services;/suppliers/frameworks/g-cloud-14/declaration/edit/providing-suitable-services;localhost:7100;504;0 Assertion failed;60;723;DMP-1.5-Dryrun;DMP 1.5 Supplier Registration - Working on AWS NFT#2127 - Actions#1;
1706279756575;GET https://www.nft.marketplace.team/suppliers/frameworks/g-cloud-14;/suppliers/details;/suppliers/details;localhost:7100;504;0 Assertion failed;60;723;DMP-1.5-Dryrun;DMP 1.5 Supplier Registration - Working on AWS NFT#2322 - Actions#1;
1706279758092;POST https://www.nft.marketplace.team/suppliers/frameworks/g-cloud-14/declaration/edit/immediate-parent-company;/suppliers/frameworks/g-cloud-14/declaration/edit/immediate-parent-company;;localhost:7100;504;0 Assertion failed;60;723;DMP-1.5-Dryrun;DMP 1.5 Supplier Registration - Working on AWS NFT#1762 - Actions#1;
1706279758108;GET https://www.nft.marketplace.team/suppliers/frameworks/g-cloud-14/declaration/reuse;/suppliers/frameworks/g-cloud-14/declaration/reuse;;localhost:7100;504;0 Assertion failed;60;723;DMP-1.5-Dryrun;DMP 1.5 Supplier Registration - Working on AWS NFT#2208 - Actions#1;
1706279758870;POST https://www.nft.marketplace.team/suppliers/frameworks/g-cloud-14/declaration/edit/what-it-means-to-be-on-g-cloud-14;/suppliers/frameworks/g-cloud-14/declaration/edit/what-it-means-to-be-on-g-cloud-14;;localhost:7100;504;0 Assertion failed;60;723;DMP-1.5-Dryrun;DMP 1.5 Supplier Registration - Working on AWS NFT#2107 - Actions#1;
1706279760205;POST https://www.nft.marketplace.team/suppliers/frameworks/g-cloud-14/submissions/cloud-hosting/281062/edit/social-value/social-value;/suppliers/frameworks/g-cloud-14/submissions/cloud-hosting/281140/edit/social-value/social-valu;;localhost:7100;504;0 Assertion failed;60;723;DMP-1.5-Dryrun;DMP 1.5 Supplier Registration - Working on AWS NFT#416 - Actions#1;
1706279762828;GET https://www.nft.marketplace.team/suppliers/frameworks/g-cloud-14;/suppliers/details;/suppliers/details;localhost:7100;504;0 Assertion failed;60;723;DMP-1.5-Dryrun;DMP 1.5 Supplier Registration - Working on AWS NFT#2355 - Actions#1;
1706279763860;GET https://www.nft.marketplace.team/suppliers/frameworks/g-cloud-14/declaration/edit/providing-suitable-services;/suppliers/frameworks/g-cloud-14/declaration/edit/providing-suitable-services;;localhost:7100;504;0 Assertion failed;60;723;DMP-1.5-Dryrun;DMP 1.5 Supplier Registration - Working on AWS NFT#2105 - Actions#1;
1706279764242;GET https://www.nft.marketplace.team/suppliers/details;/suppliers/details;;localhost:7100;504;0 Assertion failed;60;723;DMP-1.5-Dryrun;DMP 1.5 Supplier Registration - Working on AWS NFT#2345 - Actions#1;
1706279764292;GET https://www.nft.marketplace.team/suppliers/frameworks/g-cloud-14/declaration/edit/what-it-means-to-be-on-g-cloud-14;/suppliers/frameworks/g-cloud-14/declaration/edit/providing-suitable-services;/suppliers/frameworks/g-cloud-14/declaration/edit/providing-suitable-services;localhost:7100;504;0 Assertion failed;60;723;DMP-1.5-Dryrun;DMP 1.5 Supplier Registration - Working on AWS NFT#2118 - Actions#1;
1706279783469;GET https://www.nft.marketplace.team/suppliers/details;/suppliers/details;;localhost:7100;200;1 Assertion failed;35.9;31973;DMP-1.5-Dryrun;DMP 1.5 Supplier Registration - Working on AWS NFT#42 - Actions#2;
1706279844370;GET https://www.nft.marketplace.team/suppliers/details;/suppliers/details;;localhost:7100;200;1 Assertion failed;13.1;31973;DMP-1.5-Dryrun;DMP 1.5 Supplier Registration - Working on AWS NFT#250 - Actions#2;
1706279859155;POST https://www.nft.marketplace.team/suppliers/details;/suppliers/details;/suppliers/details;localhost:7100;504;0 Assertion failed;60;723;DMP-1.5-Dryrun;DMP 1.5 Supplier Registration - Working on AWS NFT#2359 - Actions#1;
1706279860568;POST https://www.nft.marketplace.team/suppliers/frameworks/g-cloud-14/declaration/edit/grounds-for-mandatory-exclusion;/suppliers/frameworks/g-cloud-14/declaration/edit/grounds-for-mandatory-exclusion;;localhost:7100;504;0 Assertion failed;60;723;DMP-1.5-Dryrun;DMP 1.5 Supplier Registration - Working on AWS NFT#1939 - Actions#1;
1706279861898;GET https://www.nft.marketplace.team/suppliers/frameworks/g-cloud-14/declaration/edit/ultimate-parent-company;/suppliers/frameworks/g-cloud-14/declaration/edit/immediate-parent-company;/suppliers/frameworks/g-cloud-14/declaration/edit/immediate-parent-company;localhost:7100;504;0 Assertion failed;60;723;DMP-1.5-Dryrun;DMP 1.5 Supplier Registration - Working on AWS NFT#2004 - Actions#1;
1706279862292;GET https://www.nft.marketplace.team/suppliers/frameworks/g-cloud-14/declaration/edit/authorisation-or-organisation-legal-requirement;/suppliers/frameworks/g-cloud-14/declaration/edit/what-it-means-to-be-on-g-cloud-14;/suppliers/frameworks/g-cloud-14/declaration/edit/what-it-means-to-be-on-g-cloud-14;localhost:7100;504;0 Assertion failed;60;723;DMP-1.5-Dryrun;DMP 1.5 Supplier Registration - Working on AWS NFT#2148 - Actions#1;
1706279862876;GET https://www.nft.marketplace.team/suppliers/frameworks/g-cloud-14/declaration/edit/providing-suitable-services;/suppliers/frameworks/g-cloud-14/declaration/edit/providing-suitable-services;;localhost:7100;504;0 Assertion failed;60;723;DMP-1.5-Dryrun;DMP 1.5 Supplier Registration - Working on AWS NFT#2229 - Actions#1;
1706279863500;POST https://www.nft.marketplace.team/suppliers/frameworks/g-cloud-14/declaration/edit/value-added-tax;/suppliers/frameworks/g-cloud-14/declaration/edit/value-added-tax;;localhost:7100;504;0 Assertion failed;60;723;DMP-1.5-Dryrun;DMP 1.5 Supplier Registration - Working on AWS NFT#1708 - Actions#1;
1706279864086;POST https://www.nft.marketplace.team/suppliers/frameworks/g-cloud-14/submissions/cloud-hosting/create;/suppliers/frameworks/g-cloud-14/submissions/cloud-hosting/create;;localhost:7100;504;0 Assertion failed;60;761;DMP-1.5-Dryrun;DMP 1.5 Supplier Registration - Working on AWS NFT#1219 - Actions#1;
1706279864447;GET https://www.nft.marketplace.team/suppliers/frameworks/g-cloud-14/declaration/edit/economic-and-financial-standing;/suppliers/frameworks/g-cloud-14/declaration/edit/modern-slavery;/suppliers/frameworks/g-cloud-14/declaration/edit/modern-slavery;localhost:7100;504;0 Assertion failed;60;723;DMP-1.5-Dryrun;DMP 1.5 Supplier Registration - Working on AWS NFT#15 - Actions#2;
1706279864894;GET https://www.nft.marketplace.team/suppliers/frameworks/g-cloud-14/declaration/edit/authorisation-or-organisation-legal-requirement;/suppliers/frameworks/g-cloud-14/declaration/edit/what-it-means-to-be-on-g-cloud-14;/suppliers/frameworks/g-cloud-14/declaration/edit/what-it-means-to-be-on-g-cloud-14;localhost:7100;504;0 Assertion failed;60;761;DMP-1.5-Dryrun;DMP 1.5 Supplier Registration - Working on AWS NFT#2163 - Actions#1;
1706279866050;POST https://www.nft.marketplace.team/suppliers/frameworks/g-cloud-14/submissions/cloud-hosting/281352/edit/about-your-service/service-description;/suppliers/frameworks/g-cloud-14/submissions/cloud-hosting/281140/edit/about-your-service/servi;;localhost:7100;504;0 Assertion failed;60;723;DMP-1.5-Dryrun;DMP 1.5 Supplier Registration - Working on AWS NFT#1072 - Actions#1;
1706279866659;POST https://www.nft.marketplace.team/suppliers/frameworks/g-cloud-14/declaration/edit/group-or-consortium;/suppliers/frameworks/g-cloud-14/declaration/edit/group-or-consortium;;localhost:7100;504;0 Assertion failed;60;723;DMP-1.5-Dryrun;DMP 1.5 Supplier Registration - Working on AWS NFT#1996 - Actions#1;
1706279867160;POST https://www.nft.marketplace.team/suppliers/frameworks/g-cloud-14/declaration/edit/persons-with-significant-control;/suppliers/frameworks/g-cloud-14/declaration/edit/persons-with-significant-control;;localhost:7100;504;0 Assertion failed;60;723;DMP-1.5-Dryrun;DMP 1.5 Supplier Registration - Working on AWS NFT#2069 - Actions#1;
1706279867494;POST https://www.nft.marketplace.team/suppliers/frameworks/g-cloud-14/submissions/service-type;/suppliers/frameworks/g-cloud-14/submissions/service-type;;localhost:7100;504;0 Assertion failed;60;723;DMP-1.5-Dryrun;DMP 1.5 Supplier Registration - Working on AWS NFT#1208 - Actions#1;
1706279867494;GET https://www.nft.marketplace.team/suppliers/frameworks/g-cloud-14/declaration/edit/health-and-safety;/suppliers/frameworks/g-cloud-14/declaration/edit/data-protection;/suppliers/frameworks/g-cloud-14/declaration/edit/data-protection;localhost:7100;504;0 Assertion failed;60;723;DMP-1.5-Dryrun;DMP 1.5 Supplier Registration - Working on AWS NFT#1503 - Actions#1;
1706279868166;GET https://www.nft.marketplace.team/suppliers/frameworks/g-cloud-14/declaration/edit/immediate-parent-company;/suppliers/frameworks/g-cloud-14/declaration/edit/persons-with-significant-control;/suppliers/frameworks/g-cloud-14/declaration/edit/persons-with-significant-control;localhost:7100;504;0 Assertion failed;60;723;DMP-1.5-Dryrun;DMP 1.5 Supplier Registration - Working on AWS NFT#2087 - Actions#1;
1706279869168;GET https://www.nft.marketplace.team/suppliers/frameworks/g-cloud-14/declaration/reuse;/suppliers/frameworks/g-cloud-14/declaration/reuse;;localhost:7100;504;0 Assertion failed;60;723;DMP-1.5-Dryrun;DMP 1.5 Supplier Registration - Working on AWS NFT#2301 - Actions#1;
1706279870834;GET https://www.nft.marketplace.team/suppliers/frameworks/g-cloud-14/declaration/edit/immediate-parent-company;/suppliers/frameworks/g-cloud-14/declaration/edit/persons-with-significant-control;/suppliers/frameworks/g-cloud-14/declaration/edit/persons-with-significant-control;localhost:7100;504;0 Assertion failed;60;723;DMP-1.5-Dryrun;DMP 1.5 Supplier Registration - Working on AWS NFT#2016 - Actions#1;
1706279872848;GET https://www.nft.marketplace.team/suppliers/frameworks/g-cloud-14/declaration/edit/immediate-parent-company;/suppliers/frameworks/g-cloud-14/declaration/edit/persons-with-significant-control;/suppliers/frameworks/g-cloud-14/declaration/edit/persons-with-significant-control;localhost:7100;504;0 Assertion failed;60;723;DMP-1.5-Dryrun;DMP 1.5 Supplier Registration - Working on AWS NFT#2032 - Actions#1;
1706279873062;POST https://www.nft.marketplace.team/suppliers/frameworks/g-cloud-14/submissions/cloud-hosting/281323/edit/how-users-work-with-your-service/web-interface;/suppliers/frameworks/g-cloud-14/submissions/cloud-hosting/281140/edit/how-users-work-with-your;;localhost:7100;504;0 Assertion failed;60;723;DMP-1.5-Dryrun;DMP 1.5 Supplier Registration - Working on AWS NFT#704 - Actions#1;
1706279873224;POST https://www.nft.marketplace.team/suppliers/frameworks/g-cloud-14/declaration/edit/ultimate-parent-company;/suppliers/frameworks/g-cloud-14/declaration/edit/ultimate-parent-company;;localhost:7100;504;0 Assertion failed;60;723;DMP-1.5-Dryrun;DMP 1.5 Supplier Registration - Working on AWS NFT#1972 - Actions#1;
1706279874172;GET https://www.nft.marketplace.team/suppliers/frameworks/g-cloud-14/submissions/cloud-hosting/281328;/suppliers/frameworks/g-cloud-14/submissions/cloud-hosting/281140/edit/user-support/support-ava;/suppliers/frameworks/g-cloud-14/submissions/cloud-hosting/${pServiceId}/edit/user-support/support-available-to-third-party;localhost:7100;504;0 Assertion failed;60;723;DMP-1.5-Dryrun;DMP 1.5 Supplier Registration - Working on AWS NFT#692 - Actions#1;
1706279874270;GET https://www.nft.marketplace.team/suppliers/frameworks/g-cloud-14/declaration/reuse;/suppliers/frameworks/g-cloud-14/declaration/reuse;;localhost:7100;504;0 Assertion failed;60;723;DMP-1.5-Dryrun;DMP 1.5 Supplier Registration - Working on AWS NFT#2303 - Actions#1;
1706279874621;POST https://www.nft.marketplace.team/suppliers/frameworks/g-cloud-14/declaration/edit/persons-with-significant-control;/suppliers/frameworks/g-cloud-14/declaration/edit/persons-with-significant-control;;localhost:7100;504;0 Assertion failed;60;723;DMP-1.5-Dryrun;DMP 1.5 Supplier Registration - Working on AWS NFT#2174 - Actions#1;
1706279874981;POST https://www.nft.marketplace.team/suppliers/frameworks/g-cloud-14/declaration/edit/ultimate-parent-company;/suppliers/frameworks/g-cloud-14/declaration/edit/ultimate-parent-company;;localhost:7100;504;0 Assertion failed;60;723;DMP-1.5-Dryrun;DMP 1.5 Supplier Registration - Working on AWS NFT#1961 - Actions#1;
1706279875301;POST https://www.nft.marketplace.team/suppliers/frameworks/g-cloud-14/declaration/edit/persons-with-significant-control;/suppliers/frameworks/g-cloud-14/declaration/edit/persons-with-significant-control;;localhost:7100;504;0 Assertion failed;60;723;DMP-1.5-Dryrun;DMP 1.5 Supplier Registration - Working on AWS NFT#2182 - Actions#1;
1706279876185;GET https://www.nft.marketplace.team/suppliers/details;/suppliers/details;;localhost:7100;504;0 Assertion failed;60;723;DMP-1.5-Dryrun;DMP 1.5 Supplier Registration - Working on AWS NFT#2389 - Actions#1;
1706279877299;GET https://www.nft.marketplace.team/suppliers/frameworks/g-cloud-14/declaration/edit/what-it-means-to-be-on-g-cloud-14;/suppliers/frameworks/g-cloud-14/declaration/edit/providing-suitable-services;/suppliers/frameworks/g-cloud-14/declaration/edit/providing-suitable-services;localhost:7100;504;0 Assertion failed;60;723;DMP-1.5-Dryrun;DMP 1.5 Supplier Registration - Working on AWS NFT#2186 - Actions#1;
1706279877309;POST https://www.nft.marketplace.team/suppliers/details;/suppliers/details;/suppliers/details;localhost:7100;504;0 Assertion failed;60;761;DMP-1.5-Dryrun;DMP 1.5 Supplier Registration - Working on AWS NFT#2373 - Actions#1;
1706279877860;POST https://www.nft.marketplace.team/suppliers/frameworks/g-cloud-14/declaration/edit/immediate-parent-company;/suppliers/frameworks/g-cloud-14/declaration/edit/immediate-parent-company;;localhost:7100;504;0 Assertion failed;60;723;DMP-1.5-Dryrun;DMP 1.5 Supplier Registration - Working on AWS NFT#1989 - Actions#1;
1706279878279;GET https://www.nft.marketplace.team/suppliers/frameworks/g-cloud-14/declaration/edit/what-it-means-to-be-on-g-cloud-14;/suppliers/frameworks/g-cloud-14/declaration/edit/providing-suitable-services;/suppliers/frameworks/g-cloud-14/declaration/edit/providing-suitable-services;localhost:7100;504;0 Assertion failed;60;723;DMP-1.5-Dryrun;DMP 1.5 Supplier Registration - Working on AWS NFT#2274 - Actions#1;
1706279878747;GET https://www.nft.marketplace.team/suppliers/frameworks/g-cloud-14/declaration/reuse;/suppliers/frameworks/g-cloud-14/declaration/reuse;;localhost:7100;504;0 Assertion failed;60;723;DMP-1.5-Dryrun;DMP 1.5 Supplier Registration - Working on AWS NFT#2356 - Actions#1;
1706279878839;GET https://www.nft.marketplace.team/suppliers/frameworks/g-cloud-14/declaration/edit/key-subcontractors;/suppliers/frameworks/g-cloud-14/declaration/edit/group-or-consortium;/suppliers/frameworks/g-cloud-14/declaration/edit/group-or-consortium;localhost:7100;504;0 Assertion failed;60;723;DMP-1.5-Dryrun;DMP 1.5 Supplier Registration - Working on AWS NFT#1916 - Actions#1;
1706279880947;GET https://www.nft.marketplace.team/suppliers/frameworks/g-cloud-14/declaration/edit/what-it-means-to-be-on-g-cloud-14;/suppliers/frameworks/g-cloud-14/declaration/edit/providing-suitable-services;/suppliers/frameworks/g-cloud-14/declaration/edit/providing-suitable-services;localhost:7100;504;0 Assertion failed;60;761;DMP-1.5-Dryrun;DMP 1.5 Supplier Registration - Working on AWS NFT#2295 - Actions#1;
1706279881107;POST https://www.nft.marketplace.team/suppliers/frameworks/g-cloud-14/declaration/edit/value-added-tax;/suppliers/frameworks/g-cloud-14/declaration/edit/value-added-tax;;localhost:7100;504;0 Assertion failed;60;723;DMP-1.5-Dryrun;DMP 1.5 Supplier Registration - Working on AWS NFT#1742 - Actions#1;
1706279881463;GET https://www.nft.marketplace.team/suppliers/frameworks/g-cloud-14/declaration/edit/authorisation-or-organisation-legal-requirement;/suppliers/frameworks/g-cloud-14/declaration/edit/what-it-means-to-be-on-g-cloud-14;/suppliers/frameworks/g-cloud-14/declaration/edit/what-it-means-to-be-on-g-cloud-14;localhost:7100;504;0 Assertion failed;60;723;DMP-1.5-Dryrun;DMP 1.5 Supplier Registration - Working on AWS NFT#2288 - Actions#1;
1706279884752;POST https://www.nft.marketplace.team/suppliers/frameworks/g-cloud-14/declaration/edit/grounds-for-mandatory-exclusion-taxes;/suppliers/frameworks/g-cloud-14/declaration/edit/grounds-for-mandatory-exclusion-taxes;;localhost:7100;504;0 Assertion failed;60;723;DMP-1.5-Dryrun;DMP 1.5 Supplier Registration - Working on AWS NFT#1826 - Actions#1;
1706279885660;POST https://www.nft.marketplace.team/suppliers/frameworks/g-cloud-14/declaration/edit/grounds-for-discretionary-exclusion;/suppliers/frameworks/g-cloud-14/declaration/edit/grounds-for-discretionary-exclusion;;localhost:7100;504;0 Assertion failed;60.1;723;DMP-1.5-Dryrun;DMP 1.5 Supplier Registration - Working on AWS NFT#1883 - Actions#1;
1706279885991;POST https://www.nft.marketplace.team/suppliers/frameworks/g-cloud-14/declaration/edit/what-it-means-to-be-on-g-cloud-14;/suppliers/frameworks/g-cloud-14/declaration/edit/what-it-means-to-be-on-g-cloud-14;;localhost:7100;504;0 Assertion failed;60;723;DMP-1.5-Dryrun;DMP 1.5 Supplier Registration - Working on AWS NFT#2315 - Actions#1;
1706279886131;GET https://www.nft.marketplace.team/suppliers/frameworks/g-cloud-14/declaration;;/suppliers/frameworks/g-cloud-14/declaration/reuse;localhost:7100;504;0 Assertion failed;60;723;DMP-1.5-Dryrun;DMP 1.5 Supplier Registration - Working on AWS NFT#256 - Actions#2;
1706279888320;POST https://www.nft.marketplace.team/suppliers/details;/suppliers/details;/suppliers/details;localhost:7100;504;0 Assertion failed;60;723;DMP-1.5-Dryrun;DMP 1.5 Supplier Registration - Working on AWS NFT#2372 - Actions#1;
1706279890393;GET https://www.nft.marketplace.team/suppliers/frameworks/g-cloud-14/declaration/edit/authorisation-or-organisation-legal-requirement;/suppliers/frameworks/g-cloud-14/declaration/edit/what-it-means-to-be-on-g-cloud-14;/suppliers/frameworks/g-cloud-14/declaration/edit/what-it-means-to-be-on-g-cloud-14;localhost:7100;504;0 Assertion failed;60;723;DMP-1.5-Dryrun;DMP 1.5 Supplier Registration - Working on AWS NFT#2281 - Actions#1;
1706279890479;GET https://www.nft.marketplace.team/suppliers/frameworks/g-cloud-14/declaration/edit/framework-award-form-details;/suppliers/frameworks/g-cloud-14/declaration/edit/contracts-finder;/suppliers/frameworks/g-cloud-14/declaration/edit/contracts-finder;localhost:7100;504;0 Assertion failed;60;723;DMP-1.5-Dryrun;DMP 1.5 Supplier Registration - Working on AWS NFT#1452 - Actions#1;
1706279891504;GET https://www.nft.marketplace.team/suppliers/frameworks/g-cloud-14/submissions/cloud-hosting/281300;/suppliers/frameworks/g-cloud-14/submissions/cloud-hosting/281140/edit/backups-and-recovery/bac;/suppliers/frameworks/g-cloud-14/submissions/cloud-hosting/${pServiceId}/edit/backups-and-recovery/backup-and-recovery;localhost:7100;504;0 Assertion failed;60;723;DMP-1.5-Dryrun;DMP 1.5 Supplier Registration - Working on AWS NFT#531 - Actions#1;
1706279891592;POST https://www.nft.marketplace.team/suppliers/frameworks/g-cloud-14/declaration/edit/persons-with-significant-control;/suppliers/frameworks/g-cloud-14/declaration/edit/persons-with-significant-control;;localhost:7100;504;0 Assertion failed;60;723;DMP-1.5-Dryrun;DMP 1.5 Supplier Registration - Working on AWS NFT#2079 - Actions#1;
1706279892642;GET https://www.nft.marketplace.team/suppliers/frameworks/g-cloud-14/declaration/edit/grounds-for-discretionary-exclusion;/suppliers/frameworks/g-cloud-14/declaration/edit/grounds-for-mandatory-exclusion-taxes;/suppliers/frameworks/g-cloud-14/declaration/edit/grounds-for-mandatory-exclusion-taxes;localhost:7100;504;0 Assertion failed;60;723;DMP-1.5-Dryrun;DMP 1.5 Supplier Registration - Working on AWS NFT#18 - Actions#2;
1706279893691;POST https://www.nft.marketplace.team/suppliers/frameworks/g-cloud-14/declaration/edit/key-subcontractors;/suppliers/frameworks/g-cloud-14/declaration/edit/key-subcontractors;;localhost:7100;504;0 Assertion failed;60;723;DMP-1.5-Dryrun;DMP 1.5 Supplier Registration - Working on AWS NFT#1892 - Actions#1;
1706279894628;GET https://www.nft.marketplace.team/suppliers/frameworks/g-cloud-14;/suppliers/details;/suppliers/details;localhost:7100;504;0 Assertion failed;60;723;DMP-1.5-Dryrun;DMP 1.5 Supplier Registration - Working on AWS NFT#2388 - Actions#1;
1706279896596;POST https://www.nft.marketplace.team/suppliers/frameworks/g-cloud-14/declaration/edit/what-it-means-to-be-on-g-cloud-14;/suppliers/frameworks/g-cloud-14/declaration/edit/what-it-means-to-be-on-g-cloud-14;;localhost:7100;504;0 Assertion failed;60;723;DMP-1.5-Dryrun;DMP 1.5 Supplier Registration - Working on AWS NFT#2290 - Actions#1;
1706279896786;GET https://www.nft.marketplace.team/suppliers/frameworks/g-cloud-14/declaration/edit/immediate-parent-company;/suppliers/frameworks/g-cloud-14/declaration/edit/persons-with-significant-control;/suppliers/frameworks/g-cloud-14/declaration/edit/persons-with-significant-control;localhost:7100;504;0 Assertion failed;60;723;DMP-1.5-Dryrun;DMP 1.5 Supplier Registration - Working on AWS NFT#2018 - Actions#1;
1706279897666;GET https://www.nft.marketplace.team/suppliers/frameworks/g-cloud-14/declaration/edit/immediate-parent-company;/suppliers/frameworks/g-cloud-14/declaration/edit/persons-with-significant-control;/suppliers/frameworks/g-cloud-14/declaration/edit/persons-with-significant-control;localhost:7100;504;0 Assertion failed;60;723;DMP-1.5-Dryrun;DMP 1.5 Supplier Registration - Working on AWS NFT#2126 - Actions#1;
1706279897689;POST https://www.nft.marketplace.team/suppliers/frameworks/g-cloud-14/declaration/edit/grounds-for-mandatory-exclusion;/suppliers/frameworks/g-cloud-14/declaration/edit/grounds-for-mandatory-exclusion;;localhost:7100;504;0 Assertion failed;60;723;DMP-1.5-Dryrun;DMP 1.5 Supplier Registration - Working on AWS NFT#1857 - Actions#1;
1706279921071;POST https://www.nft.marketplace.team/suppliers/frameworks/g-cloud-14/declaration/edit/immediate-parent-company;/suppliers/frameworks/g-cloud-14/declaration/edit/immediate-parent-company;;localhost:7100;504;0 Assertion failed;60;723;DMP-1.5-Dryrun;DMP 1.5 Supplier Registration - Working on AWS NFT#2019 - Actions#1;
1706279922870;GET https://www.nft.marketplace.team/suppliers/frameworks/g-cloud-14/declaration/edit/immediate-parent-company;/suppliers/frameworks/g-cloud-14/declaration/edit/persons-with-significant-control;/suppliers/frameworks/g-cloud-14/declaration/edit/persons-with-significant-control;localhost:7100;504;0 Assertion failed;60;723;DMP-1.5-Dryrun;DMP 1.5 Supplier Registration - Working on AWS NFT#2108 - Actions#1;
1706279923067;GET https://www.nft.marketplace.team/suppliers/frameworks/g-cloud-14/declaration/edit/what-it-means-to-be-on-g-cloud-14;/suppliers/frameworks/g-cloud-14/declaration/edit/providing-suitable-services;/suppliers/frameworks/g-cloud-14/declaration/edit/providing-suitable-services;localhost:7100;504;0 Assertion failed;60;723;DMP-1.5-Dryrun;DMP 1.5 Supplier Registration - Working on AWS NFT#2189 - Actions#1;
1706279923736;POST https://www.nft.marketplace.team/suppliers/frameworks/g-cloud-14/declaration/edit/ultimate-parent-company;/suppliers/frameworks/g-cloud-14/declaration/edit/ultimate-parent-company;;localhost:7100;504;0 Assertion failed;60;723;DMP-1.5-Dryrun;DMP 1.5 Supplier Registration - Working on AWS NFT#1988 - Actions#1;
1706279925178;GET https://www.nft.marketplace.team/suppliers/frameworks/g-cloud-14/declaration/edit/persons-with-significant-control;/suppliers/frameworks/g-cloud-14/declaration/edit/authorisation-or-organisation-legal-requireme;/suppliers/frameworks/g-cloud-14/declaration/edit/authorisation-or-organisation-legal-requirement;localhost:7100;504;0 Assertion failed;60;723;DMP-1.5-Dryrun;DMP 1.5 Supplier Registration - Working on AWS NFT#2266 - Actions#1;
1706279927246;POST https://www.nft.marketplace.team/suppliers/frameworks/g-cloud-14/submissions/cloud-hosting/281339/edit/user-support/web-chat-support;/suppliers/frameworks/g-cloud-14/submissions/cloud-hosting/281140/edit/user-support/web-chat-su;;localhost:7100;504;0 Assertion failed;60;723;DMP-1.5-Dryrun;DMP 1.5 Supplier Registration - Working on AWS NFT#697 - Actions#1;
1706279928919;POST https://www.nft.marketplace.team/suppliers/frameworks/g-cloud-14/declaration/edit/value-added-tax;/suppliers/frameworks/g-cloud-14/declaration/edit/value-added-tax;;localhost:7100;504;0 Assertion failed;60;723;DMP-1.5-Dryrun;DMP 1.5 Supplier Registration - Working on AWS NFT#1696 - Actions#1;
1706279929188;GET https://www.nft.marketplace.team/suppliers/frameworks/g-cloud-14/declaration/edit/immediate-parent-company;/suppliers/frameworks/g-cloud-14/declaration/edit/persons-with-significant-control;/suppliers/frameworks/g-cloud-14/declaration/edit/persons-with-significant-control;localhost:7100;504;0 Assertion failed;60;723;DMP-1.5-Dryrun;DMP 1.5 Supplier Registration - Working on AWS NFT#2134 - Actions#1;
1706279929266;POST https://www.nft.marketplace.team/suppliers/frameworks/g-cloud-14/declaration/edit/framework-award-form-details;/suppliers/frameworks/g-cloud-14/declaration/edit/framework-award-form-details;;localhost:7100;504;0 Assertion failed;60;723;DMP-1.5-Dryrun;DMP 1.5 Supplier Registration - Working on AWS NFT#1371 - Actions#1;
1706279929415;POST https://www.nft.marketplace.team/suppliers/frameworks/g-cloud-14/declaration/edit/authorisation-or-organisation-legal-requirement;/suppliers/frameworks/g-cloud-14/declaration/edit/authorisation-or-organisation-legal-requireme;;localhost:7100;504;0 Assertion failed;60;723;DMP-1.5-Dryrun;DMP 1.5 Supplier Registration - Working on AWS NFT#2268 - Actions#1;
1706279930227;GET https://www.nft.marketplace.team/suppliers/frameworks/g-cloud-14/declaration/reuse;/suppliers/frameworks/g-cloud-14/declaration/reuse;;localhost:7100;504;0 Assertion failed;60;723;DMP-1.5-Dryrun;DMP 1.5 Supplier Registration - Working on AWS NFT#2366 - Actions#1;
1706279930748;POST https://www.nft.marketplace.team/suppliers/frameworks/g-cloud-14/declaration/edit/immediate-parent-company;/suppliers/frameworks/g-cloud-14/declaration/edit/immediate-parent-company;;localhost:7100;504;0 Assertion failed;60;723;DMP-1.5-Dryrun;DMP 1.5 Supplier Registration - Working on AWS NFT#2085 - Actions#1;
1706279932312;POST https://www.nft.marketplace.team/suppliers/frameworks/g-cloud-14/declaration/edit/key-subcontractors;/suppliers/frameworks/g-cloud-14/declaration/edit/key-subcontractors;;localhost:7100;504;0 Assertion failed;60;723;DMP-1.5-Dryrun;DMP 1.5 Supplier Registration - Working on AWS NFT#1953 - Actions#1;
1706279934147;POST https://www.nft.marketplace.team/suppliers/frameworks/g-cloud-14/declaration/edit/modern-slavery;/suppliers/frameworks/g-cloud-14/declaration/edit/modern-slavery;;localhost:7100;504;0 Assertion failed;60;723;DMP-1.5-Dryrun;DMP 1.5 Supplier Registration - Working on AWS NFT#1772 - Actions#1;
1706279934233;GET https://www.nft.marketplace.team/suppliers/frameworks/g-cloud-14/declaration/edit/grounds-for-discretionary-exclusion;/suppliers/frameworks/g-cloud-14/declaration/edit/grounds-for-mandatory-exclusion-taxes;/suppliers/frameworks/g-cloud-14/declaration/edit/grounds-for-mandatory-exclusion-taxes;localhost:7100;504;0 Assertion failed;60;723;DMP-1.5-Dryrun;DMP 1.5 Supplier Registration - Working on AWS NFT#1854 - Actions#1;
1706279935823;POST https://www.nft.marketplace.team/suppliers/frameworks/g-cloud-14/declaration/edit/grounds-for-mandatory-exclusion-taxes;/suppliers/frameworks/g-cloud-14/declaration/edit/grounds-for-mandatory-exclusion-taxes;;localhost:7100;504;0 Assertion failed;60;723;DMP-1.5-Dryrun;DMP 1.5 Supplier Registration - Working on AWS NFT#1927 - Actions#1;
1706280007336;GET https://www.nft.marketplace.team/suppliers/frameworks/g-cloud-14/declaration/edit/grounds-for-mandatory-exclusion-taxes;/suppliers/frameworks/g-cloud-14/declaration/edit/grounds-for-mandatory-exclusion;/suppliers/frameworks/g-cloud-14/declaration/edit/grounds-for-mandatory-exclusion;localhost:7100;504;0 Assertion failed;60;723;DMP-1.5-Dryrun;DMP 1.5 Supplier Registration - Working on AWS NFT#1936 - Actions#1;
1706280007803;POST https://www.nft.marketplace.team/suppliers/frameworks/g-cloud-14/declaration/edit/ultimate-parent-company;/suppliers/frameworks/g-cloud-14/declaration/edit/ultimate-parent-company;;localhost:7100;504;0 Assertion failed;60;723;DMP-1.5-Dryrun;DMP 1.5 Supplier Registration - Working on AWS NFT#2013 - Actions#1;
1706280009497;GET https://www.nft.marketplace.team/suppliers/frameworks/g-cloud-14/declaration/edit/data-protection;/suppliers/frameworks/g-cloud-14/declaration/edit/insurance-requirements;/suppliers/frameworks/g-cloud-14/declaration/edit/insurance-requirements;localhost:7100;504;0 Assertion failed;60;723;DMP-1.5-Dryrun;DMP 1.5 Supplier Registration - Working on AWS NFT#1623 - Actions#1;
1706280010189;GET https://www.nft.marketplace.team/suppliers/frameworks/g-cloud-14/declaration/edit/working-with-government;/suppliers/frameworks/g-cloud-14/declaration/edit/economic-and-financial-standing;/suppliers/frameworks/g-cloud-14/declaration/edit/economic-and-financial-standing;localhost:7100;504;0 Assertion failed;60;723;DMP-1.5-Dryrun;DMP 1.5 Supplier Registration - Working on AWS NFT#1870 - Actions#1;
1706280010252;GET https://www.nft.marketplace.team/suppliers/frameworks/g-cloud-14/declaration/edit/grounds-for-mandatory-exclusion-taxes;/suppliers/frameworks/g-cloud-14/declaration/edit/grounds-for-mandatory-exclusion;/suppliers/frameworks/g-cloud-14/declaration/edit/grounds-for-mandatory-exclusion;localhost:7100;504;0 Assertion failed;60;723;DMP-1.5-Dryrun;DMP 1.5 Supplier Registration - Working on AWS NFT#1971 - Actions#1;
1706280010706;GET https://www.nft.marketplace.team/suppliers/frameworks/g-cloud-14/declaration/edit/immediate-parent-company;/suppliers/frameworks/g-cloud-14/declaration/edit/persons-with-significant-control;/suppliers/frameworks/g-cloud-14/declaration/edit/persons-with-significant-control;localhost:7100;504;0 Assertion failed;60;723;DMP-1.5-Dryrun;DMP 1.5 Supplier Registration - Working on AWS NFT#2298 - Actions#1;
1706280011308;POST https://www.nft.marketplace.team/suppliers/frameworks/g-cloud-14;/suppliers/frameworks/g-cloud-14;;localhost:7100;504;0 Assertion failed;60;723;DMP-1.5-Dryrun;DMP 1.5 Supplier Registration - Working on AWS NFT#2467 - Actions#1;
1706280012297;POST https://www.nft.marketplace.team/suppliers/frameworks/g-cloud-14/declaration/edit/contact-details;/suppliers/frameworks/g-cloud-14/declaration/edit/contact-details;;localhost:7100;504;0 Assertion failed;60;723;DMP-1.5-Dryrun;DMP 1.5 Supplier Registration - Working on AWS NFT#1318 - Actions#1;
1706280012610;POST https://www.nft.marketplace.team/suppliers/frameworks/g-cloud-14/declaration/edit/immediate-parent-company;/suppliers/frameworks/g-cloud-14/declaration/edit/immediate-parent-company;;localhost:7100;504;0 Assertion failed;60;723;DMP-1.5-Dryrun;DMP 1.5 Supplier Registration - Working on AWS NFT#2293 - Actions#1;
1706280012842;GET https://www.nft.marketplace.team/suppliers/frameworks/g-cloud-14/declaration/edit/key-subcontractors;/suppliers/frameworks/g-cloud-14/declaration/edit/group-or-consortium;/suppliers/frameworks/g-cloud-14/declaration/edit/group-or-consortium;localhost:7100;504;0 Assertion failed;60;723;DMP-1.5-Dryrun;DMP 1.5 Supplier Registration - Working on AWS NFT#2094 - Actions#1;
1706280012964;GET https://www.nft.marketplace.team/suppliers/frameworks/g-cloud-14/declaration/edit/grounds-for-mandatory-exclusion-taxes;/suppliers/frameworks/g-cloud-14/declaration/edit/grounds-for-mandatory-exclusion;/suppliers/frameworks/g-cloud-14/declaration/edit/grounds-for-mandatory-exclusion;localhost:7100;504;0 Assertion failed;60;723;DMP-1.5-Dryrun;DMP 1.5 Supplier Registration - Working on AWS NFT#1921 - Actions#1;
1706280013682;GET https://www.nft.marketplace.team/suppliers/frameworks/g-cloud-14/declaration/edit/health-and-safety;/suppliers/frameworks/g-cloud-14/declaration/edit/data-protection;/suppliers/frameworks/g-cloud-14/declaration/edit/data-protection;localhost:7100;504;0 Assertion failed;60;723;DMP-1.5-Dryrun;DMP 1.5 Supplier Registration - Working on AWS NFT#1621 - Actions#1;
1706280014788;GET https://www.nft.marketplace.team/suppliers/frameworks/g-cloud-14;/suppliers/details;/suppliers/details;localhost:7100;504;0 Assertion failed;60;723;DMP-1.5-Dryrun;DMP 1.5 Supplier Registration - Working on AWS NFT#2441 - Actions#1;
1706280015485;GET https://www.nft.marketplace.team/suppliers/frameworks/g-cloud-14/declaration/edit/value-added-tax;/suppliers/frameworks/g-cloud-14/declaration/edit/working-with-government;/suppliers/frameworks/g-cloud-14/declaration/edit/working-with-government;localhost:7100;504;0 Assertion failed;60;723;DMP-1.5-Dryrun;DMP 1.5 Supplier Registration - Working on AWS NFT#1817 - Actions#1;
1706280015561;POST https://www.nft.marketplace.team/suppliers/frameworks/g-cloud-14/declaration/edit/providing-suitable-services;/suppliers/frameworks/g-cloud-14/declaration/edit/providing-suitable-services;;localhost:7100;504;0 Assertion failed;60;723;DMP-1.5-Dryrun;DMP 1.5 Supplier Registration - Working on AWS NFT#2371 - Actions#1;
1706280015571;GET https://www.nft.marketplace.team/suppliers/frameworks/g-cloud-14/declaration/edit/ultimate-parent-company;/suppliers/frameworks/g-cloud-14/declaration/edit/immediate-parent-company;/suppliers/frameworks/g-cloud-14/declaration/edit/immediate-parent-company;localhost:7100;504;0 Assertion failed;60;723;DMP-1.5-Dryrun;DMP 1.5 Supplier Registration - Working on AWS NFT#2261 - Actions#1;
1706280016830;GET https://www.nft.marketplace.team/suppliers/frameworks/g-cloud-14/declaration/edit/group-or-consortium;/suppliers/frameworks/g-cloud-14/declaration/edit/ultimate-parent-company;/suppliers/frameworks/g-cloud-14/declaration/edit/ultimate-parent-company;localhost:7100;504;0 Assertion failed;60;723;DMP-1.5-Dryrun;DMP 1.5 Supplier Registration - Working on AWS NFT#2194 - Actions#1;
1706280017126;GET https://www.nft.marketplace.team/suppliers/frameworks/g-cloud-14/declaration/edit/ultimate-parent-company;/suppliers/frameworks/g-cloud-14/declaration/edit/immediate-parent-company;/suppliers/frameworks/g-cloud-14/declaration/edit/immediate-parent-company;localhost:7100;504;0 Assertion failed;60;723;DMP-1.5-Dryrun;DMP 1.5 Supplier Registration - Working on AWS NFT#2168 - Actions#1;
1706280021138;GET https://www.nft.marketplace.team/suppliers/frameworks/g-cloud-14/declaration/edit/grounds-for-mandatory-exclusion-taxes;/suppliers/frameworks/g-cloud-14/declaration/edit/grounds-for-mandatory-exclusion;/suppliers/frameworks/g-cloud-14/declaration/edit/grounds-for-mandatory-exclusion;localhost:7100;504;0 Assertion failed;60;723;DMP-1.5-Dryrun;DMP 1.5 Supplier Registration - Working on AWS NFT#2159 - Actions#1;
1706280021181;GET https://www.nft.marketplace.team/suppliers/frameworks/g-cloud-14/declaration/edit/contracts-finder;/suppliers/frameworks/g-cloud-14/declaration/edit/health-and-safety;/suppliers/frameworks/g-cloud-14/declaration/edit/health-and-safety;localhost:7100;504;0 Assertion failed;60;723;DMP-1.5-Dryrun;DMP 1.5 Supplier Registration - Working on AWS NFT#1530 - Actions#1;
1706280023987;GET https://www.nft.marketplace.team/suppliers/frameworks/g-cloud-14;/suppliers/details;/suppliers/details;localhost:7100;504;0 Assertion failed;60;723;DMP-1.5-Dryrun;DMP 1.5 Supplier Registration - Working on AWS NFT#2410 - Actions#1;
1706280024399;POST https://www.nft.marketplace.team/suppliers/frameworks/g-cloud-14/declaration/edit/providing-suitable-services;/suppliers/frameworks/g-cloud-14/declaration/edit/providing-suitable-services;;localhost:7100;504;0 Assertion failed;60;723;DMP-1.5-Dryrun;DMP 1.5 Supplier Registration - Working on AWS NFT#2362 - Actions#1;
1706280041598;POST https://www.nft.marketplace.team/suppliers/frameworks/g-cloud-14/declaration/edit/ultimate-parent-company;/suppliers/frameworks/g-cloud-14/declaration/edit/ultimate-parent-company;;localhost:7100;504;0 Assertion failed;60;723;DMP-1.5-Dryrun;DMP 1.5 Supplier Registration - Working on AWS NFT#2212 - Actions#1;
1706280042583;GET https://www.nft.marketplace.team/suppliers/frameworks/g-cloud-14/declaration/edit/grounds-for-mandatory-exclusion;/suppliers/frameworks/g-cloud-14/declaration/edit/key-subcontractors;/suppliers/frameworks/g-cloud-14/declaration/edit/key-subcontractors;localhost:7100;504;0 Assertion failed;60;723;DMP-1.5-Dryrun;DMP 1.5 Supplier Registration - Working on AWS NFT#2101 - Actions#1;
1706280043128;POST https://www.nft.marketplace.team/suppliers/frameworks/g-cloud-14/declaration/edit/persons-with-significant-control;/suppliers/frameworks/g-cloud-14/declaration/edit/persons-with-significant-control;;localhost:7100;504;0 Assertion failed;60;723;DMP-1.5-Dryrun;DMP 1.5 Supplier Registration - Working on AWS NFT#2265 - Actions#1;
1706280043574;GET https://www.nft.marketplace.team/suppliers/frameworks/g-cloud-14/declaration/edit/economic-and-financial-standing;/suppliers/frameworks/g-cloud-14/declaration/edit/modern-slavery;/suppliers/frameworks/g-cloud-14/declaration/edit/modern-slavery;localhost:7100;504;0 Assertion failed;60;723;DMP-1.5-Dryrun;DMP 1.5 Supplier Registration - Working on AWS NFT#1889 - Actions#1;
1706280044303;GET https://www.nft.marketplace.team/suppliers/frameworks/g-cloud-14/declaration/edit/immediate-parent-company;/suppliers/frameworks/g-cloud-14/declaration/edit/persons-with-significant-control;/suppliers/frameworks/g-cloud-14/declaration/edit/persons-with-significant-control;localhost:7100;504;0 Assertion failed;60;723;DMP-1.5-Dryrun;DMP 1.5 Supplier Registration - Working on AWS NFT#2246 - Actions#1;
1706280044554;GET https://www.nft.marketplace.team/suppliers/frameworks/g-cloud-14;/suppliers/details;/suppliers/details;localhost:7100;504;0 Assertion failed;60;723;DMP-1.5-Dryrun;DMP 1.5 Supplier Registration - Working on AWS NFT#2408 - Actions#1;
1706280046330;GET https://www.nft.marketplace.team/suppliers/frameworks/g-cloud-14/declaration/edit/what-it-means-to-be-on-g-cloud-14;/suppliers/frameworks/g-cloud-14/declaration/edit/providing-suitable-services;/suppliers/frameworks/g-cloud-14/declaration/edit/providing-suitable-services;localhost:7100;504;0 Assertion failed;60;723;DMP-1.5-Dryrun;DMP 1.5 Supplier Registration - Working on AWS NFT#2369 - Actions#1;
1706280047211;GET https://www.nft.marketplace.team/suppliers/frameworks/g-cloud-14/declaration/reuse;/suppliers/frameworks/g-cloud-14/declaration/reuse;;localhost:7100;504;0 Assertion failed;60;723;DMP-1.5-Dryrun;DMP 1.5 Supplier Registration - Working on AWS NFT#2405 - Actions#1;
1706280047331;GET https://www.nft.marketplace.team/suppliers/frameworks/g-cloud-14/declaration/edit/key-subcontractors;/suppliers/frameworks/g-cloud-14/declaration/edit/group-or-consortium;/suppliers/frameworks/g-cloud-14/declaration/edit/group-or-consortium;localhost:7100;504;0 Assertion failed;60;723;DMP-1.5-Dryrun;DMP 1.5 Supplier Registration - Working on AWS NFT#2040 - Actions#1;
1706280047941;GET https://www.nft.marketplace.team/suppliers/frameworks/g-cloud-14/declaration/edit/immediate-parent-company;/suppliers/frameworks/g-cloud-14/declaration/edit/persons-with-significant-control;/suppliers/frameworks/g-cloud-14/declaration/edit/persons-with-significant-control;localhost:7100;504;0 Assertion failed;60;723;DMP-1.5-Dryrun;DMP 1.5 Supplier Registration - Working on AWS NFT#2354 - Actions#1;
1706280049226;POST https://www.nft.marketplace.team/suppliers/frameworks/g-cloud-14/declaration/edit/group-or-consortium;/suppliers/frameworks/g-cloud-14/declaration/edit/group-or-consortium;;localhost:7100;504;0 Assertion failed;60;723;DMP-1.5-Dryrun;DMP 1.5 Supplier Registration - Working on AWS NFT#2203 - Actions#1;
1706280050008;POST https://www.nft.marketplace.team/suppliers/frameworks/g-cloud-14/declaration/edit/authorisation-or-organisation-legal-requirement;/suppliers/frameworks/g-cloud-14/declaration/edit/authorisation-or-organisation-legal-requireme;;localhost:7100;504;0 Assertion failed;60;723;DMP-1.5-Dryrun;DMP 1.5 Supplier Registration - Working on AWS NFT#2316 - Actions#1;
1706280050531;POST https://www.nft.marketplace.team/suppliers/frameworks/g-cloud-14/declaration/edit/data-protection;/suppliers/frameworks/g-cloud-14/declaration/edit/data-protection;;localhost:7100;504;0 Assertion failed;60;723;DMP-1.5-Dryrun;DMP 1.5 Supplier Registration - Working on AWS NFT#1740 - Actions#1;
1706280050559;POST https://www.nft.marketplace.team/suppliers/frameworks/g-cloud-14/declaration/edit/grounds-for-mandatory-exclusion-taxes;/suppliers/frameworks/g-cloud-14/declaration/edit/grounds-for-mandatory-exclusion-taxes;;localhost:7100;504;0 Assertion failed;60;723;DMP-1.5-Dryrun;DMP 1.5 Supplier Registration - Working on AWS NFT#2060 - Actions#1;
1706280051649;GET https://www.nft.marketplace.team/suppliers/frameworks/g-cloud-14/declaration/start;/suppliers/frameworks/g-cloud-14/declaration/start;;localhost:7100;504;0 Assertion failed;60;723;DMP-1.5-Dryrun;DMP 1.5 Supplier Registration - Working on AWS NFT#2439 - Actions#1;
1706280052448;GET https://www.nft.marketplace.team/suppliers/frameworks/g-cloud-14/declaration/edit/economic-and-financial-standing;/suppliers/frameworks/g-cloud-14/declaration/edit/modern-slavery;/suppliers/frameworks/g-cloud-14/declaration/edit/modern-slavery;localhost:7100;504;0 Assertion failed;60;723;DMP-1.5-Dryrun;DMP 1.5 Supplier Registration - Working on AWS NFT#1787 - Actions#1;
1706280052532;POST https://www.nft.marketplace.team/suppliers/frameworks/g-cloud-14/declaration/edit/key-subcontractors;/suppliers/frameworks/g-cloud-14/declaration/edit/key-subcontractors;;localhost:7100;504;0 Assertion failed;60;723;DMP-1.5-Dryrun;DMP 1.5 Supplier Registration - Working on AWS NFT#2039 - Actions#1;
1706280052745;GET https://www.nft.marketplace.team/suppliers/frameworks/g-cloud-14;/suppliers/details;/suppliers/details;localhost:7100;504;0 Assertion failed;60;723;DMP-1.5-Dryrun;DMP 1.5 Supplier Registration - Working on AWS NFT#2446 - Actions#1;
1706280053757;GET https://www.nft.marketplace.team/suppliers/frameworks/g-cloud-14/declaration/edit/key-subcontractors;/suppliers/frameworks/g-cloud-14/declaration/edit/group-or-consortium;/suppliers/frameworks/g-cloud-14/declaration/edit/group-or-consortium;localhost:7100;504;0 Assertion failed;60;723;DMP-1.5-Dryrun;DMP 1.5 Supplier Registration - Working on AWS NFT#2005 - Actions#1;
1706280053826;GET https://www.nft.marketplace.team/suppliers/frameworks/g-cloud-14;/suppliers/frameworks/g-cloud-14/declaration;/suppliers/frameworks/g-cloud-14/declaration;localhost:7100;504;0 Assertion failed;60;723;DMP-1.5-Dryrun;DMP 1.5 Supplier Registration - Working on AWS NFT#1410 - Actions#1;
1706280054197;GET https://www.nft.marketplace.team/suppliers/frameworks/g-cloud-14/declaration/start;/suppliers/frameworks/g-cloud-14/declaration/start;;localhost:7100;504;0 Assertion failed;60;723;DMP-1.5-Dryrun;DMP 1.5 Supplier Registration - Working on AWS NFT#2422 - Actions#1;
1706280054337;GET https://www.nft.marketplace.team/suppliers/frameworks/g-cloud-14/submissions/cloud-hosting/281364/edit/about-your-service/service-description;/suppliers/frameworks/g-cloud-14/submissions/cloud-hosting/281140/edit/about-your-service/servi;;localhost:7100;504;0 Assertion failed;60.1;723;DMP-1.5-Dryrun;DMP 1.5 Supplier Registration - Working on AWS NFT#1154 - Actions#1;
1706280054474;GET https://www.nft.marketplace.team/suppliers/frameworks/g-cloud-14/declaration/edit/persons-with-significant-control;/suppliers/frameworks/g-cloud-14/declaration/edit/authorisation-or-organisation-legal-requireme;/suppliers/frameworks/g-cloud-14/declaration/edit/authorisation-or-organisation-legal-requirement;localhost:7100;504;0 Assertion failed;60;723;DMP-1.5-Dryrun;DMP 1.5 Supplier Registration - Working on AWS NFT#2307 - Actions#1;
1706280054879;POST https://www.nft.marketplace.team/suppliers/frameworks/g-cloud-14/declaration/edit/grounds-for-mandatory-exclusion;/suppliers/frameworks/g-cloud-14/declaration/edit/grounds-for-mandatory-exclusion;;localhost:7100;504;0 Assertion failed;60;723;DMP-1.5-Dryrun;DMP 1.5 Supplier Registration - Working on AWS NFT#2036 - Actions#1;
1706280056235;POST https://www.nft.marketplace.team/suppliers/frameworks/g-cloud-14/declaration/edit/health-and-safety;/suppliers/frameworks/g-cloud-14/declaration/edit/health-and-safety;;localhost:7100;504;0 Assertion failed;60;723;DMP-1.5-Dryrun;DMP 1.5 Supplier Registration - Working on AWS NFT#1735 - Actions#1;
1706280056415;POST https://www.nft.marketplace.team/suppliers/frameworks/g-cloud-14/declaration/edit/persons-with-significant-control;/suppliers/frameworks/g-cloud-14/declaration/edit/persons-with-significant-control;;localhost:7100;504;0 Assertion failed;60;723;DMP-1.5-Dryrun;DMP 1.5 Supplier Registration - Working on AWS NFT#2338 - Actions#1;
1706280056508;POST https://www.nft.marketplace.team/suppliers/frameworks/g-cloud-14/declaration/edit/contracts-finder;/suppliers/frameworks/g-cloud-14/declaration/edit/contracts-finder;;localhost:7100;504;0 Assertion failed;60;723;DMP-1.5-Dryrun;DMP 1.5 Supplier Registration - Working on AWS NFT#1398 - Actions#1;
1706280056514;GET https://www.nft.marketplace.team/suppliers/frameworks/g-cloud-14/declaration/reuse;/suppliers/frameworks/g-cloud-14/declaration/reuse;;localhost:7100;504;0 Assertion failed;60;723;DMP-1.5-Dryrun;DMP 1.5 Supplier Registration - Working on AWS NFT#2411 - Actions#1;
1706280056848;GET https://www.nft.marketplace.team/suppliers/frameworks/g-cloud-14/declaration/edit/ultimate-parent-company;/suppliers/frameworks/g-cloud-14/declaration/edit/immediate-parent-company;/suppliers/frameworks/g-cloud-14/declaration/edit/immediate-parent-company;localhost:7100;504;0 Assertion failed;60;723;DMP-1.5-Dryrun;DMP 1.5 Supplier Registration - Working on AWS NFT#2210 - Actions#1;
1706280057376;POST https://www.nft.marketplace.team/suppliers/frameworks/g-cloud-14/submissions/cloud-hosting/281354/edit/service-scope/service-constraints;/suppliers/frameworks/g-cloud-14/submissions/cloud-hosting/281140/edit/service-scope/service-co;;localhost:7100;504;0 Assertion failed;60;723;DMP-1.5-Dryrun;DMP 1.5 Supplier Registration - Working on AWS NFT#1189 - Actions#1;
1706280058603;POST https://www.nft.marketplace.team/suppliers/frameworks/g-cloud-14/declaration/edit/data-protection;/suppliers/frameworks/g-cloud-14/declaration/edit/data-protection;;localhost:7100;504;0 Assertion failed;60;723;DMP-1.5-Dryrun;DMP 1.5 Supplier Registration - Working on AWS NFT#1664 - Actions#1;
1706280059394;GET https://www.nft.marketplace.team/suppliers/frameworks/g-cloud-14/declaration/edit/economic-and-financial-standing;/suppliers/frameworks/g-cloud-14/declaration/edit/modern-slavery;/suppliers/frameworks/g-cloud-14/declaration/edit/modern-slavery;localhost:7100;504;0 Assertion failed;60;723;DMP-1.5-Dryrun;DMP 1.5 Supplier Registration - Working on AWS NFT#1875 - Actions#1;
1706280060739;GET https://www.nft.marketplace.team/suppliers/frameworks/g-cloud-14/declaration/edit/immediate-parent-company;/suppliers/frameworks/g-cloud-14/declaration/edit/persons-with-significant-control;/suppliers/frameworks/g-cloud-14/declaration/edit/persons-with-significant-control;localhost:7100;504;0 Assertion failed;60;723;DMP-1.5-Dryrun;DMP 1.5 Supplier Registration - Working on AWS NFT#2309 - Actions#1;
1706280061467;GET https://www.nft.marketplace.team/suppliers/frameworks/g-cloud-14/declaration/reuse;/suppliers/frameworks/g-cloud-14/declaration/reuse;;localhost:7100;504;0 Assertion failed;60;723;DMP-1.5-Dryrun;DMP 1.5 Supplier Registration - Working on AWS NFT#2404 - Actions#1;
1706280061924;POST https://www.nft.marketplace.team/suppliers/frameworks/g-cloud-14/declaration/edit/group-or-consortium;/suppliers/frameworks/g-cloud-14/declaration/edit/group-or-consortium;;localhost:7100;504;0 Assertion failed;60;723;DMP-1.5-Dryrun;DMP 1.5 Supplier Registration - Working on AWS NFT#2202 - Actions#1;
1706280066871;GET https://www.nft.marketplace.team/suppliers/frameworks/g-cloud-14/declaration/edit/value-added-tax;/suppliers/frameworks/g-cloud-14/declaration/edit/working-with-government;/suppliers/frameworks/g-cloud-14/declaration/edit/working-with-government;localhost:7100;504;0 Assertion failed;60;761;DMP-1.5-Dryrun;DMP 1.5 Supplier Registration - Working on AWS NFT#1748 - Actions#1;
1706280066896;GET https://www.nft.marketplace.team/suppliers/frameworks/g-cloud-14/declaration/edit/key-subcontractors;/suppliers/frameworks/g-cloud-14/declaration/edit/group-or-consortium;/suppliers/frameworks/g-cloud-14/declaration/edit/group-or-consortium;localhost:7100;504;0 Assertion failed;60;761;DMP-1.5-Dryrun;DMP 1.5 Supplier Registration - Working on AWS NFT#2093 - Actions#1;
1706280067266;POST https://www.nft.marketplace.team/suppliers/frameworks/g-cloud-14/declaration/edit/persons-with-significant-control;/suppliers/frameworks/g-cloud-14/declaration/edit/persons-with-significant-control;;localhost:7100;504;0 Assertion failed;60;723;DMP-1.5-Dryrun;DMP 1.5 Supplier Registration - Working on AWS NFT#2350 - Actions#1;
1706280067493;POST https://www.nft.marketplace.team/suppliers/frameworks/g-cloud-14/declaration/edit/what-it-means-to-be-on-g-cloud-14;/suppliers/frameworks/g-cloud-14/declaration/edit/what-it-means-to-be-on-g-cloud-14;;localhost:7100;504;0 Assertion failed;60;723;DMP-1.5-Dryrun;DMP 1.5 Supplier Registration - Working on AWS NFT#2385 - Actions#1;
1706280068526;POST https://www.nft.marketplace.team/suppliers/frameworks/g-cloud-14/declaration/edit/economic-and-financial-standing;/suppliers/frameworks/g-cloud-14/declaration/edit/economic-and-financial-standing;;localhost:7100;504;0 Assertion failed;60;723;DMP-1.5-Dryrun;DMP 1.5 Supplier Registration - Working on AWS NFT#1903 - Actions#1;
1706280068647;GET https://www.nft.marketplace.team/suppliers/frameworks/g-cloud-14/declaration/edit/health-and-safety;/suppliers/frameworks/g-cloud-14/declaration/edit/data-protection;/suppliers/frameworks/g-cloud-14/declaration/edit/data-protection;localhost:7100;504;0 Assertion failed;60;723;DMP-1.5-Dryrun;DMP 1.5 Supplier Registration - Working on AWS NFT#1627 - Actions#1;
1706280068689;GET https://www.nft.marketplace.team/suppliers/frameworks/g-cloud-14/declaration/edit/economic-and-financial-standing;/suppliers/frameworks/g-cloud-14/declaration/edit/modern-slavery;/suppliers/frameworks/g-cloud-14/declaration/edit/modern-slavery;localhost:7100;504;0 Assertion failed;60;723;DMP-1.5-Dryrun;DMP 1.5 Supplier Registration - Working on AWS NFT#1888 - Actions#1;
1706280068896;POST https://www.nft.marketplace.team/suppliers/frameworks/g-cloud-14/declaration/edit/immediate-parent-company;/suppliers/frameworks/g-cloud-14/declaration/edit/immediate-parent-company;;localhost:7100;504;0 Assertion failed;60;723;DMP-1.5-Dryrun;DMP 1.5 Supplier Registration - Working on AWS NFT#2297 - Actions#1;
1706280069106;GET https://www.nft.marketplace.team/suppliers/frameworks/g-cloud-14/declaration/edit/grounds-for-mandatory-exclusion;/suppliers/frameworks/g-cloud-14/declaration/edit/key-subcontractors;/suppliers/frameworks/g-cloud-14/declaration/edit/key-subcontractors;localhost:7100;504;0 Assertion failed;60;723;DMP-1.5-Dryrun;DMP 1.5 Supplier Registration - Working on AWS NFT#2051 - Actions#1;
1706280069246;POST https://www.nft.marketplace.team/suppliers/frameworks/g-cloud-14/declaration/edit/grounds-for-discretionary-exclusion;/suppliers/frameworks/g-cloud-14/declaration/edit/grounds-for-discretionary-exclusion;;localhost:7100;504;0 Assertion failed;60;723;DMP-1.5-Dryrun;DMP 1.5 Supplier Registration - Working on AWS NFT#1872 - Actions#1;
1706280069562;GET https://www.nft.marketplace.team/suppliers/frameworks/g-cloud-14/declaration/edit/grounds-for-mandatory-exclusion;/suppliers/frameworks/g-cloud-14/declaration/edit/key-subcontractors;/suppliers/frameworks/g-cloud-14/declaration/edit/key-subcontractors;localhost:7100;504;0 Assertion failed;60;723;DMP-1.5-Dryrun;DMP 1.5 Supplier Registration - Working on AWS NFT#1986 - Actions#1;
1706280069766;GET https://www.nft.marketplace.team/suppliers/details;/suppliers/details;;localhost:7100;504;0 Assertion failed;60;723;DMP-1.5-Dryrun;DMP 1.5 Supplier Registration - Working on AWS NFT#2462 - Actions#1;
1706280070250;GET https://www.nft.marketplace.team/suppliers/frameworks/g-cloud-14/declaration/edit/data-protection;/suppliers/frameworks/g-cloud-14/declaration/edit/insurance-requirements;/suppliers/frameworks/g-cloud-14/declaration/edit/insurance-requirements;localhost:7100;504;0 Assertion failed;60;723;DMP-1.5-Dryrun;DMP 1.5 Supplier Registration - Working on AWS NFT#1542 - Actions#1;
1706280070756;GET https://www.nft.marketplace.team/suppliers/frameworks/g-cloud-14/declaration/edit/immediate-parent-company;/suppliers/frameworks/g-cloud-14/declaration/edit/persons-with-significant-control;/suppliers/frameworks/g-cloud-14/declaration/edit/persons-with-significant-control;localhost:7100;504;0 Assertion failed;60;723;DMP-1.5-Dryrun;DMP 1.5 Supplier Registration - Working on AWS NFT#2284 - Actions#1;
1706280070946;GET https://www.nft.marketplace.team/suppliers/frameworks/g-cloud-14/declaration/edit/grounds-for-mandatory-exclusion-taxes;/suppliers/frameworks/g-cloud-14/declaration/edit/grounds-for-mandatory-exclusion;/suppliers/frameworks/g-cloud-14/declaration/edit/grounds-for-mandatory-exclusion;localhost:7100;504;0 Assertion failed;60;723;DMP-1.5-Dryrun;DMP 1.5 Supplier Registration - Working on AWS NFT#2102 - Actions#1;
1706280071224;GET https://www.nft.marketplace.team/suppliers/frameworks/g-cloud-14/declaration/edit/ultimate-parent-company;/suppliers/frameworks/g-cloud-14/declaration/edit/immediate-parent-company;/suppliers/frameworks/g-cloud-14/declaration/edit/immediate-parent-company;localhost:7100;504;0 Assertion failed;60;723;DMP-1.5-Dryrun;DMP 1.5 Supplier Registration - Working on AWS NFT#2078 - Actions#1;
1706280072038;POST https://www.nft.marketplace.team/suppliers/frameworks/g-cloud-14/declaration/edit/persons-with-significant-control;/suppliers/frameworks/g-cloud-14/declaration/edit/persons-with-significant-control;;localhost:7100;504;0 Assertion failed;60;723;DMP-1.5-Dryrun;DMP 1.5 Supplier Registration - Working on AWS NFT#2263 - Actions#1;
1706280072352;POST https://www.nft.marketplace.team/suppliers/frameworks/g-cloud-14/declaration/edit/modern-slavery;/suppliers/frameworks/g-cloud-14/declaration/edit/modern-slavery;;localhost:7100;504;0 Assertion failed;60;723;DMP-1.5-Dryrun;DMP 1.5 Supplier Registration - Working on AWS NFT#1761 - Actions#1;
1706280072354;GET https://www.nft.marketplace.team/suppliers/frameworks/g-cloud-14/declaration/edit/economic-and-financial-standing;/suppliers/frameworks/g-cloud-14/declaration/edit/modern-slavery;/suppliers/frameworks/g-cloud-14/declaration/edit/modern-slavery;localhost:7100;504;0 Assertion failed;60;723;DMP-1.5-Dryrun;DMP 1.5 Supplier Registration - Working on AWS NFT#1920 - Actions#1;
1706280072677;POST https://www.nft.marketplace.team/suppliers/frameworks/g-cloud-14/declaration/edit/what-it-means-to-be-on-g-cloud-14;/suppliers/frameworks/g-cloud-14/declaration/edit/what-it-means-to-be-on-g-cloud-14;;localhost:7100;504;0 Assertion failed;60;723;DMP-1.5-Dryrun;DMP 1.5 Supplier Registration - Working on AWS NFT#2360 - Actions#1;
1706280073123;POST https://www.nft.marketplace.team/suppliers/frameworks/g-cloud-14/declaration/edit/data-protection;/suppliers/frameworks/g-cloud-14/declaration/edit/data-protection;;localhost:7100;504;0 Assertion failed;60;723;DMP-1.5-Dryrun;DMP 1.5 Supplier Registration - Working on AWS NFT#1846 - Actions#1;
1706280073721;GET https://www.nft.marketplace.team/suppliers/frameworks/g-cloud-14/declaration/edit/immediate-parent-company;/suppliers/frameworks/g-cloud-14/declaration/edit/persons-with-significant-control;/suppliers/frameworks/g-cloud-14/declaration/edit/persons-with-significant-control;localhost:7100;504;0 Assertion failed;60;723;DMP-1.5-Dryrun;DMP 1.5 Supplier Registration - Working on AWS NFT#2253 - Actions#1;
1706280073837;POST https://www.nft.marketplace.team/suppliers/frameworks/g-cloud-14/declaration/edit/what-it-means-to-be-on-g-cloud-14;/suppliers/frameworks/g-cloud-14/declaration/edit/what-it-means-to-be-on-g-cloud-14;;localhost:7100;504;0 Assertion failed;60;723;DMP-1.5-Dryrun;DMP 1.5 Supplier Registration - Working on AWS NFT#2380 - Actions#1;
1706280074426;GET https://www.nft.marketplace.team/suppliers/frameworks/g-cloud-14/declaration/edit/framework-award-form-details;/suppliers/frameworks/g-cloud-14/declaration/edit/contracts-finder;/suppliers/frameworks/g-cloud-14/declaration/edit/contracts-finder;localhost:7100;504;0 Assertion failed;60;723;DMP-1.5-Dryrun;DMP 1.5 Supplier Registration - Working on AWS NFT#1567 - Actions#1;
1706280074443;GET https://www.nft.marketplace.team/suppliers/frameworks/g-cloud-14/declaration/edit/key-subcontractors;/suppliers/frameworks/g-cloud-14/declaration/edit/group-or-consortium;/suppliers/frameworks/g-cloud-14/declaration/edit/group-or-consortium;localhost:7100;504;0 Assertion failed;60;761;DMP-1.5-Dryrun;DMP 1.5 Supplier Registration - Working on AWS NFT#2054 - Actions#1;
1706280074767;POST https://www.nft.marketplace.team/suppliers/frameworks/g-cloud-14/declaration/edit/immediate-parent-company;/suppliers/frameworks/g-cloud-14/declaration/edit/immediate-parent-company;;localhost:7100;504;0 Assertion failed;60;723;DMP-1.5-Dryrun;DMP 1.5 Supplier Registration - Working on AWS NFT#2292 - Actions#1;
1706280074842;GET https://www.nft.marketplace.team/suppliers/frameworks/g-cloud-14/declaration/edit/grounds-for-discretionary-exclusion;/suppliers/frameworks/g-cloud-14/declaration/edit/grounds-for-mandatory-exclusion-taxes;/suppliers/frameworks/g-cloud-14/declaration/edit/grounds-for-mandatory-exclusion-taxes;localhost:7100;504;0 Assertion failed;60;723;DMP-1.5-Dryrun;DMP 1.5 Supplier Registration - Working on AWS NFT#2179 - Actions#1;
1706280074877;POST https://www.nft.marketplace.team/suppliers/frameworks/g-cloud-14/declaration/edit/authorisation-or-organisation-legal-requirement;/suppliers/frameworks/g-cloud-14/declaration/edit/authorisation-or-organisation-legal-requireme;;localhost:7100;504;0 Assertion failed;60;723;DMP-1.5-Dryrun;DMP 1.5 Supplier Registration - Working on AWS NFT#2374 - Actions#1;
1706280075113;GET https://www.nft.marketplace.team/suppliers/frameworks/g-cloud-14/declaration/edit/authorisation-or-organisation-legal-requirement;/suppliers/frameworks/g-cloud-14/declaration/edit/what-it-means-to-be-on-g-cloud-14;/suppliers/frameworks/g-cloud-14/declaration/edit/what-it-means-to-be-on-g-cloud-14;localhost:7100;504;0 Assertion failed;60;723;DMP-1.5-Dryrun;DMP 1.5 Supplier Registration - Working on AWS NFT#2387 - Actions#1;
1706280075247;GET https://www.nft.marketplace.team/suppliers/frameworks/g-cloud-14/submissions/cloud-hosting;/suppliers/frameworks/g-cloud-14/submissions/service-type;/suppliers/frameworks/g-cloud-14/submissions/service-type;localhost:7100;504;0 Assertion failed;60;723;DMP-1.5-Dryrun;DMP 1.5 Supplier Registration - Working on AWS NFT#1345 - Actions#1;
1706280075366;GET https://www.nft.marketplace.team/suppliers/details;/suppliers/details;;localhost:7100;504;0 Assertion failed;60;723;DMP-1.5-Dryrun;DMP 1.5 Supplier Registration - Working on AWS NFT#2464 - Actions#1;
1706280075370;POST https://www.nft.marketplace.team/suppliers/frameworks/g-cloud-14/declaration/edit/group-or-consortium;/suppliers/frameworks/g-cloud-14/declaration/edit/group-or-consortium;;localhost:7100;504;0 Assertion failed;60;723;DMP-1.5-Dryrun;DMP 1.5 Supplier Registration - Working on AWS NFT#2178 - Actions#1;
1706280075635;POST https://www.nft.marketplace.team/suppliers/frameworks/g-cloud-14/declaration/edit/what-it-means-to-be-on-g-cloud-14;/suppliers/frameworks/g-cloud-14/declaration/edit/what-it-means-to-be-on-g-cloud-14;;localhost:7100;504;0 Assertion failed;60;723;DMP-1.5-Dryrun;DMP 1.5 Supplier Registration - Working on AWS NFT#2367 - Actions#1;
1706280075701;GET https://www.nft.marketplace.team/suppliers/frameworks/g-cloud-14/declaration/edit/ultimate-parent-company;/suppliers/frameworks/g-cloud-14/declaration/edit/immediate-parent-company;/suppliers/frameworks/g-cloud-14/declaration/edit/immediate-parent-company;localhost:7100;504;0 Assertion failed;60;761;DMP-1.5-Dryrun;DMP 1.5 Supplier Registration - Working on AWS NFT#2205 - Actions#1;
1706280075910;GET https://www.nft.marketplace.team/suppliers/frameworks/g-cloud-14/submissions/cloud-hosting/281363;/suppliers/frameworks/g-cloud-14/submissions/cloud-hosting/281140/edit/about-your-service/servi;/suppliers/frameworks/g-cloud-14/submissions/cloud-hosting/${pServiceId}/edit/about-your-service/service-categories;localhost:7100;504;0 Assertion failed;60;723;DMP-1.5-Dryrun;DMP 1.5 Supplier Registration - Working on AWS NFT#1202 - Actions#1;
1706280075931;POST https://www.nft.marketplace.team/suppliers/frameworks/g-cloud-14/declaration/edit/key-subcontractors;/suppliers/frameworks/g-cloud-14/declaration/edit/key-subcontractors;;localhost:7100;504;0 Assertion failed;60;723;DMP-1.5-Dryrun;DMP 1.5 Supplier Registration - Working on AWS NFT#2151 - Actions#1;
1706280076202;POST https://www.nft.marketplace.team/suppliers/frameworks/g-cloud-14/submissions/cloud-hosting/281319/edit/onboarding-and-offboarding/documentation;/suppliers/frameworks/g-cloud-14/submissions/cloud-hosting/281140/edit/onboarding-and-offboardi;;localhost:7100;504;0 Assertion failed;60;761;DMP-1.5-Dryrun;DMP 1.5 Supplier Registration - Working on AWS NFT#661 - Actions#1;
1706280076288;POST https://www.nft.marketplace.team/suppliers/frameworks/g-cloud-14/declaration/edit/grounds-for-mandatory-exclusion;/suppliers/frameworks/g-cloud-14/declaration/edit/grounds-for-mandatory-exclusion;;localhost:7100;504;0 Assertion failed;60;723;DMP-1.5-Dryrun;DMP 1.5 Supplier Registration - Working on AWS NFT#2065 - Actions#1;
1706280077125;POST https://www.nft.marketplace.team/suppliers/frameworks/g-cloud-14/declaration/edit/key-subcontractors;/suppliers/frameworks/g-cloud-14/declaration/edit/key-subcontractors;;localhost:7100;504;0 Assertion failed;60;723;DMP-1.5-Dryrun;DMP 1.5 Supplier Registration - Working on AWS NFT#1982 - Actions#1;
1706280077147;GET https://www.nft.marketplace.team/suppliers/frameworks/g-cloud-14/submissions/cloud-hosting/281336/edit/how-users-work-with-your-service/api;/suppliers/frameworks/g-cloud-14/submissions/cloud-hosting/281140/edit/how-users-work-with-your;/suppliers/frameworks/g-cloud-14/submissions/cloud-hosting/${pServiceId}/edit/how-users-work-with-your-service/web-interface;localhost:7100;504;0 Assertion failed;60;723;DMP-1.5-Dryrun;DMP 1.5 Supplier Registration - Working on AWS NFT#773 - Actions#1;
1706280077524;POST https://www.nft.marketplace.team/suppliers/frameworks/g-cloud-14/submissions/cloud-hosting/281355/edit/service-features-and-benefits/service-features-and-benefits;/suppliers/frameworks/g-cloud-14/submissions/cloud-hosting/281140/edit/service-features-and-ben;;localhost:7100;504;0 Assertion failed;60;723;DMP-1.5-Dryrun;DMP 1.5 Supplier Registration - Working on AWS NFT#1111 - Actions#1;
1706280077678;GET https://www.nft.marketplace.team/suppliers;/user/login;;localhost:7100;504;0 Assertion failed;60;723;DMP-1.5-Dryrun;DMP 1.5 Supplier Registration - Working on AWS NFT#2469 - Actions#1;
1706280078084;POST https://www.nft.marketplace.team/suppliers/frameworks/g-cloud-14/declaration/edit/data-protection;/suppliers/frameworks/g-cloud-14/declaration/edit/data-protection;;localhost:7100;504;0 Assertion failed;60;723;DMP-1.5-Dryrun;DMP 1.5 Supplier Registration - Working on AWS NFT#1710 - Actions#1;
1706280078711;GET https://www.nft.marketplace.team/suppliers/frameworks/g-cloud-14/declaration/edit/ultimate-parent-company;/suppliers/frameworks/g-cloud-14/declaration/edit/immediate-parent-company;/suppliers/frameworks/g-cloud-14/declaration/edit/immediate-parent-company;localhost:7100;504;0 Assertion failed;60;723;DMP-1.5-Dryrun;DMP 1.5 Supplier Registration - Working on AWS NFT#2328 - Actions#1;
1706280079111;GET https://www.nft.marketplace.team/suppliers/frameworks/g-cloud-14/declaration/start;/suppliers/frameworks/g-cloud-14/declaration/start;;localhost:7100;504;0 Assertion failed;60;723;DMP-1.5-Dryrun;DMP 1.5 Supplier Registration - Working on AWS NFT#2431 - Actions#1;
1706280079273;GET https://www.nft.marketplace.team/suppliers;/user/login;;localhost:7100;504;0 Assertion failed;60;723;DMP-1.5-Dryrun;DMP 1.5 Supplier Registration - Working on AWS NFT#2470 - Actions#1;
1706280079315;POST https://www.nft.marketplace.team/suppliers/frameworks/g-cloud-14/declaration/edit/what-it-means-to-be-on-g-cloud-14;/suppliers/frameworks/g-cloud-14/declaration/edit/what-it-means-to-be-on-g-cloud-14;;localhost:7100;504;0 Assertion failed;60;723;DMP-1.5-Dryrun;DMP 1.5 Supplier Registration - Working on AWS NFT#2368 - Actions#1;
1706280079528;GET https://www.nft.marketplace.team/suppliers/frameworks/g-cloud-14/declaration/edit/persons-with-significant-control;/suppliers/frameworks/g-cloud-14/declaration/edit/authorisation-or-organisation-legal-requireme;/suppliers/frameworks/g-cloud-14/declaration/edit/authorisation-or-organisation-legal-requirement;localhost:7100;504;0 Assertion failed;60;723;DMP-1.5-Dryrun;DMP 1.5 Supplier Registration - Working on AWS NFT#2390 - Actions#1;
1706280079725;GET https://www.nft.marketplace.team/suppliers/details;/suppliers/details;;localhost:7100;200;1 Assertion failed;10.31;32349;DMP-1.5-Dryrun;DMP 1.5 Supplier Registration - Working on AWS NFT#2471 - Actions#1;
1706280079774;GET https://www.nft.marketplace.team/suppliers/frameworks/g-cloud-14/declaration/edit/persons-with-significant-control;/suppliers/frameworks/g-cloud-14/declaration/edit/authorisation-or-organisation-legal-requireme;/suppliers/frameworks/g-cloud-14/declaration/edit/authorisation-or-organisation-legal-requirement;localhost:7100;504;0 Assertion failed;60;723;DMP-1.5-Dryrun;DMP 1.5 Supplier Registration - Working on AWS NFT#2331 - Actions#1;
1706280079934;POST https://www.nft.marketplace.team/suppliers/frameworks/g-cloud-14/declaration/edit/insurance-requirements;/suppliers/frameworks/g-cloud-14/declaration/edit/insurance-requirements;;localhost:7100;504;0 Assertion failed;60;723;DMP-1.5-Dryrun;DMP 1.5 Supplier Registration - Working on AWS NFT#1686 - Actions#1;
1706280080279;POST https://www.nft.marketplace.team/suppliers/frameworks/g-cloud-14/declaration/edit/working-with-government;/suppliers/frameworks/g-cloud-14/declaration/edit/working-with-government;;localhost:7100;504;0 Assertion failed;60;723;DMP-1.5-Dryrun;DMP 1.5 Supplier Registration - Working on AWS NFT#1858 - Actions#1;
1706280080299;GET https://www.nft.marketplace.team/suppliers;/user/login;;localhost:7100;504;0 Assertion failed;60;723;DMP-1.5-Dryrun;DMP 1.5 Supplier Registration - Working on AWS NFT#2472 - Actions#1;
1706280080332;GET https://www.nft.marketplace.team/suppliers/frameworks/g-cloud-14/declaration/edit/grounds-for-discretionary-exclusion;/suppliers/frameworks/g-cloud-14/declaration/edit/grounds-for-mandatory-exclusion-taxes;/suppliers/frameworks/g-cloud-14/declaration/edit/grounds-for-mandatory-exclusion-taxes;localhost:7100;504;0 Assertion failed;60;723;DMP-1.5-Dryrun;DMP 1.5 Supplier Registration - Working on AWS NFT#1985 - Actions#1;
1706280080373;POST https://www.nft.marketplace.team/suppliers/frameworks/g-cloud-14/declaration/edit/authorisation-or-organisation-legal-requirement;/suppliers/frameworks/g-cloud-14/declaration/edit/authorisation-or-organisation-legal-requireme;;localhost:7100;504;0 Assertion failed;60;723;DMP-1.5-Dryrun;DMP 1.5 Supplier Registration - Working on AWS NFT#2204 - Actions#1;
1706280080450;GET https://www.nft.marketplace.team/suppliers/frameworks/g-cloud-14/declaration/start;/suppliers/frameworks/g-cloud-14/declaration/start;;localhost:7100;504;0 Assertion failed;60;723;DMP-1.5-Dryrun;DMP 1.5 Supplier Registration - Working on AWS NFT#2428 - Actions#1;
1706280080534;POST https://www.nft.marketplace.team/suppliers/frameworks/g-cloud-14/declaration/edit/ultimate-parent-company;/suppliers/frameworks/g-cloud-14/declaration/edit/ultimate-parent-company;;localhost:7100;504;0 Assertion failed;60;723;DMP-1.5-Dryrun;DMP 1.5 Supplier Registration - Working on AWS NFT#2216 - Actions#1;
1706280080536;GET https://www.nft.marketplace.team/suppliers;/user/login;;localhost:7100;504;0 Assertion failed;60;723;DMP-1.5-Dryrun;DMP 1.5 Supplier Registration - Working on AWS NFT#2473 - Actions#1;
1706280080576;POST https://www.nft.marketplace.team/suppliers/frameworks/g-cloud-14/declaration/edit/ultimate-parent-company;/suppliers/frameworks/g-cloud-14/declaration/edit/ultimate-parent-company;;localhost:7100;504;0 Assertion failed;60;761;DMP-1.5-Dryrun;DMP 1.5 Supplier Registration - Working on AWS NFT#2081 - Actions#1;
1706280080695;POST https://www.nft.marketplace.team/suppliers/frameworks/g-cloud-14/declaration/edit/grounds-for-discretionary-exclusion;/suppliers/frameworks/g-cloud-14/declaration/edit/grounds-for-discretionary-exclusion;;localhost:7100;504;0 Assertion failed;60;723;DMP-1.5-Dryrun;DMP 1.5 Supplier Registration - Working on AWS NFT#1991 - Actions#1;
1706280080722;GET https://www.nft.marketplace.team/suppliers/frameworks/g-cloud-14/declaration/start;/suppliers/frameworks/g-cloud-14/declaration/start;;localhost:7100;504;0 Assertion failed;60;723;DMP-1.5-Dryrun;DMP 1.5 Supplier Registration - Working on AWS NFT#2418 - Actions#1;
1706280080760;POST https://www.nft.marketplace.team/suppliers/details;/suppliers/details;/suppliers/details;localhost:7100;504;0 Assertion failed;60;761;DMP-1.5-Dryrun;DMP 1.5 Supplier Registration - Working on AWS NFT#2455 - Actions#1;
1706280080866;GET https://www.nft.marketplace.team/suppliers/frameworks/g-cloud-14/submissions/cloud-hosting/281143/edit/audit-information-for-users/audit-for-suppliers-users-actions;/suppliers/frameworks/g-cloud-14/submissions/cloud-hosting/281140/edit/audit-information-for-us;/suppliers/frameworks/g-cloud-14/submissions/cloud-hosting/${pServiceId}/edit/audit-information-for-users/audit-for-buyers-users-actions;localhost:7100;504;0 Assertion failed;60;723;DMP-1.5-Dryrun;DMP 1.5 Supplier Registration - Working on AWS NFT#300 - Actions#1;
1706280080883;GET https://www.nft.marketplace.team/suppliers/frameworks/g-cloud-14/declaration/edit/ultimate-parent-company;/suppliers/frameworks/g-cloud-14/declaration/edit/immediate-parent-company;/suppliers/frameworks/g-cloud-14/declaration/edit/immediate-parent-company;localhost:7100;504;0 Assertion failed;60;723;DMP-1.5-Dryrun;DMP 1.5 Supplier Registration - Working on AWS NFT#2264 - Actions#1;
1706280081072;GET https://www.nft.marketplace.team/suppliers/frameworks/g-cloud-14/declaration/reuse;/suppliers/frameworks/g-cloud-14/declaration/reuse;;localhost:7100;504;0 Assertion failed;60;723;DMP-1.5-Dryrun;DMP 1.5 Supplier Registration - Working on AWS NFT#54 - Actions#2;
1706280081075;POST https://www.nft.marketplace.team/suppliers/frameworks/g-cloud-14/declaration/edit/persons-with-significant-control;/suppliers/frameworks/g-cloud-14/declaration/edit/persons-with-significant-control;;localhost:7100;504;0 Assertion failed;60;761;DMP-1.5-Dryrun;DMP 1.5 Supplier Registration - Working on AWS NFT#2343 - Actions#1;
1706280081348;POST https://www.nft.marketplace.team/suppliers/frameworks/g-cloud-14/declaration/edit/what-it-means-to-be-on-g-cloud-14;/suppliers/frameworks/g-cloud-14/declaration/edit/what-it-means-to-be-on-g-cloud-14;;localhost:7100;504;0 Assertion failed;60;761;DMP-1.5-Dryrun;DMP 1.5 Supplier Registration - Working on AWS NFT#2363 - Actions#1;
1706280081473;GET https://www.nft.marketplace.team/suppliers/frameworks/g-cloud-14/declaration/start;/suppliers/frameworks/g-cloud-14/declaration/start;;localhost:7100;504;0 Assertion failed;60;723;DMP-1.5-Dryrun;DMP 1.5 Supplier Registration - Working on AWS NFT#2425 - Actions#1;
1706280081697;GET https://www.nft.marketplace.team/suppliers/frameworks/g-cloud-14/declaration/reuse;/suppliers/frameworks/g-cloud-14/declaration/reuse;;localhost:7100;504;0 Assertion failed;60;723;DMP-1.5-Dryrun;DMP 1.5 Supplier Registration - Working on AWS NFT#2452 - Actions#1;
1706280081871;POST https://www.nft.marketplace.team/suppliers/frameworks/g-cloud-14/declaration/edit/insurance-requirements;/suppliers/frameworks/g-cloud-14/declaration/edit/insurance-requirements;;localhost:7100;504;0 Assertion failed;60;761;DMP-1.5-Dryrun;DMP 1.5 Supplier Registration - Working on AWS NFT#1523 - Actions#1;
1706280081871;GET https://www.nft.marketplace.team/suppliers;/user/login;;localhost:7100;504;0 Assertion failed;60;723;DMP-1.5-Dryrun;DMP 1.5 Supplier Registration - Working on AWS NFT#2478 - Actions#1;
1706280082290;GET https://www.nft.marketplace.team/suppliers/frameworks/g-cloud-14/declaration/start;/suppliers/frameworks/g-cloud-14/declaration/start;;localhost:7100;504;0 Assertion failed;60;723;DMP-1.5-Dryrun;DMP 1.5 Supplier Registration - Working on AWS NFT#271 - Actions#2;
1706280082893;POST https://www.nft.marketplace.team/suppliers/frameworks/g-cloud-14/declaration/edit/grounds-for-mandatory-exclusion-taxes;/suppliers/frameworks/g-cloud-14/declaration/edit/grounds-for-mandatory-exclusion-taxes;;localhost:7100;504;0 Assertion failed;60;723;DMP-1.5-Dryrun;DMP 1.5 Supplier Registration - Working on AWS NFT#1951 - Actions#1;
1706280083419;POST https://www.nft.marketplace.team/suppliers/frameworks/g-cloud-14/declaration/edit/working-with-government;/suppliers/frameworks/g-cloud-14/declaration/edit/working-with-government;;localhost:7100;504;0 Assertion failed;60;723;DMP-1.5-Dryrun;DMP 1.5 Supplier Registration - Working on AWS NFT#1780 - Actions#1;
1706280083836;GET https://www.nft.marketplace.team/suppliers;/user/login;;localhost:7100;504;0 Assertion failed;60;723;DMP-1.5-Dryrun;DMP 1.5 Supplier Registration - Working on AWS NFT#2480 - Actions#1;
1706280083846;GET https://www.nft.marketplace.team/suppliers;/user/login;;localhost:7100;504;0 Assertion failed;60;723;DMP-1.5-Dryrun;DMP 1.5 Supplier Registration - Working on AWS NFT#2482 - Actions#1;
1706280083899;GET https://www.nft.marketplace.team/suppliers/frameworks/g-cloud-14/declaration/edit/group-or-consortium;/suppliers/frameworks/g-cloud-14/declaration/edit/ultimate-parent-company;/suppliers/frameworks/g-cloud-14/declaration/edit/ultimate-parent-company;localhost:7100;504;0 Assertion failed;60;723;DMP-1.5-Dryrun;DMP 1.5 Supplier Registration - Working on AWS NFT#2147 - Actions#1;
1706280083948;POST https://www.nft.marketplace.team/suppliers/frameworks/g-cloud-14/declaration/edit/immediate-parent-company;/suppliers/frameworks/g-cloud-14/declaration/edit/immediate-parent-company;;localhost:7100;504;0 Assertion failed;60;723;DMP-1.5-Dryrun;DMP 1.5 Supplier Registration - Working on AWS NFT#2358 - Actions#1;
1706280083999;GET https://www.nft.marketplace.team/suppliers/frameworks/g-cloud-14/declaration/edit/immediate-parent-company;/suppliers/frameworks/g-cloud-14/declaration/edit/persons-with-significant-control;/suppliers/frameworks/g-cloud-14/declaration/edit/persons-with-significant-control;localhost:7100;504;0 Assertion failed;60;723;DMP-1.5-Dryrun;DMP 1.5 Supplier Registration - Working on AWS NFT#2319 - Actions#1;
1706280084155;GET https://www.nft.marketplace.team/suppliers/frameworks/g-cloud-14/declaration/edit/value-added-tax;/suppliers/frameworks/g-cloud-14/declaration/edit/working-with-government;/suppliers/frameworks/g-cloud-14/declaration/edit/working-with-government;localhost:7100;504;0 Assertion failed;60;723;DMP-1.5-Dryrun;DMP 1.5 Supplier Registration - Working on AWS NFT#1614 - Actions#1;
1706280084482;POST https://www.nft.marketplace.team/suppliers/frameworks/g-cloud-14/declaration/edit/working-with-government;/suppliers/frameworks/g-cloud-14/declaration/edit/working-with-government;;localhost:7100;504;0 Assertion failed;60;723;DMP-1.5-Dryrun;DMP 1.5 Supplier Registration - Working on AWS NFT#1536 - Actions#1;
1706280084725;POST https://www.nft.marketplace.team/suppliers/frameworks/g-cloud-14/declaration/edit/declaration-of-accuracy-and-understanding;/suppliers/frameworks/g-cloud-14/declaration/edit/declaration-of-accuracy-and-understanding;;localhost:7100;504;0 Assertion failed;60;761;DMP-1.5-Dryrun;DMP 1.5 Supplier Registration - Working on AWS NFT#1379 - Actions#1;
1706280085083;GET https://www.nft.marketplace.team/suppliers/frameworks/g-cloud-14/declaration/edit/key-subcontractors;/suppliers/frameworks/g-cloud-14/declaration/edit/group-or-consortium;/suppliers/frameworks/g-cloud-14/declaration/edit/group-or-consortium;localhost:7100;504;0 Assertion failed;60;761;DMP-1.5-Dryrun;DMP 1.5 Supplier Registration - Working on AWS NFT#2135 - Actions#1;
1706280085259;POST https://www.nft.marketplace.team/suppliers/frameworks/g-cloud-14/declaration/edit/immediate-parent-company;/suppliers/frameworks/g-cloud-14/declaration/edit/immediate-parent-company;;localhost:7100;504;0 Assertion failed;60;723;DMP-1.5-Dryrun;DMP 1.5 Supplier Registration - Working on AWS NFT#2325 - Actions#1;
1706280085979;GET https://www.nft.marketplace.team/suppliers/frameworks/g-cloud-14;/suppliers/details;/suppliers/details;localhost:7100;504;0 Assertion failed;60;723;DMP-1.5-Dryrun;DMP 1.5 Supplier Registration - Working on AWS NFT#2449 - Actions#1;
1706280086678;GET https://www.nft.marketplace.team/suppliers/frameworks/g-cloud-14/declaration/reuse;/suppliers/frameworks/g-cloud-14/declaration/reuse;;localhost:7100;504;0 Assertion failed;60;723;DMP-1.5-Dryrun;DMP 1.5 Supplier Registration - Working on AWS NFT#253 - Actions#2;
1706280086910;POST https://www.nft.marketplace.team/suppliers/frameworks/g-cloud-14/declaration/edit/immediate-parent-company;/suppliers/frameworks/g-cloud-14/declaration/edit/immediate-parent-company;;localhost:7100;504;0 Assertion failed;60;723;DMP-1.5-Dryrun;DMP 1.5 Supplier Registration - Working on AWS NFT#2230 - Actions#1;
1706280087367;POST https://www.nft.marketplace.team/suppliers/details;/suppliers/details;/suppliers/details;localhost:7100;504;0 Assertion failed;60;723;DMP-1.5-Dryrun;DMP 1.5 Supplier Registration - Working on AWS NFT#2463 - Actions#1;
1706280087391;GET https://www.nft.marketplace.team/suppliers/frameworks/g-cloud-14/submissions/cloud-hosting/281161/edit/identity-and-authentication/devices-users-manage-the-service-through;/suppliers/frameworks/g-cloud-14/submissions/cloud-hosting/281140/edit/identity-and-authenticat;/suppliers/frameworks/g-cloud-14/submissions/cloud-hosting/${pServiceId}/edit/identity-and-authentication/management-access;localhost:7100;504;0 Assertion failed;60;723;DMP-1.5-Dryrun;DMP 1.5 Supplier Registration - Working on AWS NFT#113 - Actions#1;
1706280087422;POST https://www.nft.marketplace.team/suppliers/frameworks/g-cloud-14/declaration/edit/grounds-for-discretionary-exclusion;/suppliers/frameworks/g-cloud-14/declaration/edit/grounds-for-discretionary-exclusion;;localhost:7100;504;0 Assertion failed;60;723;DMP-1.5-Dryrun;DMP 1.5 Supplier Registration - Working on AWS NFT#1934 - Actions#1;
1706280087654;GET https://www.nft.marketplace.team/suppliers/frameworks/g-cloud-14/declaration/edit/grounds-for-mandatory-exclusion;/suppliers/frameworks/g-cloud-14/declaration/edit/key-subcontractors;/suppliers/frameworks/g-cloud-14/declaration/edit/key-subcontractors;localhost:7100;504;0 Assertion failed;60;723;DMP-1.5-Dryrun;DMP 1.5 Supplier Registration - Working on AWS NFT#2050 - Actions#1;
1706280087680;GET https://www.nft.marketplace.team/suppliers/frameworks/g-cloud-14/declaration/start;/suppliers/frameworks/g-cloud-14/declaration/start;;localhost:7100;504;0 Assertion failed;60;723;DMP-1.5-Dryrun;DMP 1.5 Supplier Registration - Working on AWS NFT#2432 - Actions#1;
1706280087865;POST https://www.nft.marketplace.team/suppliers/frameworks/g-cloud-14/declaration/edit/group-or-consortium;/suppliers/frameworks/g-cloud-14/declaration/edit/group-or-consortium;;localhost:7100;504;0 Assertion failed;60;723;DMP-1.5-Dryrun;DMP 1.5 Supplier Registration - Working on AWS NFT#2176 - Actions#1;
1706280088476;GET https://www.nft.marketplace.team/suppliers;/user/login;;localhost:7100;504;0 Assertion failed;60;723;DMP-1.5-Dryrun;DMP 1.5 Supplier Registration - Working on AWS NFT#2485 - Actions#1;
1706280088815;GET https://www.nft.marketplace.team/suppliers/frameworks/g-cloud-14/submissions/cloud-hosting/281367;/suppliers/frameworks/g-cloud-14/submissions/cloud-hosting/create;/suppliers/frameworks/g-cloud-14/submissions/cloud-hosting/create;localhost:7100;504;0 Assertion failed;60;723;DMP-1.5-Dryrun;DMP 1.5 Supplier Registration - Working on AWS NFT#1280 - Actions#1;
1706280089333;GET https://www.nft.marketplace.team/suppliers/frameworks/g-cloud-14/declaration/start;/suppliers/frameworks/g-cloud-14/declaration/start;;localhost:7100;504;0 Assertion failed;60;723;DMP-1.5-Dryrun;DMP 1.5 Supplier Registration - Working on AWS NFT#2434 - Actions#1;
1706280090029;POST https://www.nft.marketplace.team/suppliers/frameworks/g-cloud-14/declaration/edit/data-protection;/suppliers/frameworks/g-cloud-14/declaration/edit/data-protection;;localhost:7100;504;0 Assertion failed;60;723;DMP-1.5-Dryrun;DMP 1.5 Supplier Registration - Working on AWS NFT#1781 - Actions#1;
1706280090180;GET https://www.nft.marketplace.team/suppliers/frameworks/g-cloud-14/declaration/edit/group-or-consortium;/suppliers/frameworks/g-cloud-14/declaration/edit/ultimate-parent-company;/suppliers/frameworks/g-cloud-14/declaration/edit/ultimate-parent-company;localhost:7100;504;0 Assertion failed;60;723;DMP-1.5-Dryrun;DMP 1.5 Supplier Registration - Working on AWS NFT#2095 - Actions#1;
1706280090221;GET https://www.nft.marketplace.team/suppliers/frameworks/g-cloud-14/declaration/edit/what-it-means-to-be-on-g-cloud-14;/suppliers/frameworks/g-cloud-14/declaration/edit/providing-suitable-services;/suppliers/frameworks/g-cloud-14/declaration/edit/providing-suitable-services;localhost:7100;504;0 Assertion failed;60;723;DMP-1.5-Dryrun;DMP 1.5 Supplier Registration - Working on AWS NFT#2365 - Actions#1;
1706280091021;POST https://www.nft.marketplace.team/suppliers/frameworks/g-cloud-14/declaration/edit/key-subcontractors;/suppliers/frameworks/g-cloud-14/declaration/edit/key-subcontractors;;localhost:7100;504;0 Assertion failed;60;723;DMP-1.5-Dryrun;DMP 1.5 Supplier Registration - Working on AWS NFT#1968 - Actions#1;
1706280091103;POST https://www.nft.marketplace.team/suppliers/frameworks/g-cloud-14/declaration/edit/insurance-requirements;/suppliers/frameworks/g-cloud-14/declaration/edit/insurance-requirements;;localhost:7100;504;0 Assertion failed;60;723;DMP-1.5-Dryrun;DMP 1.5 Supplier Registration - Working on AWS NFT#1755 - Actions#1;
1706280091636;POST https://www.nft.marketplace.team/suppliers/frameworks/g-cloud-14/declaration/edit/persons-with-significant-control;/suppliers/frameworks/g-cloud-14/declaration/edit/persons-with-significant-control;;localhost:7100;504;0 Assertion failed;60;723;DMP-1.5-Dryrun;DMP 1.5 Supplier Registration - Working on AWS NFT#2244 - Actions#1;
1706280092171;POST https://www.nft.marketplace.team/suppliers/frameworks/g-cloud-14/declaration/edit/health-and-safety;/suppliers/frameworks/g-cloud-14/declaration/edit/health-and-safety;;localhost:7100;504;0 Assertion failed;60;723;DMP-1.5-Dryrun;DMP 1.5 Supplier Registration - Working on AWS NFT#1584 - Actions#1;
1706280092419;POST https://www.nft.marketplace.team/suppliers/frameworks/g-cloud-14/submissions/cloud-hosting/281356/edit/service-features-and-benefits/service-features-and-benefits;/suppliers/frameworks/g-cloud-14/submissions/cloud-hosting/281140/edit/service-features-and-ben;;localhost:7100;504;0 Assertion failed;60;723;DMP-1.5-Dryrun;DMP 1.5 Supplier Registration - Working on AWS NFT#1126 - Actions#1;
1706280092996;POST https://www.nft.marketplace.team/suppliers/frameworks/g-cloud-14/declaration/edit/group-or-consortium;/suppliers/frameworks/g-cloud-14/declaration/edit/group-or-consortium;;localhost:7100;504;0 Assertion failed;60;723;DMP-1.5-Dryrun;DMP 1.5 Supplier Registration - Working on AWS NFT#2106 - Actions#1;
1706280093408;POST https://www.nft.marketplace.team/suppliers/frameworks/g-cloud-14/declaration/edit/group-or-consortium;/suppliers/frameworks/g-cloud-14/declaration/edit/group-or-consortium;;localhost:7100;504;0 Assertion failed;60;723;DMP-1.5-Dryrun;DMP 1.5 Supplier Registration - Working on AWS NFT#2275 - Actions#1;
1706280093453;POST https://www.nft.marketplace.team/suppliers/frameworks/g-cloud-14/declaration/edit/what-it-means-to-be-on-g-cloud-14;/suppliers/frameworks/g-cloud-14/declaration/edit/what-it-means-to-be-on-g-cloud-14;;localhost:7100;504;0 Assertion failed;60;761;DMP-1.5-Dryrun;DMP 1.5 Supplier Registration - Working on AWS NFT#2384 - Actions#1;
1706280093612;POST https://www.nft.marketplace.team/suppliers/frameworks/g-cloud-14/declaration/edit/economic-and-financial-standing;/suppliers/frameworks/g-cloud-14/declaration/edit/economic-and-financial-standing;;localhost:7100;504;0 Assertion failed;60;723;DMP-1.5-Dryrun;DMP 1.5 Supplier Registration - Working on AWS NFT#1795 - Actions#1;
1706280094218;GET https://www.nft.marketplace.team/suppliers;/user/login;;localhost:7100;504;0 Assertion failed;60;723;DMP-1.5-Dryrun;DMP 1.5 Supplier Registration - Working on AWS NFT#2489 - Actions#1;
1706280094317;POST https://www.nft.marketplace.team/suppliers/frameworks/g-cloud-14/declaration/edit/working-with-government;/suppliers/frameworks/g-cloud-14/declaration/edit/working-with-government;;localhost:7100;504;0 Assertion failed;60;723;DMP-1.5-Dryrun;DMP 1.5 Supplier Registration - Working on AWS NFT#1895 - Actions#1;
1706280094330;POST https://www.nft.marketplace.team/suppliers/frameworks/g-cloud-14/declaration/edit/immediate-parent-company;/suppliers/frameworks/g-cloud-14/declaration/edit/immediate-parent-company;;localhost:7100;504;0 Assertion failed;60;723;DMP-1.5-Dryrun;DMP 1.5 Supplier Registration - Working on AWS NFT#2291 - Actions#1;
1706280094461;POST https://www.nft.marketplace.team/suppliers/frameworks/g-cloud-14/declaration/edit/value-added-tax;/suppliers/frameworks/g-cloud-14/declaration/edit/value-added-tax;;localhost:7100;504;0 Assertion failed;60;723;DMP-1.5-Dryrun;DMP 1.5 Supplier Registration - Working on AWS NFT#1850 - Actions#1;
1706280094913;POST https://www.nft.marketplace.team/suppliers/frameworks/g-cloud-14/declaration/edit/immediate-parent-company;/suppliers/frameworks/g-cloud-14/declaration/edit/immediate-parent-company;;localhost:7100;504;0 Assertion failed;60;723;DMP-1.5-Dryrun;DMP 1.5 Supplier Registration - Working on AWS NFT#2224 - Actions#1;
1706280094947;POST https://www.nft.marketplace.team/suppliers/frameworks/g-cloud-14/declaration/edit/immediate-parent-company;/suppliers/frameworks/g-cloud-14/declaration/edit/immediate-parent-company;;localhost:7100;504;0 Assertion failed;60;723;DMP-1.5-Dryrun;DMP 1.5 Supplier Registration - Working on AWS NFT#2254 - Actions#1;
1706280095046;POST https://www.nft.marketplace.team/suppliers/frameworks/g-cloud-14/submissions/cloud-hosting/281360/edit/service-features-and-benefits/service-features-and-benefits;/suppliers/frameworks/g-cloud-14/submissions/cloud-hosting/281140/edit/service-features-and-ben;;localhost:7100;504;0 Assertion failed;60;723;DMP-1.5-Dryrun;DMP 1.5 Supplier Registration - Working on AWS NFT#1203 - Actions#1;
1706280095069;GET https://www.nft.marketplace.team/suppliers/frameworks/g-cloud-14/declaration/edit/value-added-tax;/suppliers/frameworks/g-cloud-14/declaration/edit/working-with-government;/suppliers/frameworks/g-cloud-14/declaration/edit/working-with-government;localhost:7100;504;0 Assertion failed;60;761;DMP-1.5-Dryrun;DMP 1.5 Supplier Registration - Working on AWS NFT#1805 - Actions#1;
1706280095700;POST https://www.nft.marketplace.team/suppliers/details;/suppliers/details;/suppliers/details;localhost:7100;504;0 Assertion failed;60;723;DMP-1.5-Dryrun;DMP 1.5 Supplier Registration - Working on AWS NFT#2458 - Actions#1;
1706280095811;GET https://www.nft.marketplace.team/suppliers/frameworks/g-cloud-14/declaration/edit/economic-and-financial-standing;/suppliers/frameworks/g-cloud-14/declaration/edit/modern-slavery;/suppliers/frameworks/g-cloud-14/declaration/edit/modern-slavery;localhost:7100;504;0 Assertion failed;60;723;DMP-1.5-Dryrun;DMP 1.5 Supplier Registration - Working on AWS NFT#1777 - Actions#1;
1706280095894;GET https://www.nft.marketplace.team/suppliers/frameworks/g-cloud-14/declaration/edit/ultimate-parent-company;/suppliers/frameworks/g-cloud-14/declaration/edit/immediate-parent-company;/suppliers/frameworks/g-cloud-14/declaration/edit/immediate-parent-company;localhost:7100;504;0 Assertion failed;60;723;DMP-1.5-Dryrun;DMP 1.5 Supplier Registration - Working on AWS NFT#2310 - Actions#1;
1706280096111;GET https://www.nft.marketplace.team/suppliers/frameworks/g-cloud-14/declaration/edit/declaration-of-accuracy-and-understanding;/suppliers/frameworks/g-cloud-14/declaration/edit/application-accuracy;/suppliers/frameworks/g-cloud-14/declaration/edit/application-accuracy;localhost:7100;504;0 Assertion failed;60;723;DMP-1.5-Dryrun;DMP 1.5 Supplier Registration - Working on AWS NFT#1341 - Actions#1;
1706280096241;GET https://www.nft.marketplace.team/suppliers/frameworks/g-cloud-14/declaration/edit/group-or-consortium;/suppliers/frameworks/g-cloud-14/declaration/edit/ultimate-parent-company;/suppliers/frameworks/g-cloud-14/declaration/edit/ultimate-parent-company;localhost:7100;504;0 Assertion failed;60;723;DMP-1.5-Dryrun;DMP 1.5 Supplier Registration - Working on AWS NFT#2197 - Actions#1;
1706280096731;GET https://www.nft.marketplace.team/suppliers/frameworks/g-cloud-14/declaration/edit/key-subcontractors;/suppliers/frameworks/g-cloud-14/declaration/edit/group-or-consortium;/suppliers/frameworks/g-cloud-14/declaration/edit/group-or-consortium;localhost:7100;504;0 Assertion failed;60;761;DMP-1.5-Dryrun;DMP 1.5 Supplier Registration - Working on AWS NFT#2047 - Actions#1;
1706280096990;POST https://www.nft.marketplace.team/suppliers/frameworks/g-cloud-14/declaration/edit/grounds-for-mandatory-exclusion;/suppliers/frameworks/g-cloud-14/declaration/edit/grounds-for-mandatory-exclusion;;localhost:7100;504;0 Assertion failed;60;723;DMP-1.5-Dryrun;DMP 1.5 Supplier Registration - Working on AWS NFT#2223 - Actions#1;
1706280097011;POST https://www.nft.marketplace.team/suppliers/frameworks/g-cloud-14/declaration/edit/persons-with-significant-control;/suppliers/frameworks/g-cloud-14/declaration/edit/persons-with-significant-control;;localhost:7100;504;0 Assertion failed;60;723;DMP-1.5-Dryrun;DMP 1.5 Supplier Registration - Working on AWS NFT#2340 - Actions#1;
1706280097256;GET https://www.nft.marketplace.team/suppliers/frameworks/g-cloud-14/declaration/edit/providing-suitable-services;/suppliers/frameworks/g-cloud-14/declaration/edit/providing-suitable-services;;localhost:7100;504;0 Assertion failed;60;723;DMP-1.5-Dryrun;DMP 1.5 Supplier Registration - Working on AWS NFT#2433 - Actions#1;
1706280097371;GET https://www.nft.marketplace.team/suppliers/frameworks/g-cloud-14/declaration/start;/suppliers/frameworks/g-cloud-14/declaration/start;;localhost:7100;504;0 Assertion failed;60;723;DMP-1.5-Dryrun;DMP 1.5 Supplier Registration - Working on AWS NFT#2444 - Actions#1;
1706280097470;GET https://www.nft.marketplace.team/suppliers/frameworks/g-cloud-14/declaration/edit/group-or-consortium;/suppliers/frameworks/g-cloud-14/declaration/edit/ultimate-parent-company;/suppliers/frameworks/g-cloud-14/declaration/edit/ultimate-parent-company;localhost:7100;504;0 Assertion failed;60;723;DMP-1.5-Dryrun;DMP 1.5 Supplier Registration - Working on AWS NFT#2273 - Actions#1;
1706280097503;GET https://www.nft.marketplace.team/suppliers/frameworks/g-cloud-14/submissions/cloud-hosting/281326/edit/onboarding-and-offboarding/end-of-contract-data-extraction;/suppliers/frameworks/g-cloud-14/submissions/cloud-hosting/281140/edit/onboarding-and-offboardi;/suppliers/frameworks/g-cloud-14/submissions/cloud-hosting/${pServiceId}/edit/onboarding-and-offboarding/documentation;localhost:7100;504;0 Assertion failed;60;761;DMP-1.5-Dryrun;DMP 1.5 Supplier Registration - Working on AWS NFT#722 - Actions#1;
1706280097657;POST https://www.nft.marketplace.team/suppliers/frameworks/g-cloud-14/declaration/edit/grounds-for-mandatory-exclusion;/suppliers/frameworks/g-cloud-14/declaration/edit/grounds-for-mandatory-exclusion;;localhost:7100;504;0 Assertion failed;60;723;DMP-1.5-Dryrun;DMP 1.5 Supplier Registration - Working on AWS NFT#2007 - Actions#1;
1706280098088;POST https://www.nft.marketplace.team/suppliers/frameworks/g-cloud-14/declaration/edit/group-or-consortium;/suppliers/frameworks/g-cloud-14/declaration/edit/group-or-consortium;;localhost:7100;504;0 Assertion failed;60;723;DMP-1.5-Dryrun;DMP 1.5 Supplier Registration - Working on AWS NFT#2124 - Actions#1;
1706280098182;POST https://www.nft.marketplace.team/suppliers/frameworks/g-cloud-14/declaration/edit/providing-suitable-services;/suppliers/frameworks/g-cloud-14/declaration/edit/providing-suitable-services;;localhost:7100;504;0 Assertion failed;60;723;DMP-1.5-Dryrun;DMP 1.5 Supplier Registration - Working on AWS NFT#2400 - Actions#1;
1706280098207;POST https://www.nft.marketplace.team/suppliers/frameworks/g-cloud-14/declaration/edit/economic-and-financial-standing;/suppliers/frameworks/g-cloud-14/declaration/edit/economic-and-financial-standing;;localhost:7100;504;0 Assertion failed;60;723;DMP-1.5-Dryrun;DMP 1.5 Supplier Registration - Working on AWS NFT#1856 - Actions#1;
1706280098602;GET https://www.nft.marketplace.team/suppliers/frameworks/g-cloud-14/declaration/edit/modern-slavery;/suppliers/frameworks/g-cloud-14/declaration/edit/grounds-for-discretionary-exclusion;/suppliers/frameworks/g-cloud-14/declaration/edit/grounds-for-discretionary-exclusion;localhost:7100;504;0 Assertion failed;60;723;DMP-1.5-Dryrun;DMP 1.5 Supplier Registration - Working on AWS NFT#1837 - Actions#1;
1706280098738;GET https://www.nft.marketplace.team/suppliers/frameworks/g-cloud-14/declaration/reuse;/suppliers/frameworks/g-cloud-14/declaration/reuse;;localhost:7100;504;0 Assertion failed;60;723;DMP-1.5-Dryrun;DMP 1.5 Supplier Registration - Working on AWS NFT#2412 - Actions#1;
1706280098995;GET https://www.nft.marketplace.team/suppliers/details;/suppliers/details;;localhost:7100;200;1 Assertion failed;18.2;31978;DMP-1.5-Dryrun;DMP 1.5 Supplier Registration - Working on AWS NFT#2475 - Actions#1;
1706280099334;GET https://www.nft.marketplace.team/suppliers/frameworks/g-cloud-14/declaration/edit/immediate-parent-company;/suppliers/frameworks/g-cloud-14/declaration/edit/persons-with-significant-control;/suppliers/frameworks/g-cloud-14/declaration/edit/persons-with-significant-control;localhost:7100;504;0 Assertion failed;60;723;DMP-1.5-Dryrun;DMP 1.5 Supplier Registration - Working on AWS NFT#2333 - Actions#1;
1706280099744;GET https://www.nft.marketplace.team/suppliers/frameworks/g-cloud-14/declaration/edit/grounds-for-mandatory-exclusion-taxes;/suppliers/frameworks/g-cloud-14/declaration/edit/grounds-for-mandatory-exclusion;/suppliers/frameworks/g-cloud-14/declaration/edit/grounds-for-mandatory-exclusion;localhost:7100;504;0 Assertion failed;60;723;DMP-1.5-Dryrun;DMP 1.5 Supplier Registration - Working on AWS NFT#2089 - Actions#1;
1706280100462;GET https://www.nft.marketplace.team/suppliers/frameworks/g-cloud-14/declaration/edit/providing-suitable-services;/suppliers/frameworks/g-cloud-14/declaration/edit/providing-suitable-services;;localhost:7100;504;0 Assertion failed;60;723;DMP-1.5-Dryrun;DMP 1.5 Supplier Registration - Working on AWS NFT#2423 - Actions#1;
1706280101140;POST https://www.nft.marketplace.team/suppliers/frameworks/g-cloud-14/declaration/edit/data-protection;/suppliers/frameworks/g-cloud-14/declaration/edit/data-protection;;localhost:7100;504;0 Assertion failed;60;723;DMP-1.5-Dryrun;DMP 1.5 Supplier Registration - Working on AWS NFT#1760 - Actions#1;
1706280101502;GET https://www.nft.marketplace.team/suppliers/frameworks/g-cloud-14/submissions/cloud-hosting/281086/edit/pricing/price;/suppliers/frameworks/g-cloud-14/submissions/cloud-hosting/281140/edit/pricing/price;;localhost:7100;504;0 Assertion failed;60;723;DMP-1.5-Dryrun;DMP 1.5 Supplier Registration - Working on AWS NFT#49 - Actions#1;
1706280102507;GET https://www.nft.marketplace.team/suppliers/frameworks/g-cloud-14/declaration/edit/contracts-finder;/suppliers/frameworks/g-cloud-14/declaration/edit/health-and-safety;/suppliers/frameworks/g-cloud-14/declaration/edit/health-and-safety;localhost:7100;504;0 Assertion failed;60;723;DMP-1.5-Dryrun;DMP 1.5 Supplier Registration - Working on AWS NFT#1597 - Actions#1;
1706280102541;POST https://www.nft.marketplace.team/suppliers/frameworks/g-cloud-14/declaration/edit/grounds-for-mandatory-exclusion;/suppliers/frameworks/g-cloud-14/declaration/edit/grounds-for-mandatory-exclusion;;localhost:7100;504;0 Assertion failed;60;723;DMP-1.5-Dryrun;DMP 1.5 Supplier Registration - Working on AWS NFT#2029 - Actions#1;
1706280102599;POST https://www.nft.marketplace.team/suppliers/frameworks/g-cloud-14/declaration/edit/key-subcontractors;/suppliers/frameworks/g-cloud-14/declaration/edit/key-subcontractors;;localhost:7100;504;0 Assertion failed;60;723;DMP-1.5-Dryrun;DMP 1.5 Supplier Registration - Working on AWS NFT#2184 - Actions#1;
1706280103146;GET https://www.nft.marketplace.team/suppliers/frameworks/g-cloud-14/declaration/start;/suppliers/frameworks/g-cloud-14/declaration/start;;localhost:7100;504;0 Assertion failed;60;723;DMP-1.5-Dryrun;DMP 1.5 Supplier Registration - Working on AWS NFT#2440 - Actions#1;
1706280103254;POST https://www.nft.marketplace.team/suppliers/frameworks/g-cloud-14/declaration/edit/providing-suitable-services;/suppliers/frameworks/g-cloud-14/declaration/edit/providing-suitable-services;;localhost:7100;504;0 Assertion failed;60;723;DMP-1.5-Dryrun;DMP 1.5 Supplier Registration - Working on AWS NFT#2429 - Actions#1;
1706280104998;POST https://www.nft.marketplace.team/suppliers/frameworks/g-cloud-14/declaration/edit/key-subcontractors;/suppliers/frameworks/g-cloud-14/declaration/edit/key-subcontractors;;localhost:7100;504;0 Assertion failed;60;723;DMP-1.5-Dryrun;DMP 1.5 Supplier Registration - Working on AWS NFT#2260 - Actions#1;
1706280109423;POST https://www.nft.marketplace.team/suppliers/frameworks/g-cloud-14/declaration/edit/ultimate-parent-company;/suppliers/frameworks/g-cloud-14/declaration/edit/ultimate-parent-company;;localhost:7100;504;0 Assertion failed;60;723;DMP-1.5-Dryrun;DMP 1.5 Supplier Registration - Working on AWS NFT#2286 - Actions#1;
1706280109550;POST https://www.nft.marketplace.team/suppliers/frameworks/g-cloud-14/declaration/edit/contracts-finder;/suppliers/frameworks/g-cloud-14/declaration/edit/contracts-finder;;localhost:7100;504;0 Assertion failed;60;723;DMP-1.5-Dryrun;DMP 1.5 Supplier Registration - Working on AWS NFT#1533 - Actions#1;
1706280113378;POST https://www.nft.marketplace.team/suppliers/frameworks/g-cloud-14/declaration/edit/providing-suitable-services;/suppliers/frameworks/g-cloud-14/declaration/edit/providing-suitable-services;;localhost:7100;504;0 Assertion failed;60;723;DMP-1.5-Dryrun;DMP 1.5 Supplier Registration - Working on AWS NFT#2397 - Actions#1;
1706280114121;POST https://www.nft.marketplace.team/suppliers/frameworks/g-cloud-14/declaration/edit/key-subcontractors;/suppliers/frameworks/g-cloud-14/declaration/edit/key-subcontractors;;localhost:7100;504;0 Assertion failed;60;723;DMP-1.5-Dryrun;DMP 1.5 Supplier Registration - Working on AWS NFT#2114 - Actions#1;
1706280114348;POST https://www.nft.marketplace.team/suppliers/frameworks/g-cloud-14/submissions/cloud-hosting/281345/edit/user-support/web-chat-support;/suppliers/frameworks/g-cloud-14/submissions/cloud-hosting/281140/edit/user-support/web-chat-su;;localhost:7100;504;0 Assertion failed;60;723;DMP-1.5-Dryrun;DMP 1.5 Supplier Registration - Working on AWS NFT#1004 - Actions#1;
1706280114499;GET https://www.nft.marketplace.team/suppliers/frameworks/g-cloud-14/declaration/reuse;/suppliers/frameworks/g-cloud-14/declaration/reuse;;localhost:7100;504;0 Assertion failed;60;723;DMP-1.5-Dryrun;DMP 1.5 Supplier Registration - Working on AWS NFT#2459 - Actions#1;
1706280153815;GET https://www.nft.marketplace.team/suppliers/details;/suppliers/details;;localhost:7100;200;1 Assertion failed;8.73;32254;DMP-1.5-Dryrun;DMP 1.5 Supplier Registration - Working on AWS NFT#2662 - Actions#1;
1706280182834;GET https://www.nft.marketplace.team/suppliers/details;/suppliers/details;;localhost:7100;200;1 Assertion failed;32.7;32123;DMP-1.5-Dryrun;DMP 1.5 Supplier Registration - Working on AWS NFT#2629 - Actions#1;
1706280200259;GET https://www.nft.marketplace.team/suppliers/details;/suppliers/details;;localhost:7100;200;1 Assertion failed;33.4;32158;DMP-1.5-Dryrun;DMP 1.5 Supplier Registration - Working on AWS NFT#2632 - Actions#1;
1706280221759;GET https://www.nft.marketplace.team/suppliers/details;/suppliers/details;;localhost:7100;504;0 Assertion failed;60;723;DMP-1.5-Dryrun;DMP 1.5 Supplier Registration - Working on AWS NFT#2674 - Actions#1;
1706280221981;GET https://www.nft.marketplace.team/suppliers/frameworks/g-cloud-14;/suppliers/details;/suppliers/details;localhost:7100;504;0 Assertion failed;60;723;DMP-1.5-Dryrun;DMP 1.5 Supplier Registration - Working on AWS NFT#2524 - Actions#1;
1706280222309;POST https://www.nft.marketplace.team/suppliers/frameworks/g-cloud-14/declaration/edit/declaration-of-accuracy-and-understanding;/suppliers/frameworks/g-cloud-14/declaration/edit/declaration-of-accuracy-and-understanding;;localhost:7100;504;0 Assertion failed;60;723;DMP-1.5-Dryrun;DMP 1.5 Supplier Registration - Working on AWS NFT#1718 - Actions#1;
1706280222529;GET https://www.nft.marketplace.team/suppliers/details;/suppliers/details;;localhost:7100;504;0 Assertion failed;60;723;DMP-1.5-Dryrun;DMP 1.5 Supplier Registration - Working on AWS NFT#2608 - Actions#1;
1706280223312;POST https://www.nft.marketplace.team/suppliers/frameworks/g-cloud-14/submissions/cloud-hosting/281120/edit/audit-information-for-users/audit-for-suppliers-users-actions;/suppliers/frameworks/g-cloud-14/submissions/cloud-hosting/281140/edit/audit-information-for-us;;localhost:7100;504;0 Assertion failed;60;723;DMP-1.5-Dryrun;DMP 1.5 Supplier Registration - Working on AWS NFT#477 - Actions#1;
1706280223464;GET https://www.nft.marketplace.team/suppliers/frameworks/g-cloud-14/declaration/edit/providing-suitable-services;/suppliers/frameworks/g-cloud-14/declaration/edit/providing-suitable-services;;localhost:7100;504;0 Assertion failed;60;723;DMP-1.5-Dryrun;DMP 1.5 Supplier Registration - Working on AWS NFT#2466 - Actions#1;
1706280223496;POST https://www.nft.marketplace.team/suppliers/frameworks/g-cloud-14/declaration/edit/group-or-consortium;/suppliers/frameworks/g-cloud-14/declaration/edit/group-or-consortium;;localhost:7100;504;0 Assertion failed;60;723;DMP-1.5-Dryrun;DMP 1.5 Supplier Registration - Working on AWS NFT#2280 - Actions#1;
1706280223862;POST https://www.nft.marketplace.team/suppliers/details;/suppliers/details;/suppliers/details;localhost:7100;504;0 Assertion failed;60;723;DMP-1.5-Dryrun;DMP 1.5 Supplier Registration - Working on AWS NFT#2580 - Actions#1;
1706280224159;GET https://www.nft.marketplace.team/suppliers/frameworks/g-cloud-14/submissions/cloud-hosting/281359;/suppliers/frameworks/g-cloud-14/submissions/cloud-hosting/281140/edit/reselling/supplier-type;/suppliers/frameworks/g-cloud-14/submissions/cloud-hosting/${pServiceId}/edit/reselling/supplier-type;localhost:7100;504;0 Assertion failed;60;723;DMP-1.5-Dryrun;DMP 1.5 Supplier Registration - Working on AWS NFT#1139 - Actions#1;
1706280224310;GET https://www.nft.marketplace.team/suppliers/frameworks/g-cloud-14/declaration/edit/grounds-for-mandatory-exclusion;/suppliers/frameworks/g-cloud-14/declaration/edit/key-subcontractors;/suppliers/frameworks/g-cloud-14/declaration/edit/key-subcontractors;localhost:7100;504;0 Assertion failed;60;723;DMP-1.5-Dryrun;DMP 1.5 Supplier Registration - Working on AWS NFT#2233 - Actions#1;
1706280224418;GET https://www.nft.marketplace.team/suppliers/frameworks/g-cloud-14/declaration/edit/insurance-requirements;/suppliers/frameworks/g-cloud-14/declaration/edit/value-added-tax;/suppliers/frameworks/g-cloud-14/declaration/edit/value-added-tax;localhost:7100;504;0 Assertion failed;60;723;DMP-1.5-Dryrun;DMP 1.5 Supplier Registration - Working on AWS NFT#1699 - Actions#1;
1706280224577;GET https://www.nft.marketplace.team/suppliers/frameworks/g-cloud-14/declaration/edit/framework-award-form-details;/suppliers/frameworks/g-cloud-14/declaration/edit/contracts-finder;/suppliers/frameworks/g-cloud-14/declaration/edit/contracts-finder;localhost:7100;504;0 Assertion failed;60;723;DMP-1.5-Dryrun;DMP 1.5 Supplier Registration - Working on AWS NFT#1651 - Actions#1;
1706280224600;GET https://www.nft.marketplace.team/suppliers/frameworks/g-cloud-14/declaration/edit/declaration-of-accuracy-and-understanding;/suppliers/frameworks/g-cloud-14/declaration/edit/application-accuracy;/suppliers/frameworks/g-cloud-14/declaration/edit/application-accuracy;localhost:7100;504;0 Assertion failed;60;723;DMP-1.5-Dryrun;DMP 1.5 Supplier Registration - Working on AWS NFT#1620 - Actions#1;
1706280225102;POST https://www.nft.marketplace.team/suppliers/frameworks/g-cloud-14/declaration/edit/grounds-for-discretionary-exclusion;/suppliers/frameworks/g-cloud-14/declaration/edit/grounds-for-discretionary-exclusion;;localhost:7100;504;0 Assertion failed;60;723;DMP-1.5-Dryrun;DMP 1.5 Supplier Registration - Working on AWS NFT#2314 - Actions#1;
1706280225123;POST https://www.nft.marketplace.team/suppliers/details;/suppliers/details;/suppliers/details;localhost:7100;504;0 Assertion failed;60;723;DMP-1.5-Dryrun;DMP 1.5 Supplier Registration - Working on AWS NFT#2528 - Actions#1;
1706280225582;GET https://www.nft.marketplace.team/suppliers/frameworks/g-cloud-14/submissions/cloud-hosting/281368/edit/service-features-and-benefits/service-features-and-benefits;/suppliers/frameworks/g-cloud-14/submissions/cloud-hosting/281140/edit/service-features-and-ben;;localhost:7100;504;0 Assertion failed;60;723;DMP-1.5-Dryrun;DMP 1.5 Supplier Registration - Working on AWS NFT#1393 - Actions#1;
1706280226053;GET https://www.nft.marketplace.team/suppliers/frameworks/g-cloud-14/declaration/edit/providing-suitable-services;/suppliers/frameworks/g-cloud-14/declaration/edit/providing-suitable-services;;localhost:7100;504;0 Assertion failed;60;723;DMP-1.5-Dryrun;DMP 1.5 Supplier Registration - Working on AWS NFT#57 - Actions#2;
1706280226244;GET https://www.nft.marketplace.team/suppliers/frameworks/g-cloud-14/declaration/edit/grounds-for-discretionary-exclusion;/suppliers/frameworks/g-cloud-14/declaration/edit/grounds-for-mandatory-exclusion-taxes;/suppliers/frameworks/g-cloud-14/declaration/edit/grounds-for-mandatory-exclusion-taxes;localhost:7100;504;0 Assertion failed;60;723;DMP-1.5-Dryrun;DMP 1.5 Supplier Registration - Working on AWS NFT#2049 - Actions#1;
1706280226248;GET https://www.nft.marketplace.team/suppliers/frameworks/g-cloud-14/submissions/cloud-hosting;/suppliers/frameworks/g-cloud-14/submissions/service-type;/suppliers/frameworks/g-cloud-14/submissions/service-type;localhost:7100;504;0 Assertion failed;60;723;DMP-1.5-Dryrun;DMP 1.5 Supplier Registration - Working on AWS NFT#1605 - Actions#1;
1706280226395;GET https://www.nft.marketplace.team/suppliers/details;/suppliers/details;;localhost:7100;504;0 Assertion failed;60;723;DMP-1.5-Dryrun;DMP 1.5 Supplier Registration - Working on AWS NFT#2672 - Actions#1;
1706280228251;POST https://www.nft.marketplace.team/suppliers/frameworks/g-cloud-14/declaration/edit/grounds-for-mandatory-exclusion;/suppliers/frameworks/g-cloud-14/declaration/edit/grounds-for-mandatory-exclusion;;localhost:7100;504;0 Assertion failed;60;723;DMP-1.5-Dryrun;DMP 1.5 Supplier Registration - Working on AWS NFT#2259 - Actions#1;
1706280228400;GET https://www.nft.marketplace.team/suppliers/frameworks/g-cloud-14/declaration/edit/key-subcontractors;/suppliers/frameworks/g-cloud-14/declaration/edit/group-or-consortium;/suppliers/frameworks/g-cloud-14/declaration/edit/group-or-consortium;localhost:7100;504;0 Assertion failed;60;723;DMP-1.5-Dryrun;DMP 1.5 Supplier Registration - Working on AWS NFT#2364 - Actions#1;
1706280228441;POST https://www.nft.marketplace.team/suppliers/frameworks/g-cloud-14/declaration/edit/grounds-for-mandatory-exclusion;/suppliers/frameworks/g-cloud-14/declaration/edit/grounds-for-mandatory-exclusion;;localhost:7100;504;0 Assertion failed;60;723;DMP-1.5-Dryrun;DMP 1.5 Supplier Registration - Working on AWS NFT#2308 - Actions#1;
1706280228937;GET https://www.nft.marketplace.team/suppliers/frameworks/g-cloud-14;/suppliers/details;/suppliers/details;localhost:7100;504;0 Assertion failed;60;723;DMP-1.5-Dryrun;DMP 1.5 Supplier Registration - Working on AWS NFT#2518 - Actions#1;
1706280228961;GET https://www.nft.marketplace.team/suppliers/frameworks/g-cloud-14/declaration/edit/economic-and-financial-standing;/suppliers/frameworks/g-cloud-14/declaration/edit/modern-slavery;/suppliers/frameworks/g-cloud-14/declaration/edit/modern-slavery;localhost:7100;504;0 Assertion failed;60;723;DMP-1.5-Dryrun;DMP 1.5 Supplier Registration - Working on AWS NFT#1906 - Actions#1;
1706280229024;POST https://www.nft.marketplace.team/suppliers/details;/suppliers/details;/suppliers/details;localhost:7100;504;0 Assertion failed;60;723;DMP-1.5-Dryrun;DMP 1.5 Supplier Registration - Working on AWS NFT#2562 - Actions#1;
1706280229071;POST https://www.nft.marketplace.team/suppliers/frameworks/g-cloud-14/declaration/edit/health-and-safety;/suppliers/frameworks/g-cloud-14/declaration/edit/health-and-safety;;localhost:7100;504;0 Assertion failed;60;723;DMP-1.5-Dryrun;DMP 1.5 Supplier Registration - Working on AWS NFT#1911 - Actions#1;
1706280229072;GET https://www.nft.marketplace.team/suppliers/frameworks/g-cloud-14/declaration/edit/grounds-for-discretionary-exclusion;/suppliers/frameworks/g-cloud-14/declaration/edit/grounds-for-mandatory-exclusion-taxes;/suppliers/frameworks/g-cloud-14/declaration/edit/grounds-for-mandatory-exclusion-taxes;localhost:7100;504;0 Assertion failed;60;723;DMP-1.5-Dryrun;DMP 1.5 Supplier Registration - Working on AWS NFT#2313 - Actions#1;
1706280229076;POST https://www.nft.marketplace.team/suppliers/frameworks/g-cloud-14/declaration/edit/grounds-for-mandatory-exclusion;/suppliers/frameworks/g-cloud-14/declaration/edit/grounds-for-mandatory-exclusion;;localhost:7100;504;0 Assertion failed;60;723;DMP-1.5-Dryrun;DMP 1.5 Supplier Registration - Working on AWS NFT#2169 - Actions#1;
1706280229621;GET https://www.nft.marketplace.team/suppliers/frameworks/g-cloud-14/declaration/start;/suppliers/frameworks/g-cloud-14/declaration/start;;localhost:7100;504;0 Assertion failed;60;723;DMP-1.5-Dryrun;DMP 1.5 Supplier Registration - Working on AWS NFT#2487 - Actions#1;
1706280229679;GET https://www.nft.marketplace.team/suppliers/details;/suppliers/details;;localhost:7100;504;0 Assertion failed;60;723;DMP-1.5-Dryrun;DMP 1.5 Supplier Registration - Working on AWS NFT#2668 - Actions#1;
1706280230053;GET https://www.nft.marketplace.team/suppliers/frameworks/g-cloud-14;/suppliers/details;/suppliers/details;localhost:7100;504;0 Assertion failed;60;761;DMP-1.5-Dryrun;DMP 1.5 Supplier Registration - Working on AWS NFT#2549 - Actions#1;
1706280231056;GET https://www.nft.marketplace.team/suppliers/frameworks/g-cloud-14/declaration/edit/grounds-for-mandatory-exclusion;/suppliers/frameworks/g-cloud-14/declaration/edit/key-subcontractors;/suppliers/frameworks/g-cloud-14/declaration/edit/key-subcontractors;localhost:7100;504;0 Assertion failed;60;723;DMP-1.5-Dryrun;DMP 1.5 Supplier Registration - Working on AWS NFT#2247 - Actions#1;
1706280231096;POST https://www.nft.marketplace.team/suppliers/frameworks/g-cloud-14/declaration/edit/contracts-finder;/suppliers/frameworks/g-cloud-14/declaration/edit/contracts-finder;;localhost:7100;504;0 Assertion failed;60;723;DMP-1.5-Dryrun;DMP 1.5 Supplier Registration - Working on AWS NFT#1611 - Actions#1;
1706280231300;POST https://www.nft.marketplace.team/suppliers/frameworks/g-cloud-14/declaration/edit/grounds-for-mandatory-exclusion-taxes;/suppliers/frameworks/g-cloud-14/declaration/edit/grounds-for-mandatory-exclusion-taxes;;localhost:7100;504;0 Assertion failed;60;723;DMP-1.5-Dryrun;DMP 1.5 Supplier Registration - Working on AWS NFT#1978 - Actions#1;
1706280231729;POST https://www.nft.marketplace.team/suppliers/frameworks/g-cloud-14/declaration/edit/grounds-for-mandatory-exclusion-taxes;/suppliers/frameworks/g-cloud-14/declaration/edit/grounds-for-mandatory-exclusion-taxes;;localhost:7100;504;0 Assertion failed;60;723;DMP-1.5-Dryrun;DMP 1.5 Supplier Registration - Working on AWS NFT#2120 - Actions#1;
1706280231750;GET https://www.nft.marketplace.team/suppliers/frameworks/g-cloud-14/declaration/edit/grounds-for-mandatory-exclusion-taxes;/suppliers/frameworks/g-cloud-14/declaration/edit/grounds-for-mandatory-exclusion;/suppliers/frameworks/g-cloud-14/declaration/edit/grounds-for-mandatory-exclusion;localhost:7100;504;0 Assertion failed;60;723;DMP-1.5-Dryrun;DMP 1.5 Supplier Registration - Working on AWS NFT#2249 - Actions#1;
1706280232138;POST https://www.nft.marketplace.team/suppliers/details;/suppliers/details;/suppliers/details;localhost:7100;504;0 Assertion failed;60;761;DMP-1.5-Dryrun;DMP 1.5 Supplier Registration - Working on AWS NFT#2574 - Actions#1;
