10357@user.marketplace.team,Password1234
10365@user.marketplace.team,Password1234
10371@user.marketplace.team,Password1234
10425@user.marketplace.team,Password1234
10482@user.marketplace.team,Password1234
10485@user.marketplace.team,Password1234
10489@user.marketplace.team,Password1234
10492@user.marketplace.team,Password1234
10495@user.marketplace.team,Password1234
10496@user.marketplace.team,Password1234
10497@user.marketplace.team,Password1234
10500@user.marketplace.team,Password1234
10503@user.marketplace.team,Password1234
10506@user.marketplace.team,Password1234
10507@user.marketplace.team,Password1234
10514@user.marketplace.team,Password1234
10521@user.marketplace.team,Password1234
10523@user.marketplace.team,Password1234
10525@user.marketplace.team,Password1234
10533@user.marketplace.team,Password1234
10534@user.marketplace.team,Password1234
10598@user.marketplace.team,Password1234
10619@user.marketplace.team,Password1234
10646@user.marketplace.team,Password1234
10681@user.marketplace.team,Password1234
10692@user.marketplace.team,Password1234
10699@user.marketplace.team,Password1234
10709@user.marketplace.team,Password1234
10716@user.marketplace.team,Password1234
10731@user.marketplace.team,Password1234
10733@user.marketplace.team,Password1234
10737@user.marketplace.team,Password1234
10739@user.marketplace.team,Password1234
10747@user.marketplace.team,Password1234
10758@user.marketplace.team,Password1234
10782@user.marketplace.team,Password1234
10788@user.marketplace.team,Password1234
10790@user.marketplace.team,Password1234
10791@user.marketplace.team,Password1234
10793@user.marketplace.team,Password1234
10828@user.marketplace.team,Password1234
10835@user.marketplace.team,Password1234
10886@user.marketplace.team,Password1234
10887@user.marketplace.team,Password1234
10891@user.marketplace.team,Password1234
10895@user.marketplace.team,Password1234
10903@user.marketplace.team,Password1234
10911@user.marketplace.team,Password1234
10930@user.marketplace.team,Password1234
10934@user.marketplace.team,Password1234
10949@user.marketplace.team,Password1234
10961@user.marketplace.team,Password1234
10963@user.marketplace.team,Password1234
10968@user.marketplace.team,Password1234
10974@user.marketplace.team,Password1234
10976@user.marketplace.team,Password1234
10995@user.marketplace.team,Password1234
11035@user.marketplace.team,Password1234
11041@user.marketplace.team,Password1234
11078@user.marketplace.team,Password1234
11108@user.marketplace.team,Password1234
11121@user.marketplace.team,Password1234
11123@user.marketplace.team,Password1234
11131@user.marketplace.team,Password1234
11133@user.marketplace.team,Password1234
11138@user.marketplace.team,Password1234
11150@user.marketplace.team,Password1234
11159@user.marketplace.team,Password1234
11172@user.marketplace.team,Password1234
11173@user.marketplace.team,Password1234
11197@user.marketplace.team,Password1234
11198@user.marketplace.team,Password1234
11201@user.marketplace.team,Password1234
11205@user.marketplace.team,Password1234
11221@user.marketplace.team,Password1234
11237@user.marketplace.team,Password1234
11285@user.marketplace.team,Password1234
11299@user.marketplace.team,Password1234
11308@user.marketplace.team,Password1234
11313@user.marketplace.team,Password1234
11315@user.marketplace.team,Password1234
11332@user.marketplace.team,Password1234
11352@user.marketplace.team,Password1234
11356@user.marketplace.team,Password1234
11359@user.marketplace.team,Password1234
11375@user.marketplace.team,Password1234
11471@user.marketplace.team,Password1234
11503@user.marketplace.team,Password1234
11524@user.marketplace.team,Password1234
11530@user.marketplace.team,Password1234
11537@user.marketplace.team,Password1234
11552@user.marketplace.team,Password1234
11557@user.marketplace.team,Password1234
11564@user.marketplace.team,Password1234
11578@user.marketplace.team,Password1234
11586@user.marketplace.team,Password1234
11588@user.marketplace.team,Password1234
11592@user.marketplace.team,Password1234
11597@user.marketplace.team,Password1234
11600@user.marketplace.team,Password1234
11625@user.marketplace.team,Password1234
11687@user.marketplace.team,Password1234
11783@user.marketplace.team,Password1234
11787@user.marketplace.team,Password1234
11790@user.marketplace.team,Password1234
11793@user.marketplace.team,Password1234
11824@user.marketplace.team,Password1234
11834@user.marketplace.team,Password1234
11835@user.marketplace.team,Password1234
11903@user.marketplace.team,Password1234
11914@user.marketplace.team,Password1234
11924@user.marketplace.team,Password1234
11973@user.marketplace.team,Password1234
12008@user.marketplace.team,Password1234
12015@user.marketplace.team,Password1234
12016@user.marketplace.team,Password1234
12022@user.marketplace.team,Password1234
12025@user.marketplace.team,Password1234
12150@user.marketplace.team,Password1234
12215@user.marketplace.team,Password1234
12234@user.marketplace.team,Password1234
12297@user.marketplace.team,Password1234
12307@user.marketplace.team,Password1234
12308@user.marketplace.team,Password1234
12316@user.marketplace.team,Password1234
12317@user.marketplace.team,Password1234
12362@user.marketplace.team,Password1234
12372@user.marketplace.team,Password1234
12442@user.marketplace.team,Password1234
12459@user.marketplace.team,Password1234
12477@user.marketplace.team,Password1234
12478@user.marketplace.team,Password1234
12486@user.marketplace.team,Password1234
12538@user.marketplace.team,Password1234
12543@user.marketplace.team,Password1234
12572@user.marketplace.team,Password1234
12616@user.marketplace.team,Password1234
12632@user.marketplace.team,Password1234
12694@user.marketplace.team,Password1234
12706@user.marketplace.team,Password1234
12712@user.marketplace.team,Password1234
12739@user.marketplace.team,Password1234
12740@user.marketplace.team,Password1234
12746@user.marketplace.team,Password1234
12760@user.marketplace.team,Password1234
12790@user.marketplace.team,Password1234
12795@user.marketplace.team,Password1234
12805@user.marketplace.team,Password1234
12821@user.marketplace.team,Password1234
12829@user.marketplace.team,Password1234
12848@user.marketplace.team,Password1234
12858@user.marketplace.team,Password1234
12887@user.marketplace.team,Password1234
12907@user.marketplace.team,Password1234
12915@user.marketplace.team,Password1234
12916@user.marketplace.team,Password1234
12919@user.marketplace.team,Password1234
12967@user.marketplace.team,Password1234
13024@user.marketplace.team,Password1234
13048@user.marketplace.team,Password1234
13052@user.marketplace.team,Password1234
13068@user.marketplace.team,Password1234
13127@user.marketplace.team,Password1234
13145@user.marketplace.team,Password1234
13150@user.marketplace.team,Password1234
13170@user.marketplace.team,Password1234
13183@user.marketplace.team,Password1234
13199@user.marketplace.team,Password1234
13253@user.marketplace.team,Password1234
13266@user.marketplace.team,Password1234
13273@user.marketplace.team,Password1234
13305@user.marketplace.team,Password1234
13309@user.marketplace.team,Password1234
13318@user.marketplace.team,Password1234
13411@user.marketplace.team,Password1234
13421@user.marketplace.team,Password1234
13436@user.marketplace.team,Password1234
13451@user.marketplace.team,Password1234
13494@user.marketplace.team,Password1234
13497@user.marketplace.team,Password1234
13505@user.marketplace.team,Password1234
13509@user.marketplace.team,Password1234
13540@user.marketplace.team,Password1234
13574@user.marketplace.team,Password1234
13576@user.marketplace.team,Password1234
13734@user.marketplace.team,Password1234
13792@user.marketplace.team,Password1234
13803@user.marketplace.team,Password1234
13808@user.marketplace.team,Password1234
13836@user.marketplace.team,Password1234
13874@user.marketplace.team,Password1234
13940@user.marketplace.team,Password1234
13970@user.marketplace.team,Password1234
13992@user.marketplace.team,Password1234
13998@user.marketplace.team,Password1234
14127@user.marketplace.team,Password1234
14164@user.marketplace.team,Password1234
14208@user.marketplace.team,Password1234
14265@user.marketplace.team,Password1234
14324@user.marketplace.team,Password1234
14347@user.marketplace.team,Password1234
14402@user.marketplace.team,Password1234
14403@user.marketplace.team,Password1234
14535@user.marketplace.team,Password1234
14555@user.marketplace.team,Password1234
14583@user.marketplace.team,Password1234
14604@user.marketplace.team,Password1234
14625@user.marketplace.team,Password1234
14628@user.marketplace.team,Password1234
14633@user.marketplace.team,Password1234
14637@user.marketplace.team,Password1234
14665@user.marketplace.team,Password1234
14680@user.marketplace.team,Password1234
14709@user.marketplace.team,Password1234
14730@user.marketplace.team,Password1234
14737@user.marketplace.team,Password1234
14739@user.marketplace.team,Password1234
14741@user.marketplace.team,Password1234
14750@user.marketplace.team,Password1234
14752@user.marketplace.team,Password1234
14759@user.marketplace.team,Password1234
14772@user.marketplace.team,Password1234
14788@user.marketplace.team,Password1234
14789@user.marketplace.team,Password1234
14798@user.marketplace.team,Password1234
14837@user.marketplace.team,Password1234
14868@user.marketplace.team,Password1234
14875@user.marketplace.team,Password1234
14877@user.marketplace.team,Password1234
14888@user.marketplace.team,Password1234
14893@user.marketplace.team,Password1234
14916@user.marketplace.team,Password1234
14920@user.marketplace.team,Password1234
14941@user.marketplace.team,Password1234
14954@user.marketplace.team,Password1234
14966@user.marketplace.team,Password1234
14967@user.marketplace.team,Password1234
14980@user.marketplace.team,Password1234
14983@user.marketplace.team,Password1234
15029@user.marketplace.team,Password1234
15041@user.marketplace.team,Password1234
15070@user.marketplace.team,Password1234
15072@user.marketplace.team,Password1234
15090@user.marketplace.team,Password1234
15100@user.marketplace.team,Password1234
15157@user.marketplace.team,Password1234
15180@user.marketplace.team,Password1234
15189@user.marketplace.team,Password1234
15195@user.marketplace.team,Password1234
15210@user.marketplace.team,Password1234
15232@user.marketplace.team,Password1234
15258@user.marketplace.team,Password1234
15263@user.marketplace.team,Password1234
15268@user.marketplace.team,Password1234
15279@user.marketplace.team,Password1234
15306@user.marketplace.team,Password1234
15335@user.marketplace.team,Password1234
15359@user.marketplace.team,Password1234
15381@user.marketplace.team,Password1234
15387@user.marketplace.team,Password1234
15425@user.marketplace.team,Password1234
15432@user.marketplace.team,Password1234
15458@user.marketplace.team,Password1234
15474@user.marketplace.team,Password1234
15495@user.marketplace.team,Password1234
15497@user.marketplace.team,Password1234
15536@user.marketplace.team,Password1234
15572@user.marketplace.team,Password1234
15575@user.marketplace.team,Password1234
15608@user.marketplace.team,Password1234
15623@user.marketplace.team,Password1234
15645@user.marketplace.team,Password1234
15650@user.marketplace.team,Password1234
15674@user.marketplace.team,Password1234
15677@user.marketplace.team,Password1234
15700@user.marketplace.team,Password1234
15704@user.marketplace.team,Password1234
15748@user.marketplace.team,Password1234
15767@user.marketplace.team,Password1234
15842@user.marketplace.team,Password1234
15867@user.marketplace.team,Password1234
15891@user.marketplace.team,Password1234
15893@user.marketplace.team,Password1234
15905@user.marketplace.team,Password1234
15961@user.marketplace.team,Password1234
15969@user.marketplace.team,Password1234
15985@user.marketplace.team,Password1234
16020@user.marketplace.team,Password1234
16077@user.marketplace.team,Password1234
16083@user.marketplace.team,Password1234
16109@user.marketplace.team,Password1234
16144@user.marketplace.team,Password1234
16155@user.marketplace.team,Password1234
16165@user.marketplace.team,Password1234
16179@user.marketplace.team,Password1234
16191@user.marketplace.team,Password1234
16194@user.marketplace.team,Password1234
16215@user.marketplace.team,Password1234
16219@user.marketplace.team,Password1234
16254@user.marketplace.team,Password1234
16273@user.marketplace.team,Password1234
16291@user.marketplace.team,Password1234
16295@user.marketplace.team,Password1234
16305@user.marketplace.team,Password1234
16330@user.marketplace.team,Password1234
16420@user.marketplace.team,Password1234
16426@user.marketplace.team,Password1234
16501@user.marketplace.team,Password1234
16518@user.marketplace.team,Password1234
16530@user.marketplace.team,Password1234
16569@user.marketplace.team,Password1234
16576@user.marketplace.team,Password1234
16621@user.marketplace.team,Password1234
16664@user.marketplace.team,Password1234
16693@user.marketplace.team,Password1234
16699@user.marketplace.team,Password1234
16713@user.marketplace.team,Password1234
16801@user.marketplace.team,Password1234
16809@user.marketplace.team,Password1234
16840@user.marketplace.team,Password1234
16879@user.marketplace.team,Password1234
16897@user.marketplace.team,Password1234
16962@user.marketplace.team,Password1234
16975@user.marketplace.team,Password1234
16990@user.marketplace.team,Password1234
16998@user.marketplace.team,Password1234
17015@user.marketplace.team,Password1234
17076@user.marketplace.team,Password1234
17093@user.marketplace.team,Password1234
17097@user.marketplace.team,Password1234
17122@user.marketplace.team,Password1234
17163@user.marketplace.team,Password1234
17177@user.marketplace.team,Password1234
17233@user.marketplace.team,Password1234
17243@user.marketplace.team,Password1234
17254@user.marketplace.team,Password1234
17322@user.marketplace.team,Password1234
17380@user.marketplace.team,Password1234
17423@user.marketplace.team,Password1234
17466@user.marketplace.team,Password1234
17499@user.marketplace.team,Password1234
17567@user.marketplace.team,Password1234
17569@user.marketplace.team,Password1234
17589@user.marketplace.team,Password1234
17590@user.marketplace.team,Password1234
17597@user.marketplace.team,Password1234
17605@user.marketplace.team,Password1234
17611@user.marketplace.team,Password1234
17612@user.marketplace.team,Password1234
17635@user.marketplace.team,Password1234
17642@user.marketplace.team,Password1234
17644@user.marketplace.team,Password1234
17673@user.marketplace.team,Password1234
17684@user.marketplace.team,Password1234
17723@user.marketplace.team,Password1234
17736@user.marketplace.team,Password1234
17739@user.marketplace.team,Password1234
17780@user.marketplace.team,Password1234
17791@user.marketplace.team,Password1234
17910@user.marketplace.team,Password1234
17960@user.marketplace.team,Password1234
17986@user.marketplace.team,Password1234
17992@user.marketplace.team,Password1234
18018@user.marketplace.team,Password1234
18064@user.marketplace.team,Password1234
18078@user.marketplace.team,Password1234
18109@user.marketplace.team,Password1234
18166@user.marketplace.team,Password1234
18168@user.marketplace.team,Password1234
18244@user.marketplace.team,Password1234
18252@user.marketplace.team,Password1234
18254@user.marketplace.team,Password1234
18275@user.marketplace.team,Password1234
18309@user.marketplace.team,Password1234
18317@user.marketplace.team,Password1234
18322@user.marketplace.team,Password1234
18334@user.marketplace.team,Password1234
18357@user.marketplace.team,Password1234
18365@user.marketplace.team,Password1234
18381@user.marketplace.team,Password1234
18396@user.marketplace.team,Password1234
18411@user.marketplace.team,Password1234
18422@user.marketplace.team,Password1234
18459@user.marketplace.team,Password1234
18473@user.marketplace.team,Password1234
18481@user.marketplace.team,Password1234
18560@user.marketplace.team,Password1234
18565@user.marketplace.team,Password1234
18570@user.marketplace.team,Password1234
18573@user.marketplace.team,Password1234
18575@user.marketplace.team,Password1234
18597@user.marketplace.team,Password1234
18606@user.marketplace.team,Password1234
18633@user.marketplace.team,Password1234
18686@user.marketplace.team,Password1234
18698@user.marketplace.team,Password1234
18712@user.marketplace.team,Password1234
18726@user.marketplace.team,Password1234
18755@user.marketplace.team,Password1234
18765@user.marketplace.team,Password1234
18794@user.marketplace.team,Password1234
18909@user.marketplace.team,Password1234
18964@user.marketplace.team,Password1234
18966@user.marketplace.team,Password1234
19001@user.marketplace.team,Password1234
19026@user.marketplace.team,Password1234
19034@user.marketplace.team,Password1234
19071@user.marketplace.team,Password1234
19081@user.marketplace.team,Password1234
19092@user.marketplace.team,Password1234
19113@user.marketplace.team,Password1234
19135@user.marketplace.team,Password1234
19158@user.marketplace.team,Password1234
19182@user.marketplace.team,Password1234
19213@user.marketplace.team,Password1234
19215@user.marketplace.team,Password1234
19231@user.marketplace.team,Password1234
19262@user.marketplace.team,Password1234
19289@user.marketplace.team,Password1234
19317@user.marketplace.team,Password1234
19349@user.marketplace.team,Password1234
19353@user.marketplace.team,Password1234
19368@user.marketplace.team,Password1234
19386@user.marketplace.team,Password1234
19394@user.marketplace.team,Password1234
19401@user.marketplace.team,Password1234
19437@user.marketplace.team,Password1234
19471@user.marketplace.team,Password1234
19479@user.marketplace.team,Password1234
19534@user.marketplace.team,Password1234
19556@user.marketplace.team,Password1234
19562@user.marketplace.team,Password1234
19615@user.marketplace.team,Password1234
19639@user.marketplace.team,Password1234
19651@user.marketplace.team,Password1234
19686@user.marketplace.team,Password1234
19699@user.marketplace.team,Password1234
19723@user.marketplace.team,Password1234
19728@user.marketplace.team,Password1234
19741@user.marketplace.team,Password1234
19748@user.marketplace.team,Password1234
19781@user.marketplace.team,Password1234
19838@user.marketplace.team,Password1234
19890@user.marketplace.team,Password1234
19933@user.marketplace.team,Password1234
19941@user.marketplace.team,Password1234
19977@user.marketplace.team,Password1234
20011@user.marketplace.team,Password1234
20058@user.marketplace.team,Password1234
20103@user.marketplace.team,Password1234
20110@user.marketplace.team,Password1234
20135@user.marketplace.team,Password1234
20158@user.marketplace.team,Password1234
20160@user.marketplace.team,Password1234
20204@user.marketplace.team,Password1234
20249@user.marketplace.team,Password1234
20433@user.marketplace.team,Password1234
20445@user.marketplace.team,Password1234
20484@user.marketplace.team,Password1234
20540@user.marketplace.team,Password1234
20642@user.marketplace.team,Password1234
20652@user.marketplace.team,Password1234
20667@user.marketplace.team,Password1234
20678@user.marketplace.team,Password1234
20720@user.marketplace.team,Password1234
20747@user.marketplace.team,Password1234
20763@user.marketplace.team,Password1234
20772@user.marketplace.team,Password1234
20790@user.marketplace.team,Password1234
20798@user.marketplace.team,Password1234
20863@user.marketplace.team,Password1234
20878@user.marketplace.team,Password1234
20887@user.marketplace.team,Password1234
20890@user.marketplace.team,Password1234
20894@user.marketplace.team,Password1234
20896@user.marketplace.team,Password1234
20924@user.marketplace.team,Password1234
20938@user.marketplace.team,Password1234
20942@user.marketplace.team,Password1234
20952@user.marketplace.team,Password1234
20988@user.marketplace.team,Password1234
21016@user.marketplace.team,Password1234
21081@user.marketplace.team,Password1234
21125@user.marketplace.team,Password1234
21132@user.marketplace.team,Password1234
21133@user.marketplace.team,Password1234
21164@user.marketplace.team,Password1234
21194@user.marketplace.team,Password1234
21226@user.marketplace.team,Password1234
21293@user.marketplace.team,Password1234
21350@user.marketplace.team,Password1234
21375@user.marketplace.team,Password1234
21381@user.marketplace.team,Password1234
21403@user.marketplace.team,Password1234
21433@user.marketplace.team,Password1234
21434@user.marketplace.team,Password1234
21437@user.marketplace.team,Password1234
21459@user.marketplace.team,Password1234
21481@user.marketplace.team,Password1234
21522@user.marketplace.team,Password1234
21529@user.marketplace.team,Password1234
21556@user.marketplace.team,Password1234
21563@user.marketplace.team,Password1234
21588@user.marketplace.team,Password1234
21593@user.marketplace.team,Password1234
21611@user.marketplace.team,Password1234
21654@user.marketplace.team,Password1234
21720@user.marketplace.team,Password1234
21722@user.marketplace.team,Password1234
21726@user.marketplace.team,Password1234
21730@user.marketplace.team,Password1234
21763@user.marketplace.team,Password1234
21773@user.marketplace.team,Password1234
21787@user.marketplace.team,Password1234
21809@user.marketplace.team,Password1234
21817@user.marketplace.team,Password1234
21824@user.marketplace.team,Password1234
21862@user.marketplace.team,Password1234
21863@user.marketplace.team,Password1234
21894@user.marketplace.team,Password1234
21944@user.marketplace.team,Password1234
21945@user.marketplace.team,Password1234
21946@user.marketplace.team,Password1234
21967@user.marketplace.team,Password1234
22066@user.marketplace.team,Password1234
22080@user.marketplace.team,Password1234
22092@user.marketplace.team,Password1234
22188@user.marketplace.team,Password1234
22198@user.marketplace.team,Password1234
22246@user.marketplace.team,Password1234
22317@user.marketplace.team,Password1234
22335@user.marketplace.team,Password1234
22348@user.marketplace.team,Password1234
22355@user.marketplace.team,Password1234
22370@user.marketplace.team,Password1234
22445@user.marketplace.team,Password1234
22488@user.marketplace.team,Password1234
22522@user.marketplace.team,Password1234
22525@user.marketplace.team,Password1234
22571@user.marketplace.team,Password1234
22627@user.marketplace.team,Password1234
22660@user.marketplace.team,Password1234
22670@user.marketplace.team,Password1234
22699@user.marketplace.team,Password1234
22706@user.marketplace.team,Password1234
22743@user.marketplace.team,Password1234
22745@user.marketplace.team,Password1234
22809@user.marketplace.team,Password1234
22814@user.marketplace.team,Password1234
22827@user.marketplace.team,Password1234
22848@user.marketplace.team,Password1234
22877@user.marketplace.team,Password1234
22882@user.marketplace.team,Password1234
22914@user.marketplace.team,Password1234
22918@user.marketplace.team,Password1234
23027@user.marketplace.team,Password1234
23042@user.marketplace.team,Password1234
23080@user.marketplace.team,Password1234
23085@user.marketplace.team,Password1234
23177@user.marketplace.team,Password1234
23197@user.marketplace.team,Password1234
23209@user.marketplace.team,Password1234
23220@user.marketplace.team,Password1234
23254@user.marketplace.team,Password1234
23309@user.marketplace.team,Password1234
23336@user.marketplace.team,Password1234
23386@user.marketplace.team,Password1234
23413@user.marketplace.team,Password1234
23425@user.marketplace.team,Password1234
23439@user.marketplace.team,Password1234
23463@user.marketplace.team,Password1234
23480@user.marketplace.team,Password1234
23489@user.marketplace.team,Password1234
23510@user.marketplace.team,Password1234
23517@user.marketplace.team,Password1234
23533@user.marketplace.team,Password1234
23564@user.marketplace.team,Password1234
23573@user.marketplace.team,Password1234
23614@user.marketplace.team,Password1234
23644@user.marketplace.team,Password1234
23647@user.marketplace.team,Password1234
23663@user.marketplace.team,Password1234
23692@user.marketplace.team,Password1234
23720@user.marketplace.team,Password1234
23722@user.marketplace.team,Password1234
23723@user.marketplace.team,Password1234
23724@user.marketplace.team,Password1234
23756@user.marketplace.team,Password1234
23764@user.marketplace.team,Password1234
23852@user.marketplace.team,Password1234
23862@user.marketplace.team,Password1234
23973@user.marketplace.team,Password1234
24022@user.marketplace.team,Password1234
24052@user.marketplace.team,Password1234
24070@user.marketplace.team,Password1234
24126@user.marketplace.team,Password1234
24133@user.marketplace.team,Password1234
24183@user.marketplace.team,Password1234
24200@user.marketplace.team,Password1234
24203@user.marketplace.team,Password1234
24205@user.marketplace.team,Password1234
24251@user.marketplace.team,Password1234
24265@user.marketplace.team,Password1234
24266@user.marketplace.team,Password1234
24279@user.marketplace.team,Password1234
24332@user.marketplace.team,Password1234
24371@user.marketplace.team,Password1234
24378@user.marketplace.team,Password1234
24395@user.marketplace.team,Password1234
24405@user.marketplace.team,Password1234
24420@user.marketplace.team,Password1234
24425@user.marketplace.team,Password1234
24442@user.marketplace.team,Password1234
24465@user.marketplace.team,Password1234
24466@user.marketplace.team,Password1234
24470@user.marketplace.team,Password1234
24490@user.marketplace.team,Password1234
24522@user.marketplace.team,Password1234
24536@user.marketplace.team,Password1234
24545@user.marketplace.team,Password1234
24567@user.marketplace.team,Password1234
24590@user.marketplace.team,Password1234
24593@user.marketplace.team,Password1234
24635@user.marketplace.team,Password1234
24682@user.marketplace.team,Password1234
24715@user.marketplace.team,Password1234
24731@user.marketplace.team,Password1234
24758@user.marketplace.team,Password1234
24813@user.marketplace.team,Password1234
24838@user.marketplace.team,Password1234
24856@user.marketplace.team,Password1234
24860@user.marketplace.team,Password1234
24867@user.marketplace.team,Password1234
24884@user.marketplace.team,Password1234
24887@user.marketplace.team,Password1234
24933@user.marketplace.team,Password1234
24943@user.marketplace.team,Password1234
24988@user.marketplace.team,Password1234
25010@user.marketplace.team,Password1234
25041@user.marketplace.team,Password1234
25055@user.marketplace.team,Password1234
25093@user.marketplace.team,Password1234
25106@user.marketplace.team,Password1234
25125@user.marketplace.team,Password1234
25155@user.marketplace.team,Password1234
25162@user.marketplace.team,Password1234
25163@user.marketplace.team,Password1234
25166@user.marketplace.team,Password1234
25177@user.marketplace.team,Password1234
25195@user.marketplace.team,Password1234
25203@user.marketplace.team,Password1234
25205@user.marketplace.team,Password1234
25225@user.marketplace.team,Password1234
25248@user.marketplace.team,Password1234
25252@user.marketplace.team,Password1234
25309@user.marketplace.team,Password1234
25335@user.marketplace.team,Password1234
25380@user.marketplace.team,Password1234
25382@user.marketplace.team,Password1234
25434@user.marketplace.team,Password1234
25467@user.marketplace.team,Password1234
25605@user.marketplace.team,Password1234
25614@user.marketplace.team,Password1234
25618@user.marketplace.team,Password1234
25619@user.marketplace.team,Password1234
25621@user.marketplace.team,Password1234
25626@user.marketplace.team,Password1234
25642@user.marketplace.team,Password1234
25657@user.marketplace.team,Password1234
25708@user.marketplace.team,Password1234
25748@user.marketplace.team,Password1234
25787@user.marketplace.team,Password1234
25789@user.marketplace.team,Password1234
25821@user.marketplace.team,Password1234
25836@user.marketplace.team,Password1234
25840@user.marketplace.team,Password1234
25862@user.marketplace.team,Password1234
25874@user.marketplace.team,Password1234
25917@user.marketplace.team,Password1234
25930@user.marketplace.team,Password1234
25939@user.marketplace.team,Password1234
25998@user.marketplace.team,Password1234
26016@user.marketplace.team,Password1234
26033@user.marketplace.team,Password1234
26043@user.marketplace.team,Password1234
26046@user.marketplace.team,Password1234
26080@user.marketplace.team,Password1234
26091@user.marketplace.team,Password1234
26105@user.marketplace.team,Password1234
26169@user.marketplace.team,Password1234
26189@user.marketplace.team,Password1234
26215@user.marketplace.team,Password1234
26224@user.marketplace.team,Password1234
26244@user.marketplace.team,Password1234
26275@user.marketplace.team,Password1234
26305@user.marketplace.team,Password1234
26307@user.marketplace.team,Password1234
26364@user.marketplace.team,Password1234
26517@user.marketplace.team,Password1234
26522@user.marketplace.team,Password1234
26537@user.marketplace.team,Password1234
26547@user.marketplace.team,Password1234
26596@user.marketplace.team,Password1234
26609@user.marketplace.team,Password1234
26622@user.marketplace.team,Password1234
26625@user.marketplace.team,Password1234
26626@user.marketplace.team,Password1234
26684@user.marketplace.team,Password1234
26732@user.marketplace.team,Password1234
26751@user.marketplace.team,Password1234
26758@user.marketplace.team,Password1234
26830@user.marketplace.team,Password1234
26834@user.marketplace.team,Password1234
26837@user.marketplace.team,Password1234
26846@user.marketplace.team,Password1234
26883@user.marketplace.team,Password1234
26957@user.marketplace.team,Password1234
26966@user.marketplace.team,Password1234
26975@user.marketplace.team,Password1234
26985@user.marketplace.team,Password1234
26987@user.marketplace.team,Password1234
27002@user.marketplace.team,Password1234
27123@user.marketplace.team,Password1234
27235@user.marketplace.team,Password1234
27254@user.marketplace.team,Password1234
27264@user.marketplace.team,Password1234
27281@user.marketplace.team,Password1234
27292@user.marketplace.team,Password1234
27302@user.marketplace.team,Password1234
27312@user.marketplace.team,Password1234
27359@user.marketplace.team,Password1234
27363@user.marketplace.team,Password1234
27429@user.marketplace.team,Password1234
27473@user.marketplace.team,Password1234
27500@user.marketplace.team,Password1234
27556@user.marketplace.team,Password1234
27563@user.marketplace.team,Password1234
27564@user.marketplace.team,Password1234
27567@user.marketplace.team,Password1234
27583@user.marketplace.team,Password1234
27612@user.marketplace.team,Password1234
27631@user.marketplace.team,Password1234
27684@user.marketplace.team,Password1234
27732@user.marketplace.team,Password1234
27742@user.marketplace.team,Password1234
27745@user.marketplace.team,Password1234
27754@user.marketplace.team,Password1234
27761@user.marketplace.team,Password1234
27787@user.marketplace.team,Password1234
27878@user.marketplace.team,Password1234
27886@user.marketplace.team,Password1234
27894@user.marketplace.team,Password1234
27895@user.marketplace.team,Password1234
27938@user.marketplace.team,Password1234
27943@user.marketplace.team,Password1234
28022@user.marketplace.team,Password1234
28108@user.marketplace.team,Password1234
28130@user.marketplace.team,Password1234
28184@user.marketplace.team,Password1234
28233@user.marketplace.team,Password1234
28252@user.marketplace.team,Password1234
28309@user.marketplace.team,Password1234
28316@user.marketplace.team,Password1234
28319@user.marketplace.team,Password1234
28371@user.marketplace.team,Password1234
28403@user.marketplace.team,Password1234
28444@user.marketplace.team,Password1234
28561@user.marketplace.team,Password1234
28601@user.marketplace.team,Password1234
28605@user.marketplace.team,Password1234
28613@user.marketplace.team,Password1234
28633@user.marketplace.team,Password1234
28640@user.marketplace.team,Password1234
28658@user.marketplace.team,Password1234
28744@user.marketplace.team,Password1234
28748@user.marketplace.team,Password1234
28782@user.marketplace.team,Password1234
28788@user.marketplace.team,Password1234
28831@user.marketplace.team,Password1234
28833@user.marketplace.team,Password1234
28834@user.marketplace.team,Password1234
28852@user.marketplace.team,Password1234
28961@user.marketplace.team,Password1234
28999@user.marketplace.team,Password1234
29066@user.marketplace.team,Password1234
29101@user.marketplace.team,Password1234
29167@user.marketplace.team,Password1234
29169@user.marketplace.team,Password1234
29171@user.marketplace.team,Password1234
29184@user.marketplace.team,Password1234
29203@user.marketplace.team,Password1234
29315@user.marketplace.team,Password1234
29345@user.marketplace.team,Password1234
29363@user.marketplace.team,Password1234
29368@user.marketplace.team,Password1234
29480@user.marketplace.team,Password1234
29518@user.marketplace.team,Password1234
29531@user.marketplace.team,Password1234
29589@user.marketplace.team,Password1234
29639@user.marketplace.team,Password1234
29687@user.marketplace.team,Password1234
29713@user.marketplace.team,Password1234
29720@user.marketplace.team,Password1234
29772@user.marketplace.team,Password1234
29807@user.marketplace.team,Password1234
29818@user.marketplace.team,Password1234
29860@user.marketplace.team,Password1234
29895@user.marketplace.team,Password1234
29900@user.marketplace.team,Password1234
29902@user.marketplace.team,Password1234
29909@user.marketplace.team,Password1234
29951@user.marketplace.team,Password1234
29968@user.marketplace.team,Password1234
29985@user.marketplace.team,Password1234
29993@user.marketplace.team,Password1234
30043@user.marketplace.team,Password1234
30166@user.marketplace.team,Password1234
30206@user.marketplace.team,Password1234
30221@user.marketplace.team,Password1234
30295@user.marketplace.team,Password1234
30318@user.marketplace.team,Password1234
30330@user.marketplace.team,Password1234
30339@user.marketplace.team,Password1234
30349@user.marketplace.team,Password1234
30350@user.marketplace.team,Password1234
30356@user.marketplace.team,Password1234
30365@user.marketplace.team,Password1234
30497@user.marketplace.team,Password1234
30653@user.marketplace.team,Password1234
30670@user.marketplace.team,Password1234
30702@user.marketplace.team,Password1234
30724@user.marketplace.team,Password1234
30736@user.marketplace.team,Password1234
30741@user.marketplace.team,Password1234
30781@user.marketplace.team,Password1234
30802@user.marketplace.team,Password1234
30825@user.marketplace.team,Password1234
30848@user.marketplace.team,Password1234
30870@user.marketplace.team,Password1234
30886@user.marketplace.team,Password1234
30891@user.marketplace.team,Password1234
30898@user.marketplace.team,Password1234
30912@user.marketplace.team,Password1234
30913@user.marketplace.team,Password1234
30916@user.marketplace.team,Password1234
30937@user.marketplace.team,Password1234
30965@user.marketplace.team,Password1234
30996@user.marketplace.team,Password1234
31027@user.marketplace.team,Password1234
31059@user.marketplace.team,Password1234
31093@user.marketplace.team,Password1234
32327@user.marketplace.team,Password1234
32637@user.marketplace.team,Password1234
32639@user.marketplace.team,Password1234
32657@user.marketplace.team,Password1234
32713@user.marketplace.team,Password1234
32945@user.marketplace.team,Password1234
33004@user.marketplace.team,Password1234
33031@user.marketplace.team,Password1234
33079@user.marketplace.team,Password1234
33082@user.marketplace.team,Password1234
33107@user.marketplace.team,Password1234
33165@user.marketplace.team,Password1234
33203@user.marketplace.team,Password1234
33228@user.marketplace.team,Password1234
33379@user.marketplace.team,Password1234
33433@user.marketplace.team,Password1234
33450@user.marketplace.team,Password1234
33459@user.marketplace.team,Password1234
33474@user.marketplace.team,Password1234
33554@user.marketplace.team,Password1234
33584@user.marketplace.team,Password1234
33623@user.marketplace.team,Password1234
33634@user.marketplace.team,Password1234
33638@user.marketplace.team,Password1234
33680@user.marketplace.team,Password1234
33713@user.marketplace.team,Password1234
33724@user.marketplace.team,Password1234
33732@user.marketplace.team,Password1234
33745@user.marketplace.team,Password1234
33751@user.marketplace.team,Password1234
33858@user.marketplace.team,Password1234
33910@user.marketplace.team,Password1234
33933@user.marketplace.team,Password1234
34041@user.marketplace.team,Password1234
34084@user.marketplace.team,Password1234
34120@user.marketplace.team,Password1234
34140@user.marketplace.team,Password1234
34160@user.marketplace.team,Password1234
34165@user.marketplace.team,Password1234
34189@user.marketplace.team,Password1234
34196@user.marketplace.team,Password1234
34234@user.marketplace.team,Password1234
34248@user.marketplace.team,Password1234
34288@user.marketplace.team,Password1234
34290@user.marketplace.team,Password1234
34331@user.marketplace.team,Password1234
34352@user.marketplace.team,Password1234
34356@user.marketplace.team,Password1234
34436@user.marketplace.team,Password1234
34458@user.marketplace.team,Password1234
34522@user.marketplace.team,Password1234
34554@user.marketplace.team,Password1234
34557@user.marketplace.team,Password1234
34569@user.marketplace.team,Password1234
34585@user.marketplace.team,Password1234
34598@user.marketplace.team,Password1234
34678@user.marketplace.team,Password1234
34801@user.marketplace.team,Password1234
34816@user.marketplace.team,Password1234
34866@user.marketplace.team,Password1234
34901@user.marketplace.team,Password1234
34916@user.marketplace.team,Password1234
34946@user.marketplace.team,Password1234
34957@user.marketplace.team,Password1234
35013@user.marketplace.team,Password1234
35023@user.marketplace.team,Password1234
35030@user.marketplace.team,Password1234
35041@user.marketplace.team,Password1234
35102@user.marketplace.team,Password1234
35115@user.marketplace.team,Password1234
35152@user.marketplace.team,Password1234
35188@user.marketplace.team,Password1234
35192@user.marketplace.team,Password1234
35289@user.marketplace.team,Password1234
35353@user.marketplace.team,Password1234
35435@user.marketplace.team,Password1234
35473@user.marketplace.team,Password1234
35520@user.marketplace.team,Password1234
35542@user.marketplace.team,Password1234
35742@user.marketplace.team,Password1234
35801@user.marketplace.team,Password1234
35868@user.marketplace.team,Password1234
35886@user.marketplace.team,Password1234
35969@user.marketplace.team,Password1234
36257@user.marketplace.team,Password1234
36409@user.marketplace.team,Password1234
36449@user.marketplace.team,Password1234
36499@user.marketplace.team,Password1234
36510@user.marketplace.team,Password1234
36530@user.marketplace.team,Password1234
36607@user.marketplace.team,Password1234
36661@user.marketplace.team,Password1234
36706@user.marketplace.team,Password1234
36749@user.marketplace.team,Password1234
36769@user.marketplace.team,Password1234
36772@user.marketplace.team,Password1234
36775@user.marketplace.team,Password1234
36780@user.marketplace.team,Password1234
36796@user.marketplace.team,Password1234
36797@user.marketplace.team,Password1234
36812@user.marketplace.team,Password1234
36818@user.marketplace.team,Password1234
36837@user.marketplace.team,Password1234
36838@user.marketplace.team,Password1234
36840@user.marketplace.team,Password1234
36866@user.marketplace.team,Password1234
36880@user.marketplace.team,Password1234
36894@user.marketplace.team,Password1234
36897@user.marketplace.team,Password1234
36918@user.marketplace.team,Password1234
36920@user.marketplace.team,Password1234
36927@user.marketplace.team,Password1234
36932@user.marketplace.team,Password1234
36935@user.marketplace.team,Password1234
36940@user.marketplace.team,Password1234
36941@user.marketplace.team,Password1234
36947@user.marketplace.team,Password1234
36955@user.marketplace.team,Password1234
36963@user.marketplace.team,Password1234
36964@user.marketplace.team,Password1234
36969@user.marketplace.team,Password1234
36984@user.marketplace.team,Password1234
37032@user.marketplace.team,Password1234
37034@user.marketplace.team,Password1234
37036@user.marketplace.team,Password1234
37049@user.marketplace.team,Password1234
37128@user.marketplace.team,Password1234
37176@user.marketplace.team,Password1234
37186@user.marketplace.team,Password1234
37190@user.marketplace.team,Password1234
37206@user.marketplace.team,Password1234
37208@user.marketplace.team,Password1234
37217@user.marketplace.team,Password1234
37220@user.marketplace.team,Password1234
37228@user.marketplace.team,Password1234
37242@user.marketplace.team,Password1234
37274@user.marketplace.team,Password1234
37276@user.marketplace.team,Password1234
37281@user.marketplace.team,Password1234
37298@user.marketplace.team,Password1234
37302@user.marketplace.team,Password1234
37318@user.marketplace.team,Password1234
37346@user.marketplace.team,Password1234
37373@user.marketplace.team,Password1234
37380@user.marketplace.team,Password1234
37403@user.marketplace.team,Password1234
37405@user.marketplace.team,Password1234
37408@user.marketplace.team,Password1234
37415@user.marketplace.team,Password1234
37458@user.marketplace.team,Password1234
37459@user.marketplace.team,Password1234
37475@user.marketplace.team,Password1234
37503@user.marketplace.team,Password1234
37520@user.marketplace.team,Password1234
37522@user.marketplace.team,Password1234
37533@user.marketplace.team,Password1234
37535@user.marketplace.team,Password1234
37548@user.marketplace.team,Password1234
37552@user.marketplace.team,Password1234
37580@user.marketplace.team,Password1234
37585@user.marketplace.team,Password1234
37588@user.marketplace.team,Password1234
37602@user.marketplace.team,Password1234
37643@user.marketplace.team,Password1234
37649@user.marketplace.team,Password1234
37675@user.marketplace.team,Password1234
37689@user.marketplace.team,Password1234
37694@user.marketplace.team,Password1234
37714@user.marketplace.team,Password1234
37724@user.marketplace.team,Password1234
37741@user.marketplace.team,Password1234
37750@user.marketplace.team,Password1234
37760@user.marketplace.team,Password1234
37782@user.marketplace.team,Password1234
37795@user.marketplace.team,Password1234
37815@user.marketplace.team,Password1234
37857@user.marketplace.team,Password1234
37858@user.marketplace.team,Password1234
37881@user.marketplace.team,Password1234
37887@user.marketplace.team,Password1234
37904@user.marketplace.team,Password1234
37941@user.marketplace.team,Password1234
37946@user.marketplace.team,Password1234
37954@user.marketplace.team,Password1234
37970@user.marketplace.team,Password1234
37982@user.marketplace.team,Password1234
37983@user.marketplace.team,Password1234
37993@user.marketplace.team,Password1234
38020@user.marketplace.team,Password1234
38026@user.marketplace.team,Password1234
38029@user.marketplace.team,Password1234
38047@user.marketplace.team,Password1234
38060@user.marketplace.team,Password1234
38068@user.marketplace.team,Password1234
38107@user.marketplace.team,Password1234
38129@user.marketplace.team,Password1234
38142@user.marketplace.team,Password1234
38161@user.marketplace.team,Password1234
38166@user.marketplace.team,Password1234
38182@user.marketplace.team,Password1234
38188@user.marketplace.team,Password1234
38192@user.marketplace.team,Password1234
38219@user.marketplace.team,Password1234
38230@user.marketplace.team,Password1234
38233@user.marketplace.team,Password1234
38244@user.marketplace.team,Password1234
38245@user.marketplace.team,Password1234
38255@user.marketplace.team,Password1234
38326@user.marketplace.team,Password1234
38328@user.marketplace.team,Password1234
38337@user.marketplace.team,Password1234
38344@user.marketplace.team,Password1234
38361@user.marketplace.team,Password1234
38363@user.marketplace.team,Password1234
38368@user.marketplace.team,Password1234
38388@user.marketplace.team,Password1234
38524@user.marketplace.team,Password1234
38532@user.marketplace.team,Password1234
38589@user.marketplace.team,Password1234
38614@user.marketplace.team,Password1234
38689@user.marketplace.team,Password1234
38716@user.marketplace.team,Password1234
38735@user.marketplace.team,Password1234
38738@user.marketplace.team,Password1234
38756@user.marketplace.team,Password1234
38777@user.marketplace.team,Password1234
38790@user.marketplace.team,Password1234
38794@user.marketplace.team,Password1234
38838@user.marketplace.team,Password1234
38865@user.marketplace.team,Password1234
38874@user.marketplace.team,Password1234
38905@user.marketplace.team,Password1234
38922@user.marketplace.team,Password1234
38924@user.marketplace.team,Password1234
38931@user.marketplace.team,Password1234
38943@user.marketplace.team,Password1234
38948@user.marketplace.team,Password1234
38956@user.marketplace.team,Password1234
38970@user.marketplace.team,Password1234
39014@user.marketplace.team,Password1234
39079@user.marketplace.team,Password1234
39087@user.marketplace.team,Password1234
39097@user.marketplace.team,Password1234
39121@user.marketplace.team,Password1234
39159@user.marketplace.team,Password1234
39167@user.marketplace.team,Password1234
39234@user.marketplace.team,Password1234
39287@user.marketplace.team,Password1234
39301@user.marketplace.team,Password1234
39341@user.marketplace.team,Password1234
39351@user.marketplace.team,Password1234
39397@user.marketplace.team,Password1234
39400@user.marketplace.team,Password1234
39405@user.marketplace.team,Password1234
39409@user.marketplace.team,Password1234
39427@user.marketplace.team,Password1234
39487@user.marketplace.team,Password1234
39516@user.marketplace.team,Password1234
39537@user.marketplace.team,Password1234
39547@user.marketplace.team,Password1234
39551@user.marketplace.team,Password1234
39579@user.marketplace.team,Password1234
39585@user.marketplace.team,Password1234
39618@user.marketplace.team,Password1234
39675@user.marketplace.team,Password1234
39697@user.marketplace.team,Password1234
39704@user.marketplace.team,Password1234
39720@user.marketplace.team,Password1234
39731@user.marketplace.team,Password1234
39736@user.marketplace.team,Password1234
39739@user.marketplace.team,Password1234
39742@user.marketplace.team,Password1234
39745@user.marketplace.team,Password1234
39774@user.marketplace.team,Password1234
39801@user.marketplace.team,Password1234
39808@user.marketplace.team,Password1234
39814@user.marketplace.team,Password1234
39852@user.marketplace.team,Password1234
39883@user.marketplace.team,Password1234
39932@user.marketplace.team,Password1234
39933@user.marketplace.team,Password1234
39937@user.marketplace.team,Password1234
39961@user.marketplace.team,Password1234
39975@user.marketplace.team,Password1234
40010@user.marketplace.team,Password1234
40129@user.marketplace.team,Password1234
40154@user.marketplace.team,Password1234
40296@user.marketplace.team,Password1234
40329@user.marketplace.team,Password1234
40370@user.marketplace.team,Password1234
40385@user.marketplace.team,Password1234
40398@user.marketplace.team,Password1234
40424@user.marketplace.team,Password1234
40439@user.marketplace.team,Password1234
40445@user.marketplace.team,Password1234
40481@user.marketplace.team,Password1234
40489@user.marketplace.team,Password1234
40569@user.marketplace.team,Password1234
40625@user.marketplace.team,Password1234
40674@user.marketplace.team,Password1234
40709@user.marketplace.team,Password1234
40731@user.marketplace.team,Password1234
40759@user.marketplace.team,Password1234
40764@user.marketplace.team,Password1234
40811@user.marketplace.team,Password1234
40830@user.marketplace.team,Password1234
40931@user.marketplace.team,Password1234
40935@user.marketplace.team,Password1234
40967@user.marketplace.team,Password1234
40988@user.marketplace.team,Password1234
41065@user.marketplace.team,Password1234
41072@user.marketplace.team,Password1234
41142@user.marketplace.team,Password1234
41145@user.marketplace.team,Password1234
41214@user.marketplace.team,Password1234
41236@user.marketplace.team,Password1234
41271@user.marketplace.team,Password1234
41300@user.marketplace.team,Password1234
41349@user.marketplace.team,Password1234
41395@user.marketplace.team,Password1234
41401@user.marketplace.team,Password1234
41424@user.marketplace.team,Password1234
41429@user.marketplace.team,Password1234
41432@user.marketplace.team,Password1234
41471@user.marketplace.team,Password1234
41510@user.marketplace.team,Password1234
41557@user.marketplace.team,Password1234
41614@user.marketplace.team,Password1234
41616@user.marketplace.team,Password1234
41623@user.marketplace.team,Password1234
41639@user.marketplace.team,Password1234
41660@user.marketplace.team,Password1234
41689@user.marketplace.team,Password1234
41708@user.marketplace.team,Password1234
41715@user.marketplace.team,Password1234
41716@user.marketplace.team,Password1234
41721@user.marketplace.team,Password1234
41722@user.marketplace.team,Password1234
41746@user.marketplace.team,Password1234
41747@user.marketplace.team,Password1234
41793@user.marketplace.team,Password1234
41816@user.marketplace.team,Password1234
41835@user.marketplace.team,Password1234
41838@user.marketplace.team,Password1234
41851@user.marketplace.team,Password1234
41885@user.marketplace.team,Password1234
41915@user.marketplace.team,Password1234
41936@user.marketplace.team,Password1234
41945@user.marketplace.team,Password1234
41950@user.marketplace.team,Password1234
41995@user.marketplace.team,Password1234
42025@user.marketplace.team,Password1234
42051@user.marketplace.team,Password1234
42106@user.marketplace.team,Password1234
42162@user.marketplace.team,Password1234
42191@user.marketplace.team,Password1234
42192@user.marketplace.team,Password1234
42231@user.marketplace.team,Password1234
42263@user.marketplace.team,Password1234
42296@user.marketplace.team,Password1234
42306@user.marketplace.team,Password1234
42347@user.marketplace.team,Password1234
42349@user.marketplace.team,Password1234
42355@user.marketplace.team,Password1234
42382@user.marketplace.team,Password1234
42431@user.marketplace.team,Password1234
42433@user.marketplace.team,Password1234
42441@user.marketplace.team,Password1234
42445@user.marketplace.team,Password1234
42448@user.marketplace.team,Password1234
42454@user.marketplace.team,Password1234
42483@user.marketplace.team,Password1234
42493@user.marketplace.team,Password1234
42505@user.marketplace.team,Password1234
42541@user.marketplace.team,Password1234
42565@user.marketplace.team,Password1234
42582@user.marketplace.team,Password1234
42585@user.marketplace.team,Password1234
42641@user.marketplace.team,Password1234
42650@user.marketplace.team,Password1234
42667@user.marketplace.team,Password1234
42682@user.marketplace.team,Password1234
42714@user.marketplace.team,Password1234
42718@user.marketplace.team,Password1234
42726@user.marketplace.team,Password1234
42804@user.marketplace.team,Password1234
42840@user.marketplace.team,Password1234
42851@user.marketplace.team,Password1234
42863@user.marketplace.team,Password1234
42915@user.marketplace.team,Password1234
42958@user.marketplace.team,Password1234
43012@user.marketplace.team,Password1234
43023@user.marketplace.team,Password1234
43029@user.marketplace.team,Password1234
43035@user.marketplace.team,Password1234
43036@user.marketplace.team,Password1234
43061@user.marketplace.team,Password1234
43080@user.marketplace.team,Password1234
43082@user.marketplace.team,Password1234
43090@user.marketplace.team,Password1234
43100@user.marketplace.team,Password1234
43106@user.marketplace.team,Password1234
43115@user.marketplace.team,Password1234
43129@user.marketplace.team,Password1234
43164@user.marketplace.team,Password1234
43191@user.marketplace.team,Password1234
43195@user.marketplace.team,Password1234
43198@user.marketplace.team,Password1234
43202@user.marketplace.team,Password1234
43213@user.marketplace.team,Password1234
43232@user.marketplace.team,Password1234
43244@user.marketplace.team,Password1234
43256@user.marketplace.team,Password1234
43280@user.marketplace.team,Password1234
43288@user.marketplace.team,Password1234
43290@user.marketplace.team,Password1234
43301@user.marketplace.team,Password1234
43308@user.marketplace.team,Password1234
43310@user.marketplace.team,Password1234
43379@user.marketplace.team,Password1234
43586@user.marketplace.team,Password1234
43614@user.marketplace.team,Password1234
43649@user.marketplace.team,Password1234
43685@user.marketplace.team,Password1234
43775@user.marketplace.team,Password1234
43799@user.marketplace.team,Password1234
43820@user.marketplace.team,Password1234
43827@user.marketplace.team,Password1234
43933@user.marketplace.team,Password1234
44044@user.marketplace.team,Password1234
44207@user.marketplace.team,Password1234
44220@user.marketplace.team,Password1234
44232@user.marketplace.team,Password1234
44296@user.marketplace.team,Password1234
44341@user.marketplace.team,Password1234
44375@user.marketplace.team,Password1234
44534@user.marketplace.team,Password1234
44551@user.marketplace.team,Password1234
44638@user.marketplace.team,Password1234
44759@user.marketplace.team,Password1234
44805@user.marketplace.team,Password1234
44869@user.marketplace.team,Password1234
44893@user.marketplace.team,Password1234
44952@user.marketplace.team,Password1234
44957@user.marketplace.team,Password1234
44964@user.marketplace.team,Password1234
45103@user.marketplace.team,Password1234
45139@user.marketplace.team,Password1234
45308@user.marketplace.team,Password1234
45360@user.marketplace.team,Password1234
45440@user.marketplace.team,Password1234
45475@user.marketplace.team,Password1234
45495@user.marketplace.team,Password1234
45500@user.marketplace.team,Password1234
45550@user.marketplace.team,Password1234
45648@user.marketplace.team,Password1234
45708@user.marketplace.team,Password1234
45805@user.marketplace.team,Password1234
45839@user.marketplace.team,Password1234
46060@user.marketplace.team,Password1234
46093@user.marketplace.team,Password1234
46098@user.marketplace.team,Password1234
46157@user.marketplace.team,Password1234
46167@user.marketplace.team,Password1234
46178@user.marketplace.team,Password1234
46179@user.marketplace.team,Password1234
46184@user.marketplace.team,Password1234
46212@user.marketplace.team,Password1234
46232@user.marketplace.team,Password1234
46233@user.marketplace.team,Password1234
46235@user.marketplace.team,Password1234
46256@user.marketplace.team,Password1234
46263@user.marketplace.team,Password1234
46273@user.marketplace.team,Password1234
46285@user.marketplace.team,Password1234
46286@user.marketplace.team,Password1234
46294@user.marketplace.team,Password1234
46302@user.marketplace.team,Password1234
46305@user.marketplace.team,Password1234
46318@user.marketplace.team,Password1234
46329@user.marketplace.team,Password1234
46333@user.marketplace.team,Password1234
46334@user.marketplace.team,Password1234
46353@user.marketplace.team,Password1234
46366@user.marketplace.team,Password1234
46367@user.marketplace.team,Password1234
46375@user.marketplace.team,Password1234
46378@user.marketplace.team,Password1234
46383@user.marketplace.team,Password1234
46385@user.marketplace.team,Password1234
46392@user.marketplace.team,Password1234
46398@user.marketplace.team,Password1234
46401@user.marketplace.team,Password1234
46413@user.marketplace.team,Password1234
46416@user.marketplace.team,Password1234
46417@user.marketplace.team,Password1234
46447@user.marketplace.team,Password1234
46452@user.marketplace.team,Password1234
46465@user.marketplace.team,Password1234
46474@user.marketplace.team,Password1234
46476@user.marketplace.team,Password1234
46479@user.marketplace.team,Password1234
46533@user.marketplace.team,Password1234
46534@user.marketplace.team,Password1234
46543@user.marketplace.team,Password1234
46573@user.marketplace.team,Password1234
46600@user.marketplace.team,Password1234
46603@user.marketplace.team,Password1234
46615@user.marketplace.team,Password1234
46617@user.marketplace.team,Password1234
46622@user.marketplace.team,Password1234
46634@user.marketplace.team,Password1234
46636@user.marketplace.team,Password1234
46646@user.marketplace.team,Password1234
46648@user.marketplace.team,Password1234
46650@user.marketplace.team,Password1234
46664@user.marketplace.team,Password1234
46665@user.marketplace.team,Password1234
46673@user.marketplace.team,Password1234
46680@user.marketplace.team,Password1234
46688@user.marketplace.team,Password1234
46715@user.marketplace.team,Password1234
46760@user.marketplace.team,Password1234
46782@user.marketplace.team,Password1234
46792@user.marketplace.team,Password1234
46795@user.marketplace.team,Password1234
46804@user.marketplace.team,Password1234
46841@user.marketplace.team,Password1234
46847@user.marketplace.team,Password1234
46856@user.marketplace.team,Password1234
46877@user.marketplace.team,Password1234
46880@user.marketplace.team,Password1234
46884@user.marketplace.team,Password1234
46889@user.marketplace.team,Password1234
46910@user.marketplace.team,Password1234
46923@user.marketplace.team,Password1234
46935@user.marketplace.team,Password1234
46961@user.marketplace.team,Password1234
46978@user.marketplace.team,Password1234
47011@user.marketplace.team,Password1234
47014@user.marketplace.team,Password1234
47027@user.marketplace.team,Password1234
47047@user.marketplace.team,Password1234
47061@user.marketplace.team,Password1234
47071@user.marketplace.team,Password1234
47077@user.marketplace.team,Password1234
47092@user.marketplace.team,Password1234
47093@user.marketplace.team,Password1234
47099@user.marketplace.team,Password1234
47106@user.marketplace.team,Password1234
47133@user.marketplace.team,Password1234
47134@user.marketplace.team,Password1234
47178@user.marketplace.team,Password1234
47185@user.marketplace.team,Password1234
47208@user.marketplace.team,Password1234
47209@user.marketplace.team,Password1234
47218@user.marketplace.team,Password1234
47225@user.marketplace.team,Password1234
47243@user.marketplace.team,Password1234
47249@user.marketplace.team,Password1234
47276@user.marketplace.team,Password1234
47297@user.marketplace.team,Password1234
47318@user.marketplace.team,Password1234
47326@user.marketplace.team,Password1234
47327@user.marketplace.team,Password1234
47334@user.marketplace.team,Password1234
47338@user.marketplace.team,Password1234
47344@user.marketplace.team,Password1234
47365@user.marketplace.team,Password1234
47373@user.marketplace.team,Password1234
47452@user.marketplace.team,Password1234
47466@user.marketplace.team,Password1234
47467@user.marketplace.team,Password1234
47469@user.marketplace.team,Password1234
47483@user.marketplace.team,Password1234
47488@user.marketplace.team,Password1234
47548@user.marketplace.team,Password1234
47563@user.marketplace.team,Password1234
47574@user.marketplace.team,Password1234
47602@user.marketplace.team,Password1234
47634@user.marketplace.team,Password1234
47637@user.marketplace.team,Password1234
47662@user.marketplace.team,Password1234
47673@user.marketplace.team,Password1234
47682@user.marketplace.team,Password1234
47687@user.marketplace.team,Password1234
47689@user.marketplace.team,Password1234
47725@user.marketplace.team,Password1234
47734@user.marketplace.team,Password1234
47742@user.marketplace.team,Password1234
47751@user.marketplace.team,Password1234
47771@user.marketplace.team,Password1234
47784@user.marketplace.team,Password1234
47815@user.marketplace.team,Password1234
47818@user.marketplace.team,Password1234
47843@user.marketplace.team,Password1234
47847@user.marketplace.team,Password1234
47855@user.marketplace.team,Password1234
47879@user.marketplace.team,Password1234
47894@user.marketplace.team,Password1234
47902@user.marketplace.team,Password1234
47911@user.marketplace.team,Password1234
47912@user.marketplace.team,Password1234
47916@user.marketplace.team,Password1234
47927@user.marketplace.team,Password1234
47945@user.marketplace.team,Password1234
47960@user.marketplace.team,Password1234
47970@user.marketplace.team,Password1234
48009@user.marketplace.team,Password1234
48027@user.marketplace.team,Password1234
48034@user.marketplace.team,Password1234
48045@user.marketplace.team,Password1234
48068@user.marketplace.team,Password1234
48073@user.marketplace.team,Password1234
48085@user.marketplace.team,Password1234
48089@user.marketplace.team,Password1234
48112@user.marketplace.team,Password1234
48117@user.marketplace.team,Password1234
48127@user.marketplace.team,Password1234
48191@user.marketplace.team,Password1234
48209@user.marketplace.team,Password1234
48225@user.marketplace.team,Password1234
48260@user.marketplace.team,Password1234
48266@user.marketplace.team,Password1234
48271@user.marketplace.team,Password1234
48280@user.marketplace.team,Password1234
48294@user.marketplace.team,Password1234
48304@user.marketplace.team,Password1234
48308@user.marketplace.team,Password1234
48324@user.marketplace.team,Password1234
48334@user.marketplace.team,Password1234
48336@user.marketplace.team,Password1234
48348@user.marketplace.team,Password1234
48367@user.marketplace.team,Password1234
48384@user.marketplace.team,Password1234
48400@user.marketplace.team,Password1234
48405@user.marketplace.team,Password1234
48418@user.marketplace.team,Password1234
48429@user.marketplace.team,Password1234
48454@user.marketplace.team,Password1234
48488@user.marketplace.team,Password1234
48552@user.marketplace.team,Password1234
48560@user.marketplace.team,Password1234
48589@user.marketplace.team,Password1234
48602@user.marketplace.team,Password1234
48607@user.marketplace.team,Password1234
48618@user.marketplace.team,Password1234
48635@user.marketplace.team,Password1234
48649@user.marketplace.team,Password1234
48666@user.marketplace.team,Password1234
48667@user.marketplace.team,Password1234
48676@user.marketplace.team,Password1234
48707@user.marketplace.team,Password1234
48712@user.marketplace.team,Password1234
48735@user.marketplace.team,Password1234
48891@user.marketplace.team,Password1234
48896@user.marketplace.team,Password1234
48913@user.marketplace.team,Password1234
48915@user.marketplace.team,Password1234
48956@user.marketplace.team,Password1234
48980@user.marketplace.team,Password1234
48991@user.marketplace.team,Password1234
48997@user.marketplace.team,Password1234
48999@user.marketplace.team,Password1234
49006@user.marketplace.team,Password1234
49019@user.marketplace.team,Password1234
49034@user.marketplace.team,Password1234
49055@user.marketplace.team,Password1234
49058@user.marketplace.team,Password1234
49062@user.marketplace.team,Password1234
49074@user.marketplace.team,Password1234
49096@user.marketplace.team,Password1234
49104@user.marketplace.team,Password1234
49107@user.marketplace.team,Password1234
49119@user.marketplace.team,Password1234
49120@user.marketplace.team,Password1234
49126@user.marketplace.team,Password1234
49148@user.marketplace.team,Password1234
49164@user.marketplace.team,Password1234
49195@user.marketplace.team,Password1234
49207@user.marketplace.team,Password1234
49255@user.marketplace.team,Password1234
49273@user.marketplace.team,Password1234
49283@user.marketplace.team,Password1234
49291@user.marketplace.team,Password1234
49307@user.marketplace.team,Password1234
49314@user.marketplace.team,Password1234
49319@user.marketplace.team,Password1234
49331@user.marketplace.team,Password1234
49340@user.marketplace.team,Password1234
49376@user.marketplace.team,Password1234
49405@user.marketplace.team,Password1234
49439@user.marketplace.team,Password1234
49470@user.marketplace.team,Password1234
49476@user.marketplace.team,Password1234
49487@user.marketplace.team,Password1234
49529@user.marketplace.team,Password1234
49544@user.marketplace.team,Password1234
49570@user.marketplace.team,Password1234
49583@user.marketplace.team,Password1234
49608@user.marketplace.team,Password1234
49692@user.marketplace.team,Password1234
49707@user.marketplace.team,Password1234
49710@user.marketplace.team,Password1234
49744@user.marketplace.team,Password1234
49769@user.marketplace.team,Password1234
49780@user.marketplace.team,Password1234
49825@user.marketplace.team,Password1234
49844@user.marketplace.team,Password1234
49860@user.marketplace.team,Password1234
49881@user.marketplace.team,Password1234
49887@user.marketplace.team,Password1234
49895@user.marketplace.team,Password1234
49896@user.marketplace.team,Password1234
49912@user.marketplace.team,Password1234
49940@user.marketplace.team,Password1234
49943@user.marketplace.team,Password1234
49947@user.marketplace.team,Password1234
49991@user.marketplace.team,Password1234
50011@user.marketplace.team,Password1234
50018@user.marketplace.team,Password1234
50063@user.marketplace.team,Password1234
50089@user.marketplace.team,Password1234
50114@user.marketplace.team,Password1234
50126@user.marketplace.team,Password1234
50149@user.marketplace.team,Password1234
50180@user.marketplace.team,Password1234
50188@user.marketplace.team,Password1234
50201@user.marketplace.team,Password1234
50219@user.marketplace.team,Password1234
50227@user.marketplace.team,Password1234
50231@user.marketplace.team,Password1234
50237@user.marketplace.team,Password1234
50246@user.marketplace.team,Password1234
50259@user.marketplace.team,Password1234
50262@user.marketplace.team,Password1234
50264@user.marketplace.team,Password1234
50273@user.marketplace.team,Password1234
50329@user.marketplace.team,Password1234
50388@user.marketplace.team,Password1234
50442@user.marketplace.team,Password1234
50495@user.marketplace.team,Password1234
50499@user.marketplace.team,Password1234
50506@user.marketplace.team,Password1234
50517@user.marketplace.team,Password1234
50581@user.marketplace.team,Password1234
50632@user.marketplace.team,Password1234
50666@user.marketplace.team,Password1234
50696@user.marketplace.team,Password1234
50722@user.marketplace.team,Password1234
50748@user.marketplace.team,Password1234
50752@user.marketplace.team,Password1234
50755@user.marketplace.team,Password1234
50808@user.marketplace.team,Password1234
50817@user.marketplace.team,Password1234
50859@user.marketplace.team,Password1234
50876@user.marketplace.team,Password1234
50898@user.marketplace.team,Password1234
50930@user.marketplace.team,Password1234
50951@user.marketplace.team,Password1234
50968@user.marketplace.team,Password1234
51038@user.marketplace.team,Password1234
51046@user.marketplace.team,Password1234
51065@user.marketplace.team,Password1234
51073@user.marketplace.team,Password1234
51097@user.marketplace.team,Password1234
51129@user.marketplace.team,Password1234
51160@user.marketplace.team,Password1234
51161@user.marketplace.team,Password1234
51172@user.marketplace.team,Password1234
51223@user.marketplace.team,Password1234
51233@user.marketplace.team,Password1234
51237@user.marketplace.team,Password1234
51276@user.marketplace.team,Password1234
51284@user.marketplace.team,Password1234
51285@user.marketplace.team,Password1234
51302@user.marketplace.team,Password1234
51303@user.marketplace.team,Password1234
51321@user.marketplace.team,Password1234
51326@user.marketplace.team,Password1234
51340@user.marketplace.team,Password1234
51342@user.marketplace.team,Password1234
51350@user.marketplace.team,Password1234
51378@user.marketplace.team,Password1234
51392@user.marketplace.team,Password1234
51433@user.marketplace.team,Password1234
51478@user.marketplace.team,Password1234
51489@user.marketplace.team,Password1234
51565@user.marketplace.team,Password1234
51566@user.marketplace.team,Password1234
51568@user.marketplace.team,Password1234
51569@user.marketplace.team,Password1234
51578@user.marketplace.team,Password1234
51610@user.marketplace.team,Password1234
51612@user.marketplace.team,Password1234
51636@user.marketplace.team,Password1234
51637@user.marketplace.team,Password1234
51695@user.marketplace.team,Password1234
51697@user.marketplace.team,Password1234
51713@user.marketplace.team,Password1234
51732@user.marketplace.team,Password1234
51733@user.marketplace.team,Password1234
51737@user.marketplace.team,Password1234
51739@user.marketplace.team,Password1234
51746@user.marketplace.team,Password1234
51772@user.marketplace.team,Password1234
51776@user.marketplace.team,Password1234
51780@user.marketplace.team,Password1234
51792@user.marketplace.team,Password1234
51807@user.marketplace.team,Password1234
51822@user.marketplace.team,Password1234
51845@user.marketplace.team,Password1234
51858@user.marketplace.team,Password1234
51862@user.marketplace.team,Password1234
51868@user.marketplace.team,Password1234
51881@user.marketplace.team,Password1234
51895@user.marketplace.team,Password1234
51902@user.marketplace.team,Password1234
51922@user.marketplace.team,Password1234
51929@user.marketplace.team,Password1234
51954@user.marketplace.team,Password1234
51957@user.marketplace.team,Password1234
51961@user.marketplace.team,Password1234
51987@user.marketplace.team,Password1234
51990@user.marketplace.team,Password1234
51993@user.marketplace.team,Password1234
52001@user.marketplace.team,Password1234
52015@user.marketplace.team,Password1234
52036@user.marketplace.team,Password1234
52038@user.marketplace.team,Password1234
52072@user.marketplace.team,Password1234
52093@user.marketplace.team,Password1234
52101@user.marketplace.team,Password1234
52239@user.marketplace.team,Password1234
52283@user.marketplace.team,Password1234
52297@user.marketplace.team,Password1234
52324@user.marketplace.team,Password1234
52341@user.marketplace.team,Password1234
52353@user.marketplace.team,Password1234
52355@user.marketplace.team,Password1234
52365@user.marketplace.team,Password1234
52371@user.marketplace.team,Password1234
52372@user.marketplace.team,Password1234
52394@user.marketplace.team,Password1234
52400@user.marketplace.team,Password1234
52401@user.marketplace.team,Password1234
52410@user.marketplace.team,Password1234
52448@user.marketplace.team,Password1234
52450@user.marketplace.team,Password1234
52459@user.marketplace.team,Password1234
52475@user.marketplace.team,Password1234
52482@user.marketplace.team,Password1234
52498@user.marketplace.team,Password1234
52520@user.marketplace.team,Password1234
52522@user.marketplace.team,Password1234
52528@user.marketplace.team,Password1234
52539@user.marketplace.team,Password1234
52554@user.marketplace.team,Password1234
52579@user.marketplace.team,Password1234
52600@user.marketplace.team,Password1234
52625@user.marketplace.team,Password1234
52638@user.marketplace.team,Password1234
52640@user.marketplace.team,Password1234
52682@user.marketplace.team,Password1234
52703@user.marketplace.team,Password1234
52741@user.marketplace.team,Password1234
52764@user.marketplace.team,Password1234
52771@user.marketplace.team,Password1234
52780@user.marketplace.team,Password1234
52810@user.marketplace.team,Password1234
52816@user.marketplace.team,Password1234
52819@user.marketplace.team,Password1234
52826@user.marketplace.team,Password1234
52857@user.marketplace.team,Password1234
52889@user.marketplace.team,Password1234
52899@user.marketplace.team,Password1234
52903@user.marketplace.team,Password1234
52908@user.marketplace.team,Password1234
52909@user.marketplace.team,Password1234
52911@user.marketplace.team,Password1234
52912@user.marketplace.team,Password1234
52918@user.marketplace.team,Password1234
52924@user.marketplace.team,Password1234
52927@user.marketplace.team,Password1234
52939@user.marketplace.team,Password1234
52941@user.marketplace.team,Password1234
52946@user.marketplace.team,Password1234
52964@user.marketplace.team,Password1234
52976@user.marketplace.team,Password1234
52977@user.marketplace.team,Password1234
52988@user.marketplace.team,Password1234
53003@user.marketplace.team,Password1234
53035@user.marketplace.team,Password1234
53046@user.marketplace.team,Password1234
53081@user.marketplace.team,Password1234
53083@user.marketplace.team,Password1234
53099@user.marketplace.team,Password1234
53100@user.marketplace.team,Password1234
53106@user.marketplace.team,Password1234
53124@user.marketplace.team,Password1234
53126@user.marketplace.team,Password1234
53139@user.marketplace.team,Password1234
53142@user.marketplace.team,Password1234
53146@user.marketplace.team,Password1234
53247@user.marketplace.team,Password1234
53264@user.marketplace.team,Password1234
53337@user.marketplace.team,Password1234
53493@user.marketplace.team,Password1234
53640@user.marketplace.team,Password1234
53648@user.marketplace.team,Password1234
53695@user.marketplace.team,Password1234
53705@user.marketplace.team,Password1234
53730@user.marketplace.team,Password1234
53735@user.marketplace.team,Password1234
53765@user.marketplace.team,Password1234
53785@user.marketplace.team,Password1234
53839@user.marketplace.team,Password1234
53910@user.marketplace.team,Password1234
53924@user.marketplace.team,Password1234
53963@user.marketplace.team,Password1234
53966@user.marketplace.team,Password1234
54035@user.marketplace.team,Password1234
54133@user.marketplace.team,Password1234
54193@user.marketplace.team,Password1234
54227@user.marketplace.team,Password1234
54252@user.marketplace.team,Password1234
54462@user.marketplace.team,Password1234
54501@user.marketplace.team,Password1234
54523@user.marketplace.team,Password1234
54532@user.marketplace.team,Password1234
54736@user.marketplace.team,Password1234
54934@user.marketplace.team,Password1234
54954@user.marketplace.team,Password1234
54958@user.marketplace.team,Password1234
55018@user.marketplace.team,Password1234
55064@user.marketplace.team,Password1234
55106@user.marketplace.team,Password1234
55138@user.marketplace.team,Password1234
55193@user.marketplace.team,Password1234
55199@user.marketplace.team,Password1234
55213@user.marketplace.team,Password1234
55215@user.marketplace.team,Password1234
55216@user.marketplace.team,Password1234
55220@user.marketplace.team,Password1234
55255@user.marketplace.team,Password1234
55343@user.marketplace.team,Password1234
55372@user.marketplace.team,Password1234
55500@user.marketplace.team,Password1234
55502@user.marketplace.team,Password1234
55534@user.marketplace.team,Password1234
55541@user.marketplace.team,Password1234
55565@user.marketplace.team,Password1234
55587@user.marketplace.team,Password1234
55592@user.marketplace.team,Password1234
55614@user.marketplace.team,Password1234
55663@user.marketplace.team,Password1234
55683@user.marketplace.team,Password1234
55716@user.marketplace.team,Password1234
55732@user.marketplace.team,Password1234
55739@user.marketplace.team,Password1234
55753@user.marketplace.team,Password1234
55784@user.marketplace.team,Password1234
55838@user.marketplace.team,Password1234
55846@user.marketplace.team,Password1234
55862@user.marketplace.team,Password1234
55866@user.marketplace.team,Password1234
55867@user.marketplace.team,Password1234
55893@user.marketplace.team,Password1234
55894@user.marketplace.team,Password1234
55909@user.marketplace.team,Password1234
55934@user.marketplace.team,Password1234
55937@user.marketplace.team,Password1234
55939@user.marketplace.team,Password1234
55941@user.marketplace.team,Password1234
55943@user.marketplace.team,Password1234
55949@user.marketplace.team,Password1234
55950@user.marketplace.team,Password1234
55951@user.marketplace.team,Password1234
55961@user.marketplace.team,Password1234
55965@user.marketplace.team,Password1234
55970@user.marketplace.team,Password1234
55973@user.marketplace.team,Password1234
55994@user.marketplace.team,Password1234
55997@user.marketplace.team,Password1234
56015@user.marketplace.team,Password1234
56023@user.marketplace.team,Password1234
56027@user.marketplace.team,Password1234
56031@user.marketplace.team,Password1234
56035@user.marketplace.team,Password1234
56045@user.marketplace.team,Password1234
56058@user.marketplace.team,Password1234
56062@user.marketplace.team,Password1234
56066@user.marketplace.team,Password1234
56078@user.marketplace.team,Password1234
56097@user.marketplace.team,Password1234
56118@user.marketplace.team,Password1234
56131@user.marketplace.team,Password1234
56133@user.marketplace.team,Password1234
56135@user.marketplace.team,Password1234
56137@user.marketplace.team,Password1234
56146@user.marketplace.team,Password1234
56147@user.marketplace.team,Password1234
56149@user.marketplace.team,Password1234
56164@user.marketplace.team,Password1234
56166@user.marketplace.team,Password1234
56201@user.marketplace.team,Password1234
56209@user.marketplace.team,Password1234
56268@user.marketplace.team,Password1234
56287@user.marketplace.team,Password1234
56290@user.marketplace.team,Password1234
56311@user.marketplace.team,Password1234
56313@user.marketplace.team,Password1234
56348@user.marketplace.team,Password1234
56370@user.marketplace.team,Password1234
56401@user.marketplace.team,Password1234
56403@user.marketplace.team,Password1234
56411@user.marketplace.team,Password1234
56419@user.marketplace.team,Password1234
56430@user.marketplace.team,Password1234
56449@user.marketplace.team,Password1234
56451@user.marketplace.team,Password1234
56453@user.marketplace.team,Password1234
56454@user.marketplace.team,Password1234
56461@user.marketplace.team,Password1234
56474@user.marketplace.team,Password1234
56476@user.marketplace.team,Password1234
56480@user.marketplace.team,Password1234
56481@user.marketplace.team,Password1234
56482@user.marketplace.team,Password1234
56501@user.marketplace.team,Password1234
56506@user.marketplace.team,Password1234
56531@user.marketplace.team,Password1234
56540@user.marketplace.team,Password1234
56550@user.marketplace.team,Password1234
56558@user.marketplace.team,Password1234
56561@user.marketplace.team,Password1234
56570@user.marketplace.team,Password1234
56575@user.marketplace.team,Password1234
56582@user.marketplace.team,Password1234
56602@user.marketplace.team,Password1234
56603@user.marketplace.team,Password1234
56616@user.marketplace.team,Password1234
56637@user.marketplace.team,Password1234
56652@user.marketplace.team,Password1234
56683@user.marketplace.team,Password1234
56686@user.marketplace.team,Password1234
56779@user.marketplace.team,Password1234
56813@user.marketplace.team,Password1234
56819@user.marketplace.team,Password1234
56830@user.marketplace.team,Password1234
56840@user.marketplace.team,Password1234
56845@user.marketplace.team,Password1234
56873@user.marketplace.team,Password1234
56878@user.marketplace.team,Password1234
56895@user.marketplace.team,Password1234
56905@user.marketplace.team,Password1234
56910@user.marketplace.team,Password1234
56914@user.marketplace.team,Password1234
56932@user.marketplace.team,Password1234
56947@user.marketplace.team,Password1234
56950@user.marketplace.team,Password1234
56960@user.marketplace.team,Password1234
56973@user.marketplace.team,Password1234
56974@user.marketplace.team,Password1234
56976@user.marketplace.team,Password1234
56979@user.marketplace.team,Password1234
56988@user.marketplace.team,Password1234
57005@user.marketplace.team,Password1234
57010@user.marketplace.team,Password1234
57012@user.marketplace.team,Password1234
57044@user.marketplace.team,Password1234
57045@user.marketplace.team,Password1234
57053@user.marketplace.team,Password1234
57057@user.marketplace.team,Password1234
57059@user.marketplace.team,Password1234
57062@user.marketplace.team,Password1234
57081@user.marketplace.team,Password1234
57106@user.marketplace.team,Password1234
57125@user.marketplace.team,Password1234
57134@user.marketplace.team,Password1234
57148@user.marketplace.team,Password1234
57150@user.marketplace.team,Password1234
57155@user.marketplace.team,Password1234
57160@user.marketplace.team,Password1234
57165@user.marketplace.team,Password1234
57170@user.marketplace.team,Password1234
57175@user.marketplace.team,Password1234
57176@user.marketplace.team,Password1234
57191@user.marketplace.team,Password1234
57199@user.marketplace.team,Password1234
57206@user.marketplace.team,Password1234
57211@user.marketplace.team,Password1234
57215@user.marketplace.team,Password1234
57224@user.marketplace.team,Password1234
57225@user.marketplace.team,Password1234
57231@user.marketplace.team,Password1234
57248@user.marketplace.team,Password1234
57249@user.marketplace.team,Password1234
57252@user.marketplace.team,Password1234
57253@user.marketplace.team,Password1234
57255@user.marketplace.team,Password1234
57276@user.marketplace.team,Password1234
57303@user.marketplace.team,Password1234
57309@user.marketplace.team,Password1234
57313@user.marketplace.team,Password1234
57315@user.marketplace.team,Password1234
57317@user.marketplace.team,Password1234
57318@user.marketplace.team,Password1234
57329@user.marketplace.team,Password1234
57334@user.marketplace.team,Password1234
57337@user.marketplace.team,Password1234
57342@user.marketplace.team,Password1234
57345@user.marketplace.team,Password1234
57354@user.marketplace.team,Password1234
57395@user.marketplace.team,Password1234
57404@user.marketplace.team,Password1234
57406@user.marketplace.team,Password1234
57412@user.marketplace.team,Password1234
57424@user.marketplace.team,Password1234
57435@user.marketplace.team,Password1234
57439@user.marketplace.team,Password1234
57456@user.marketplace.team,Password1234
57464@user.marketplace.team,Password1234
57473@user.marketplace.team,Password1234
57482@user.marketplace.team,Password1234
57488@user.marketplace.team,Password1234
57498@user.marketplace.team,Password1234
57511@user.marketplace.team,Password1234
57518@user.marketplace.team,Password1234
57523@user.marketplace.team,Password1234
57529@user.marketplace.team,Password1234
57542@user.marketplace.team,Password1234
57546@user.marketplace.team,Password1234
57551@user.marketplace.team,Password1234
57552@user.marketplace.team,Password1234
57557@user.marketplace.team,Password1234
57560@user.marketplace.team,Password1234
57561@user.marketplace.team,Password1234
57571@user.marketplace.team,Password1234
57580@user.marketplace.team,Password1234
57583@user.marketplace.team,Password1234
57590@user.marketplace.team,Password1234
57593@user.marketplace.team,Password1234
57609@user.marketplace.team,Password1234
57613@user.marketplace.team,Password1234
57625@user.marketplace.team,Password1234
57630@user.marketplace.team,Password1234
57642@user.marketplace.team,Password1234
57644@user.marketplace.team,Password1234
57659@user.marketplace.team,Password1234
57666@user.marketplace.team,Password1234
57669@user.marketplace.team,Password1234
57686@user.marketplace.team,Password1234
57688@user.marketplace.team,Password1234
57690@user.marketplace.team,Password1234
57695@user.marketplace.team,Password1234
57696@user.marketplace.team,Password1234
57703@user.marketplace.team,Password1234
57706@user.marketplace.team,Password1234
57711@user.marketplace.team,Password1234
57718@user.marketplace.team,Password1234
57726@user.marketplace.team,Password1234
57751@user.marketplace.team,Password1234
57757@user.marketplace.team,Password1234
57762@user.marketplace.team,Password1234
57768@user.marketplace.team,Password1234
57773@user.marketplace.team,Password1234
57794@user.marketplace.team,Password1234
57807@user.marketplace.team,Password1234
57837@user.marketplace.team,Password1234
57840@user.marketplace.team,Password1234
57850@user.marketplace.team,Password1234
57851@user.marketplace.team,Password1234
57864@user.marketplace.team,Password1234
57870@user.marketplace.team,Password1234
57889@user.marketplace.team,Password1234
57919@user.marketplace.team,Password1234
57941@user.marketplace.team,Password1234
57975@user.marketplace.team,Password1234
57981@user.marketplace.team,Password1234
58015@user.marketplace.team,Password1234
58051@user.marketplace.team,Password1234
58053@user.marketplace.team,Password1234
58072@user.marketplace.team,Password1234
58109@user.marketplace.team,Password1234
58115@user.marketplace.team,Password1234
58119@user.marketplace.team,Password1234
58122@user.marketplace.team,Password1234
58129@user.marketplace.team,Password1234
58160@user.marketplace.team,Password1234
58163@user.marketplace.team,Password1234
58185@user.marketplace.team,Password1234
58215@user.marketplace.team,Password1234
58269@user.marketplace.team,Password1234
58294@user.marketplace.team,Password1234
58326@user.marketplace.team,Password1234
58341@user.marketplace.team,Password1234
58364@user.marketplace.team,Password1234
58380@user.marketplace.team,Password1234
58385@user.marketplace.team,Password1234
58395@user.marketplace.team,Password1234
58414@user.marketplace.team,Password1234
58453@user.marketplace.team,Password1234
58484@user.marketplace.team,Password1234
58488@user.marketplace.team,Password1234
58495@user.marketplace.team,Password1234
58500@user.marketplace.team,Password1234
58506@user.marketplace.team,Password1234
58513@user.marketplace.team,Password1234
58526@user.marketplace.team,Password1234
58532@user.marketplace.team,Password1234
58548@user.marketplace.team,Password1234
58560@user.marketplace.team,Password1234
58587@user.marketplace.team,Password1234
58604@user.marketplace.team,Password1234
58632@user.marketplace.team,Password1234
58639@user.marketplace.team,Password1234
58660@user.marketplace.team,Password1234
58675@user.marketplace.team,Password1234
58715@user.marketplace.team,Password1234
58741@user.marketplace.team,Password1234
58753@user.marketplace.team,Password1234
58754@user.marketplace.team,Password1234
58769@user.marketplace.team,Password1234
58770@user.marketplace.team,Password1234
58783@user.marketplace.team,Password1234
58785@user.marketplace.team,Password1234
58792@user.marketplace.team,Password1234
58830@user.marketplace.team,Password1234
58845@user.marketplace.team,Password1234
58850@user.marketplace.team,Password1234
58858@user.marketplace.team,Password1234
58868@user.marketplace.team,Password1234
58876@user.marketplace.team,Password1234
58893@user.marketplace.team,Password1234
58916@user.marketplace.team,Password1234
58934@user.marketplace.team,Password1234
58950@user.marketplace.team,Password1234
58955@user.marketplace.team,Password1234
58960@user.marketplace.team,Password1234
59053@user.marketplace.team,Password1234
59071@user.marketplace.team,Password1234
59094@user.marketplace.team,Password1234
59119@user.marketplace.team,Password1234
59143@user.marketplace.team,Password1234
59161@user.marketplace.team,Password1234
59175@user.marketplace.team,Password1234
59186@user.marketplace.team,Password1234
59195@user.marketplace.team,Password1234
59198@user.marketplace.team,Password1234
59211@user.marketplace.team,Password1234
59221@user.marketplace.team,Password1234
59228@user.marketplace.team,Password1234
59239@user.marketplace.team,Password1234
59254@user.marketplace.team,Password1234
59275@user.marketplace.team,Password1234
59287@user.marketplace.team,Password1234
59293@user.marketplace.team,Password1234
59301@user.marketplace.team,Password1234
59332@user.marketplace.team,Password1234
59337@user.marketplace.team,Password1234
59388@user.marketplace.team,Password1234
59416@user.marketplace.team,Password1234
59449@user.marketplace.team,Password1234
59450@user.marketplace.team,Password1234
59454@user.marketplace.team,Password1234
59464@user.marketplace.team,Password1234
59502@user.marketplace.team,Password1234
59504@user.marketplace.team,Password1234
59508@user.marketplace.team,Password1234
59513@user.marketplace.team,Password1234
59522@user.marketplace.team,Password1234
59531@user.marketplace.team,Password1234
59538@user.marketplace.team,Password1234
59544@user.marketplace.team,Password1234
59565@user.marketplace.team,Password1234
59573@user.marketplace.team,Password1234
59576@user.marketplace.team,Password1234
59604@user.marketplace.team,Password1234
59623@user.marketplace.team,Password1234
59645@user.marketplace.team,Password1234
59649@user.marketplace.team,Password1234
59656@user.marketplace.team,Password1234
59662@user.marketplace.team,Password1234
59695@user.marketplace.team,Password1234
59703@user.marketplace.team,Password1234
59789@user.marketplace.team,Password1234
59795@user.marketplace.team,Password1234
59800@user.marketplace.team,Password1234
59815@user.marketplace.team,Password1234
59819@user.marketplace.team,Password1234
59834@user.marketplace.team,Password1234
59839@user.marketplace.team,Password1234
59880@user.marketplace.team,Password1234
59883@user.marketplace.team,Password1234
59884@user.marketplace.team,Password1234
59886@user.marketplace.team,Password1234
59908@user.marketplace.team,Password1234
59922@user.marketplace.team,Password1234
59937@user.marketplace.team,Password1234
59940@user.marketplace.team,Password1234
59949@user.marketplace.team,Password1234
59950@user.marketplace.team,Password1234
59964@user.marketplace.team,Password1234
59978@user.marketplace.team,Password1234
60033@user.marketplace.team,Password1234
60043@user.marketplace.team,Password1234
60047@user.marketplace.team,Password1234
60051@user.marketplace.team,Password1234
60087@user.marketplace.team,Password1234
60098@user.marketplace.team,Password1234
60122@user.marketplace.team,Password1234
60126@user.marketplace.team,Password1234
60148@user.marketplace.team,Password1234
60188@user.marketplace.team,Password1234
60236@user.marketplace.team,Password1234
60277@user.marketplace.team,Password1234
60293@user.marketplace.team,Password1234
60297@user.marketplace.team,Password1234
60311@user.marketplace.team,Password1234
60321@user.marketplace.team,Password1234
60325@user.marketplace.team,Password1234
60352@user.marketplace.team,Password1234
60379@user.marketplace.team,Password1234
60383@user.marketplace.team,Password1234
60387@user.marketplace.team,Password1234
60402@user.marketplace.team,Password1234
60414@user.marketplace.team,Password1234
60436@user.marketplace.team,Password1234
60451@user.marketplace.team,Password1234
60468@user.marketplace.team,Password1234
60507@user.marketplace.team,Password1234
60538@user.marketplace.team,Password1234
60540@user.marketplace.team,Password1234
60541@user.marketplace.team,Password1234
60542@user.marketplace.team,Password1234
60548@user.marketplace.team,Password1234
60589@user.marketplace.team,Password1234
60595@user.marketplace.team,Password1234
60597@user.marketplace.team,Password1234
60601@user.marketplace.team,Password1234
60606@user.marketplace.team,Password1234
60618@user.marketplace.team,Password1234
60648@user.marketplace.team,Password1234
60657@user.marketplace.team,Password1234
60735@user.marketplace.team,Password1234
60736@user.marketplace.team,Password1234
60750@user.marketplace.team,Password1234
60758@user.marketplace.team,Password1234
60761@user.marketplace.team,Password1234
60764@user.marketplace.team,Password1234
60775@user.marketplace.team,Password1234
60789@user.marketplace.team,Password1234
60793@user.marketplace.team,Password1234
60845@user.marketplace.team,Password1234
60873@user.marketplace.team,Password1234
60934@user.marketplace.team,Password1234
60941@user.marketplace.team,Password1234
60943@user.marketplace.team,Password1234
60973@user.marketplace.team,Password1234
60985@user.marketplace.team,Password1234
60990@user.marketplace.team,Password1234
61008@user.marketplace.team,Password1234
61018@user.marketplace.team,Password1234
61021@user.marketplace.team,Password1234
61037@user.marketplace.team,Password1234
61086@user.marketplace.team,Password1234
61092@user.marketplace.team,Password1234
61095@user.marketplace.team,Password1234
61108@user.marketplace.team,Password1234
61111@user.marketplace.team,Password1234
61122@user.marketplace.team,Password1234
61144@user.marketplace.team,Password1234
61149@user.marketplace.team,Password1234
61159@user.marketplace.team,Password1234
61208@user.marketplace.team,Password1234
61225@user.marketplace.team,Password1234
61245@user.marketplace.team,Password1234
61249@user.marketplace.team,Password1234
61287@user.marketplace.team,Password1234
61300@user.marketplace.team,Password1234
61311@user.marketplace.team,Password1234
61323@user.marketplace.team,Password1234
61332@user.marketplace.team,Password1234
61381@user.marketplace.team,Password1234
61394@user.marketplace.team,Password1234
61414@user.marketplace.team,Password1234
61419@user.marketplace.team,Password1234
61423@user.marketplace.team,Password1234
61437@user.marketplace.team,Password1234
61442@user.marketplace.team,Password1234
61471@user.marketplace.team,Password1234
61493@user.marketplace.team,Password1234
61497@user.marketplace.team,Password1234
61501@user.marketplace.team,Password1234
61509@user.marketplace.team,Password1234
61516@user.marketplace.team,Password1234
61534@user.marketplace.team,Password1234
61540@user.marketplace.team,Password1234
61569@user.marketplace.team,Password1234
61590@user.marketplace.team,Password1234
61613@user.marketplace.team,Password1234
61621@user.marketplace.team,Password1234
61629@user.marketplace.team,Password1234
61646@user.marketplace.team,Password1234
61665@user.marketplace.team,Password1234
61692@user.marketplace.team,Password1234
61711@user.marketplace.team,Password1234
61712@user.marketplace.team,Password1234
61734@user.marketplace.team,Password1234
61753@user.marketplace.team,Password1234
61758@user.marketplace.team,Password1234
61780@user.marketplace.team,Password1234
61785@user.marketplace.team,Password1234
61802@user.marketplace.team,Password1234
61839@user.marketplace.team,Password1234
61846@user.marketplace.team,Password1234
61863@user.marketplace.team,Password1234
61871@user.marketplace.team,Password1234
61881@user.marketplace.team,Password1234
61883@user.marketplace.team,Password1234
61904@user.marketplace.team,Password1234
61952@user.marketplace.team,Password1234
61965@user.marketplace.team,Password1234
61976@user.marketplace.team,Password1234
62008@user.marketplace.team,Password1234
62012@user.marketplace.team,Password1234
62015@user.marketplace.team,Password1234
62027@user.marketplace.team,Password1234
62037@user.marketplace.team,Password1234
62044@user.marketplace.team,Password1234
62053@user.marketplace.team,Password1234
62114@user.marketplace.team,Password1234
62118@user.marketplace.team,Password1234
62147@user.marketplace.team,Password1234
62156@user.marketplace.team,Password1234
62166@user.marketplace.team,Password1234
62182@user.marketplace.team,Password1234
62194@user.marketplace.team,Password1234
62224@user.marketplace.team,Password1234
62231@user.marketplace.team,Password1234
62236@user.marketplace.team,Password1234
62247@user.marketplace.team,Password1234
62257@user.marketplace.team,Password1234
62315@user.marketplace.team,Password1234
62335@user.marketplace.team,Password1234
62338@user.marketplace.team,Password1234
62353@user.marketplace.team,Password1234
62355@user.marketplace.team,Password1234
62356@user.marketplace.team,Password1234
62414@user.marketplace.team,Password1234
62427@user.marketplace.team,Password1234
62428@user.marketplace.team,Password1234
62436@user.marketplace.team,Password1234
62448@user.marketplace.team,Password1234
62456@user.marketplace.team,Password1234
62474@user.marketplace.team,Password1234
62483@user.marketplace.team,Password1234
62512@user.marketplace.team,Password1234
62529@user.marketplace.team,Password1234
62532@user.marketplace.team,Password1234
62535@user.marketplace.team,Password1234
62545@user.marketplace.team,Password1234
62547@user.marketplace.team,Password1234
62560@user.marketplace.team,Password1234
62566@user.marketplace.team,Password1234
62585@user.marketplace.team,Password1234
62587@user.marketplace.team,Password1234
62590@user.marketplace.team,Password1234
62592@user.marketplace.team,Password1234
62609@user.marketplace.team,Password1234
62641@user.marketplace.team,Password1234
62655@user.marketplace.team,Password1234
62677@user.marketplace.team,Password1234
62688@user.marketplace.team,Password1234
62731@user.marketplace.team,Password1234
62789@user.marketplace.team,Password1234
62803@user.marketplace.team,Password1234
62807@user.marketplace.team,Password1234
62851@user.marketplace.team,Password1234
62861@user.marketplace.team,Password1234
62902@user.marketplace.team,Password1234
62910@user.marketplace.team,Password1234
62940@user.marketplace.team,Password1234
62964@user.marketplace.team,Password1234
62968@user.marketplace.team,Password1234
62985@user.marketplace.team,Password1234
63001@user.marketplace.team,Password1234
63023@user.marketplace.team,Password1234
63029@user.marketplace.team,Password1234
63045@user.marketplace.team,Password1234
63049@user.marketplace.team,Password1234
63056@user.marketplace.team,Password1234
63063@user.marketplace.team,Password1234
63088@user.marketplace.team,Password1234
63122@user.marketplace.team,Password1234
63129@user.marketplace.team,Password1234
63140@user.marketplace.team,Password1234
63183@user.marketplace.team,Password1234
63187@user.marketplace.team,Password1234
63202@user.marketplace.team,Password1234
63218@user.marketplace.team,Password1234
63221@user.marketplace.team,Password1234
63222@user.marketplace.team,Password1234
63224@user.marketplace.team,Password1234
63235@user.marketplace.team,Password1234
63247@user.marketplace.team,Password1234
63259@user.marketplace.team,Password1234
63289@user.marketplace.team,Password1234
63313@user.marketplace.team,Password1234
63360@user.marketplace.team,Password1234
63396@user.marketplace.team,Password1234
63424@user.marketplace.team,Password1234
63433@user.marketplace.team,Password1234
63502@user.marketplace.team,Password1234
63517@user.marketplace.team,Password1234
63560@user.marketplace.team,Password1234
63577@user.marketplace.team,Password1234
63635@user.marketplace.team,Password1234
63739@user.marketplace.team,Password1234
63775@user.marketplace.team,Password1234
63783@user.marketplace.team,Password1234
63843@user.marketplace.team,Password1234
64078@user.marketplace.team,Password1234
64079@user.marketplace.team,Password1234
64134@user.marketplace.team,Password1234
64142@user.marketplace.team,Password1234
64206@user.marketplace.team,Password1234
64219@user.marketplace.team,Password1234
64438@user.marketplace.team,Password1234
64446@user.marketplace.team,Password1234
64455@user.marketplace.team,Password1234
64480@user.marketplace.team,Password1234
64481@user.marketplace.team,Password1234
64483@user.marketplace.team,Password1234
64486@user.marketplace.team,Password1234
64494@user.marketplace.team,Password1234
64497@user.marketplace.team,Password1234
64521@user.marketplace.team,Password1234
64525@user.marketplace.team,Password1234
64529@user.marketplace.team,Password1234
64534@user.marketplace.team,Password1234
64539@user.marketplace.team,Password1234
64587@user.marketplace.team,Password1234
64593@user.marketplace.team,Password1234
64619@user.marketplace.team,Password1234
64630@user.marketplace.team,Password1234
64631@user.marketplace.team,Password1234
64632@user.marketplace.team,Password1234
64651@user.marketplace.team,Password1234
64652@user.marketplace.team,Password1234
64666@user.marketplace.team,Password1234
64680@user.marketplace.team,Password1234
64703@user.marketplace.team,Password1234
64707@user.marketplace.team,Password1234
64745@user.marketplace.team,Password1234
64763@user.marketplace.team,Password1234
64766@user.marketplace.team,Password1234
64788@user.marketplace.team,Password1234
64805@user.marketplace.team,Password1234
64807@user.marketplace.team,Password1234
64869@user.marketplace.team,Password1234
64889@user.marketplace.team,Password1234
64894@user.marketplace.team,Password1234
64896@user.marketplace.team,Password1234
64900@user.marketplace.team,Password1234
64923@user.marketplace.team,Password1234
64936@user.marketplace.team,Password1234
64952@user.marketplace.team,Password1234
64960@user.marketplace.team,Password1234
64961@user.marketplace.team,Password1234
64971@user.marketplace.team,Password1234
64983@user.marketplace.team,Password1234
64988@user.marketplace.team,Password1234
65040@user.marketplace.team,Password1234
65044@user.marketplace.team,Password1234
65079@user.marketplace.team,Password1234
65098@user.marketplace.team,Password1234
65106@user.marketplace.team,Password1234
65153@user.marketplace.team,Password1234
65160@user.marketplace.team,Password1234
65161@user.marketplace.team,Password1234
65170@user.marketplace.team,Password1234
65184@user.marketplace.team,Password1234
65219@user.marketplace.team,Password1234
65220@user.marketplace.team,Password1234
65222@user.marketplace.team,Password1234
65223@user.marketplace.team,Password1234
65227@user.marketplace.team,Password1234
65234@user.marketplace.team,Password1234
65240@user.marketplace.team,Password1234
65245@user.marketplace.team,Password1234
65248@user.marketplace.team,Password1234
65250@user.marketplace.team,Password1234
65253@user.marketplace.team,Password1234
65254@user.marketplace.team,Password1234
65258@user.marketplace.team,Password1234
65262@user.marketplace.team,Password1234
65275@user.marketplace.team,Password1234
65286@user.marketplace.team,Password1234
65290@user.marketplace.team,Password1234
65292@user.marketplace.team,Password1234
65297@user.marketplace.team,Password1234
65300@user.marketplace.team,Password1234
65305@user.marketplace.team,Password1234
65307@user.marketplace.team,Password1234
65308@user.marketplace.team,Password1234
65328@user.marketplace.team,Password1234
65333@user.marketplace.team,Password1234
65336@user.marketplace.team,Password1234
65338@user.marketplace.team,Password1234
65349@user.marketplace.team,Password1234
65386@user.marketplace.team,Password1234
65388@user.marketplace.team,Password1234
65390@user.marketplace.team,Password1234
65408@user.marketplace.team,Password1234
65414@user.marketplace.team,Password1234
65447@user.marketplace.team,Password1234
65472@user.marketplace.team,Password1234
65474@user.marketplace.team,Password1234
65490@user.marketplace.team,Password1234
65500@user.marketplace.team,Password1234
65506@user.marketplace.team,Password1234
65522@user.marketplace.team,Password1234
65528@user.marketplace.team,Password1234
65531@user.marketplace.team,Password1234
65535@user.marketplace.team,Password1234
65536@user.marketplace.team,Password1234
65537@user.marketplace.team,Password1234
65538@user.marketplace.team,Password1234
65547@user.marketplace.team,Password1234
65564@user.marketplace.team,Password1234
65566@user.marketplace.team,Password1234
65570@user.marketplace.team,Password1234
65572@user.marketplace.team,Password1234
65578@user.marketplace.team,Password1234
65602@user.marketplace.team,Password1234
65615@user.marketplace.team,Password1234
65616@user.marketplace.team,Password1234
65622@user.marketplace.team,Password1234
65631@user.marketplace.team,Password1234
65653@user.marketplace.team,Password1234
65662@user.marketplace.team,Password1234
65684@user.marketplace.team,Password1234
65693@user.marketplace.team,Password1234
65705@user.marketplace.team,Password1234
65706@user.marketplace.team,Password1234
65709@user.marketplace.team,Password1234
65733@user.marketplace.team,Password1234
65797@user.marketplace.team,Password1234
65801@user.marketplace.team,Password1234
65802@user.marketplace.team,Password1234
65808@user.marketplace.team,Password1234
65809@user.marketplace.team,Password1234
65810@user.marketplace.team,Password1234
65813@user.marketplace.team,Password1234
65817@user.marketplace.team,Password1234
65819@user.marketplace.team,Password1234
65820@user.marketplace.team,Password1234
65823@user.marketplace.team,Password1234
65826@user.marketplace.team,Password1234
65832@user.marketplace.team,Password1234
65847@user.marketplace.team,Password1234
65888@user.marketplace.team,Password1234
65897@user.marketplace.team,Password1234
65914@user.marketplace.team,Password1234
65926@user.marketplace.team,Password1234
65935@user.marketplace.team,Password1234
65936@user.marketplace.team,Password1234
65938@user.marketplace.team,Password1234
65941@user.marketplace.team,Password1234
65947@user.marketplace.team,Password1234
65964@user.marketplace.team,Password1234
65972@user.marketplace.team,Password1234
65990@user.marketplace.team,Password1234
66006@user.marketplace.team,Password1234
66011@user.marketplace.team,Password1234
66012@user.marketplace.team,Password1234
66021@user.marketplace.team,Password1234
66048@user.marketplace.team,Password1234
66064@user.marketplace.team,Password1234
66083@user.marketplace.team,Password1234
66094@user.marketplace.team,Password1234
66098@user.marketplace.team,Password1234
66109@user.marketplace.team,Password1234
66110@user.marketplace.team,Password1234
66123@user.marketplace.team,Password1234
66128@user.marketplace.team,Password1234
66142@user.marketplace.team,Password1234
66149@user.marketplace.team,Password1234
66156@user.marketplace.team,Password1234
66174@user.marketplace.team,Password1234
66176@user.marketplace.team,Password1234
66181@user.marketplace.team,Password1234
66188@user.marketplace.team,Password1234
66198@user.marketplace.team,Password1234
66200@user.marketplace.team,Password1234
66203@user.marketplace.team,Password1234
66206@user.marketplace.team,Password1234
66223@user.marketplace.team,Password1234
66229@user.marketplace.team,Password1234
66270@user.marketplace.team,Password1234
66272@user.marketplace.team,Password1234
66274@user.marketplace.team,Password1234
66275@user.marketplace.team,Password1234
66282@user.marketplace.team,Password1234
66283@user.marketplace.team,Password1234
66287@user.marketplace.team,Password1234
66290@user.marketplace.team,Password1234
66293@user.marketplace.team,Password1234
66296@user.marketplace.team,Password1234
66305@user.marketplace.team,Password1234
66309@user.marketplace.team,Password1234
66320@user.marketplace.team,Password1234
66336@user.marketplace.team,Password1234
66339@user.marketplace.team,Password1234
66347@user.marketplace.team,Password1234
66355@user.marketplace.team,Password1234
66356@user.marketplace.team,Password1234
66361@user.marketplace.team,Password1234
66362@user.marketplace.team,Password1234
66370@user.marketplace.team,Password1234
66377@user.marketplace.team,Password1234
66380@user.marketplace.team,Password1234
66381@user.marketplace.team,Password1234
66395@user.marketplace.team,Password1234
66402@user.marketplace.team,Password1234
66416@user.marketplace.team,Password1234
66424@user.marketplace.team,Password1234
66425@user.marketplace.team,Password1234
66431@user.marketplace.team,Password1234
66449@user.marketplace.team,Password1234
66450@user.marketplace.team,Password1234
66453@user.marketplace.team,Password1234
66456@user.marketplace.team,Password1234
66458@user.marketplace.team,Password1234
66459@user.marketplace.team,Password1234
66472@user.marketplace.team,Password1234
66479@user.marketplace.team,Password1234
66481@user.marketplace.team,Password1234
66495@user.marketplace.team,Password1234
66499@user.marketplace.team,Password1234
66501@user.marketplace.team,Password1234
66509@user.marketplace.team,Password1234
66511@user.marketplace.team,Password1234
66519@user.marketplace.team,Password1234
66520@user.marketplace.team,Password1234
66524@user.marketplace.team,Password1234
66527@user.marketplace.team,Password1234
66528@user.marketplace.team,Password1234
66529@user.marketplace.team,Password1234
66530@user.marketplace.team,Password1234
66537@user.marketplace.team,Password1234
66538@user.marketplace.team,Password1234
66543@user.marketplace.team,Password1234
66549@user.marketplace.team,Password1234
66566@user.marketplace.team,Password1234
66578@user.marketplace.team,Password1234
66582@user.marketplace.team,Password1234
66584@user.marketplace.team,Password1234
66588@user.marketplace.team,Password1234
66594@user.marketplace.team,Password1234
66597@user.marketplace.team,Password1234
66600@user.marketplace.team,Password1234
66601@user.marketplace.team,Password1234
66602@user.marketplace.team,Password1234
66603@user.marketplace.team,Password1234
66621@user.marketplace.team,Password1234
66622@user.marketplace.team,Password1234
66757@user.marketplace.team,Password1234
66796@user.marketplace.team,Password1234
66808@user.marketplace.team,Password1234
66818@user.marketplace.team,Password1234
66832@user.marketplace.team,Password1234
66887@user.marketplace.team,Password1234
66958@user.marketplace.team,Password1234
67044@user.marketplace.team,Password1234
67052@user.marketplace.team,Password1234
67226@user.marketplace.team,Password1234
67280@user.marketplace.team,Password1234
67305@user.marketplace.team,Password1234
67308@user.marketplace.team,Password1234
67310@user.marketplace.team,Password1234
67351@user.marketplace.team,Password1234
67376@user.marketplace.team,Password1234
67379@user.marketplace.team,Password1234
67456@user.marketplace.team,Password1234
67499@user.marketplace.team,Password1234
67523@user.marketplace.team,Password1234
67587@user.marketplace.team,Password1234
67624@user.marketplace.team,Password1234
67629@user.marketplace.team,Password1234
67671@user.marketplace.team,Password1234
67827@user.marketplace.team,Password1234
67837@user.marketplace.team,Password1234
67940@user.marketplace.team,Password1234
67952@user.marketplace.team,Password1234
68000@user.marketplace.team,Password1234
68005@user.marketplace.team,Password1234
68014@user.marketplace.team,Password1234
68033@user.marketplace.team,Password1234
68046@user.marketplace.team,Password1234
68092@user.marketplace.team,Password1234
68146@user.marketplace.team,Password1234
68160@user.marketplace.team,Password1234
68185@user.marketplace.team,Password1234
68241@user.marketplace.team,Password1234
68288@user.marketplace.team,Password1234
68427@user.marketplace.team,Password1234
68554@user.marketplace.team,Password1234
68592@user.marketplace.team,Password1234
68597@user.marketplace.team,Password1234
68620@user.marketplace.team,Password1234
68668@user.marketplace.team,Password1234
68728@user.marketplace.team,Password1234
68959@user.marketplace.team,Password1234
68974@user.marketplace.team,Password1234
68991@user.marketplace.team,Password1234
69140@user.marketplace.team,Password1234
69148@user.marketplace.team,Password1234
69152@user.marketplace.team,Password1234
69237@user.marketplace.team,Password1234
69312@user.marketplace.team,Password1234
69471@user.marketplace.team,Password1234
69610@user.marketplace.team,Password1234
69624@user.marketplace.team,Password1234
69648@user.marketplace.team,Password1234
69653@user.marketplace.team,Password1234
69663@user.marketplace.team,Password1234
69726@user.marketplace.team,Password1234
69801@user.marketplace.team,Password1234
69872@user.marketplace.team,Password1234
69917@user.marketplace.team,Password1234
69959@user.marketplace.team,Password1234
70112@user.marketplace.team,Password1234
70237@user.marketplace.team,Password1234
70277@user.marketplace.team,Password1234
70373@user.marketplace.team,Password1234
70423@user.marketplace.team,Password1234
70472@user.marketplace.team,Password1234
70473@user.marketplace.team,Password1234
70556@user.marketplace.team,Password1234
70605@user.marketplace.team,Password1234
70633@user.marketplace.team,Password1234
70695@user.marketplace.team,Password1234
70729@user.marketplace.team,Password1234
70742@user.marketplace.team,Password1234
70787@user.marketplace.team,Password1234
70830@user.marketplace.team,Password1234
70831@user.marketplace.team,Password1234
70866@user.marketplace.team,Password1234
70993@user.marketplace.team,Password1234
71217@user.marketplace.team,Password1234
71333@user.marketplace.team,Password1234
71391@user.marketplace.team,Password1234
71412@user.marketplace.team,Password1234
71415@user.marketplace.team,Password1234
71657@user.marketplace.team,Password1234
71685@user.marketplace.team,Password1234
71690@user.marketplace.team,Password1234
71696@user.marketplace.team,Password1234
71722@user.marketplace.team,Password1234
71764@user.marketplace.team,Password1234
71820@user.marketplace.team,Password1234
71935@user.marketplace.team,Password1234
71946@user.marketplace.team,Password1234
72118@user.marketplace.team,Password1234
72282@user.marketplace.team,Password1234
72292@user.marketplace.team,Password1234
72422@user.marketplace.team,Password1234
72521@user.marketplace.team,Password1234
72537@user.marketplace.team,Password1234
72546@user.marketplace.team,Password1234
72554@user.marketplace.team,Password1234
72567@user.marketplace.team,Password1234
72572@user.marketplace.team,Password1234
72573@user.marketplace.team,Password1234
72575@user.marketplace.team,Password1234
72581@user.marketplace.team,Password1234
72583@user.marketplace.team,Password1234
72585@user.marketplace.team,Password1234
72588@user.marketplace.team,Password1234
72591@user.marketplace.team,Password1234
72592@user.marketplace.team,Password1234
72594@user.marketplace.team,Password1234
72597@user.marketplace.team,Password1234
72602@user.marketplace.team,Password1234
72603@user.marketplace.team,Password1234
72607@user.marketplace.team,Password1234
72612@user.marketplace.team,Password1234
72622@user.marketplace.team,Password1234
72623@user.marketplace.team,Password1234
72624@user.marketplace.team,Password1234
72625@user.marketplace.team,Password1234
72628@user.marketplace.team,Password1234
72629@user.marketplace.team,Password1234
72630@user.marketplace.team,Password1234
72633@user.marketplace.team,Password1234
72638@user.marketplace.team,Password1234
72640@user.marketplace.team,Password1234
72641@user.marketplace.team,Password1234
72642@user.marketplace.team,Password1234
72643@user.marketplace.team,Password1234
72644@user.marketplace.team,Password1234
72648@user.marketplace.team,Password1234
72655@user.marketplace.team,Password1234
72656@user.marketplace.team,Password1234
72657@user.marketplace.team,Password1234
72661@user.marketplace.team,Password1234
72662@user.marketplace.team,Password1234
72667@user.marketplace.team,Password1234
72668@user.marketplace.team,Password1234
72669@user.marketplace.team,Password1234
72670@user.marketplace.team,Password1234
72671@user.marketplace.team,Password1234
72673@user.marketplace.team,Password1234
72682@user.marketplace.team,Password1234
72686@user.marketplace.team,Password1234
72687@user.marketplace.team,Password1234
72691@user.marketplace.team,Password1234
72693@user.marketplace.team,Password1234
72695@user.marketplace.team,Password1234
72696@user.marketplace.team,Password1234
72700@user.marketplace.team,Password1234
72703@user.marketplace.team,Password1234
72706@user.marketplace.team,Password1234
72708@user.marketplace.team,Password1234
72714@user.marketplace.team,Password1234
72715@user.marketplace.team,Password1234
72720@user.marketplace.team,Password1234
72727@user.marketplace.team,Password1234
72731@user.marketplace.team,Password1234
72735@user.marketplace.team,Password1234
72738@user.marketplace.team,Password1234
72743@user.marketplace.team,Password1234
72756@user.marketplace.team,Password1234
72761@user.marketplace.team,Password1234
72762@user.marketplace.team,Password1234
72763@user.marketplace.team,Password1234
72765@user.marketplace.team,Password1234
72766@user.marketplace.team,Password1234
72770@user.marketplace.team,Password1234
72777@user.marketplace.team,Password1234
72778@user.marketplace.team,Password1234
72779@user.marketplace.team,Password1234
72787@user.marketplace.team,Password1234
72788@user.marketplace.team,Password1234
72789@user.marketplace.team,Password1234
72792@user.marketplace.team,Password1234
72796@user.marketplace.team,Password1234
72799@user.marketplace.team,Password1234
72803@user.marketplace.team,Password1234
72808@user.marketplace.team,Password1234
72809@user.marketplace.team,Password1234
72812@user.marketplace.team,Password1234
72814@user.marketplace.team,Password1234
72823@user.marketplace.team,Password1234
72832@user.marketplace.team,Password1234
72833@user.marketplace.team,Password1234
72834@user.marketplace.team,Password1234
72838@user.marketplace.team,Password1234
72839@user.marketplace.team,Password1234
72840@user.marketplace.team,Password1234
72842@user.marketplace.team,Password1234
72846@user.marketplace.team,Password1234
72853@user.marketplace.team,Password1234
72855@user.marketplace.team,Password1234
72856@user.marketplace.team,Password1234
72857@user.marketplace.team,Password1234
72858@user.marketplace.team,Password1234
72861@user.marketplace.team,Password1234
72866@user.marketplace.team,Password1234
72867@user.marketplace.team,Password1234
72874@user.marketplace.team,Password1234
73773@user.marketplace.team,Password1234
73776@user.marketplace.team,Password1234
73777@user.marketplace.team,Password1234
73779@user.marketplace.team,Password1234
73783@user.marketplace.team,Password1234
73784@user.marketplace.team,Password1234
73792@user.marketplace.team,Password1234
73794@user.marketplace.team,Password1234
73804@user.marketplace.team,Password1234
73805@user.marketplace.team,Password1234
73806@user.marketplace.team,Password1234
73815@user.marketplace.team,Password1234
73820@user.marketplace.team,Password1234
73827@user.marketplace.team,Password1234
73835@user.marketplace.team,Password1234
73842@user.marketplace.team,Password1234
73844@user.marketplace.team,Password1234
73854@user.marketplace.team,Password1234
73855@user.marketplace.team,Password1234
73861@user.marketplace.team,Password1234
73869@user.marketplace.team,Password1234
73871@user.marketplace.team,Password1234
73876@user.marketplace.team,Password1234
73879@user.marketplace.team,Password1234
73880@user.marketplace.team,Password1234
73881@user.marketplace.team,Password1234
73882@user.marketplace.team,Password1234
73894@user.marketplace.team,Password1234
73899@user.marketplace.team,Password1234
73904@user.marketplace.team,Password1234
73907@user.marketplace.team,Password1234
73910@user.marketplace.team,Password1234
73914@user.marketplace.team,Password1234
73923@user.marketplace.team,Password1234
73926@user.marketplace.team,Password1234
73933@user.marketplace.team,Password1234
73936@user.marketplace.team,Password1234
73941@user.marketplace.team,Password1234
73943@user.marketplace.team,Password1234
73950@user.marketplace.team,Password1234
73953@user.marketplace.team,Password1234
73964@user.marketplace.team,Password1234
73966@user.marketplace.team,Password1234
73974@user.marketplace.team,Password1234
73978@user.marketplace.team,Password1234
73984@user.marketplace.team,Password1234
73986@user.marketplace.team,Password1234
73999@user.marketplace.team,Password1234
74002@user.marketplace.team,Password1234
74003@user.marketplace.team,Password1234
74004@user.marketplace.team,Password1234
74007@user.marketplace.team,Password1234
74009@user.marketplace.team,Password1234
74010@user.marketplace.team,Password1234
74021@user.marketplace.team,Password1234
74024@user.marketplace.team,Password1234
74027@user.marketplace.team,Password1234
74043@user.marketplace.team,Password1234
74047@user.marketplace.team,Password1234
74057@user.marketplace.team,Password1234
74058@user.marketplace.team,Password1234
74061@user.marketplace.team,Password1234
74062@user.marketplace.team,Password1234
74070@user.marketplace.team,Password1234
74076@user.marketplace.team,Password1234
74081@user.marketplace.team,Password1234
74083@user.marketplace.team,Password1234
74102@user.marketplace.team,Password1234
74103@user.marketplace.team,Password1234
74110@user.marketplace.team,Password1234
74114@user.marketplace.team,Password1234
74117@user.marketplace.team,Password1234
74120@user.marketplace.team,Password1234
74121@user.marketplace.team,Password1234
74126@user.marketplace.team,Password1234
74130@user.marketplace.team,Password1234
74131@user.marketplace.team,Password1234
74132@user.marketplace.team,Password1234
74144@user.marketplace.team,Password1234
74151@user.marketplace.team,Password1234
74153@user.marketplace.team,Password1234
74155@user.marketplace.team,Password1234
74157@user.marketplace.team,Password1234
74159@user.marketplace.team,Password1234
74161@user.marketplace.team,Password1234
74168@user.marketplace.team,Password1234
74171@user.marketplace.team,Password1234
74174@user.marketplace.team,Password1234
74177@user.marketplace.team,Password1234
74180@user.marketplace.team,Password1234
74182@user.marketplace.team,Password1234
74183@user.marketplace.team,Password1234
74186@user.marketplace.team,Password1234
74194@user.marketplace.team,Password1234
74199@user.marketplace.team,Password1234
74202@user.marketplace.team,Password1234
74204@user.marketplace.team,Password1234
74205@user.marketplace.team,Password1234
74208@user.marketplace.team,Password1234
74211@user.marketplace.team,Password1234
74214@user.marketplace.team,Password1234
74218@user.marketplace.team,Password1234
74225@user.marketplace.team,Password1234
74231@user.marketplace.team,Password1234
74243@user.marketplace.team,Password1234
74257@user.marketplace.team,Password1234
74266@user.marketplace.team,Password1234
74268@user.marketplace.team,Password1234
74277@user.marketplace.team,Password1234
74278@user.marketplace.team,Password1234
74280@user.marketplace.team,Password1234
74282@user.marketplace.team,Password1234
74283@user.marketplace.team,Password1234
74303@user.marketplace.team,Password1234
74304@user.marketplace.team,Password1234
74305@user.marketplace.team,Password1234
74307@user.marketplace.team,Password1234
74308@user.marketplace.team,Password1234
74309@user.marketplace.team,Password1234
74315@user.marketplace.team,Password1234
74318@user.marketplace.team,Password1234
74319@user.marketplace.team,Password1234
74329@user.marketplace.team,Password1234
74331@user.marketplace.team,Password1234
74334@user.marketplace.team,Password1234
74336@user.marketplace.team,Password1234
74337@user.marketplace.team,Password1234
74342@user.marketplace.team,Password1234
74343@user.marketplace.team,Password1234
74348@user.marketplace.team,Password1234
74350@user.marketplace.team,Password1234
74355@user.marketplace.team,Password1234
74361@user.marketplace.team,Password1234
74364@user.marketplace.team,Password1234
74376@user.marketplace.team,Password1234
74378@user.marketplace.team,Password1234
74382@user.marketplace.team,Password1234
74388@user.marketplace.team,Password1234
74393@user.marketplace.team,Password1234
74394@user.marketplace.team,Password1234
74395@user.marketplace.team,Password1234
74397@user.marketplace.team,Password1234
74404@user.marketplace.team,Password1234
74418@user.marketplace.team,Password1234
74424@user.marketplace.team,Password1234
74446@user.marketplace.team,Password1234
74448@user.marketplace.team,Password1234
74450@user.marketplace.team,Password1234
74452@user.marketplace.team,Password1234
74456@user.marketplace.team,Password1234
74457@user.marketplace.team,Password1234
74460@user.marketplace.team,Password1234
74468@user.marketplace.team,Password1234
74476@user.marketplace.team,Password1234
74478@user.marketplace.team,Password1234
74482@user.marketplace.team,Password1234
74483@user.marketplace.team,Password1234
74485@user.marketplace.team,Password1234
74487@user.marketplace.team,Password1234
74488@user.marketplace.team,Password1234
74489@user.marketplace.team,Password1234
74490@user.marketplace.team,Password1234
74495@user.marketplace.team,Password1234
74497@user.marketplace.team,Password1234
74499@user.marketplace.team,Password1234
74505@user.marketplace.team,Password1234
74510@user.marketplace.team,Password1234
74520@user.marketplace.team,Password1234
74522@user.marketplace.team,Password1234
74526@user.marketplace.team,Password1234
74531@user.marketplace.team,Password1234
74533@user.marketplace.team,Password1234
74534@user.marketplace.team,Password1234
74536@user.marketplace.team,Password1234
74539@user.marketplace.team,Password1234
74540@user.marketplace.team,Password1234
74543@user.marketplace.team,Password1234
74549@user.marketplace.team,Password1234
74567@user.marketplace.team,Password1234
74573@user.marketplace.team,Password1234
74584@user.marketplace.team,Password1234
74588@user.marketplace.team,Password1234
74597@user.marketplace.team,Password1234
74601@user.marketplace.team,Password1234
74604@user.marketplace.team,Password1234
74612@user.marketplace.team,Password1234
74615@user.marketplace.team,Password1234
74617@user.marketplace.team,Password1234
74619@user.marketplace.team,Password1234
74621@user.marketplace.team,Password1234
74622@user.marketplace.team,Password1234
74624@user.marketplace.team,Password1234
74628@user.marketplace.team,Password1234
74629@user.marketplace.team,Password1234
74633@user.marketplace.team,Password1234
74642@user.marketplace.team,Password1234
74645@user.marketplace.team,Password1234
74649@user.marketplace.team,Password1234
74654@user.marketplace.team,Password1234
74658@user.marketplace.team,Password1234
74663@user.marketplace.team,Password1234
74668@user.marketplace.team,Password1234
74671@user.marketplace.team,Password1234
74672@user.marketplace.team,Password1234
74674@user.marketplace.team,Password1234
74679@user.marketplace.team,Password1234
74680@user.marketplace.team,Password1234
74682@user.marketplace.team,Password1234
74685@user.marketplace.team,Password1234
74687@user.marketplace.team,Password1234
74688@user.marketplace.team,Password1234
74689@user.marketplace.team,Password1234
74693@user.marketplace.team,Password1234
74695@user.marketplace.team,Password1234
74697@user.marketplace.team,Password1234
74701@user.marketplace.team,Password1234
74708@user.marketplace.team,Password1234
74715@user.marketplace.team,Password1234
74716@user.marketplace.team,Password1234
74721@user.marketplace.team,Password1234
74724@user.marketplace.team,Password1234
74726@user.marketplace.team,Password1234
74731@user.marketplace.team,Password1234
74732@user.marketplace.team,Password1234
74736@user.marketplace.team,Password1234
74737@user.marketplace.team,Password1234
74739@user.marketplace.team,Password1234
74740@user.marketplace.team,Password1234
74741@user.marketplace.team,Password1234
74743@user.marketplace.team,Password1234
74744@user.marketplace.team,Password1234
74747@user.marketplace.team,Password1234
74753@user.marketplace.team,Password1234
74756@user.marketplace.team,Password1234
74760@user.marketplace.team,Password1234
74768@user.marketplace.team,Password1234
74779@user.marketplace.team,Password1234
74782@user.marketplace.team,Password1234
74784@user.marketplace.team,Password1234
74792@user.marketplace.team,Password1234
74800@user.marketplace.team,Password1234
74804@user.marketplace.team,Password1234
74805@user.marketplace.team,Password1234
74809@user.marketplace.team,Password1234
74811@user.marketplace.team,Password1234
74814@user.marketplace.team,Password1234
74824@user.marketplace.team,Password1234
74828@user.marketplace.team,Password1234
74831@user.marketplace.team,Password1234
74842@user.marketplace.team,Password1234
74860@user.marketplace.team,Password1234
74865@user.marketplace.team,Password1234
74868@user.marketplace.team,Password1234
74870@user.marketplace.team,Password1234
74880@user.marketplace.team,Password1234
74883@user.marketplace.team,Password1234
74885@user.marketplace.team,Password1234
74902@user.marketplace.team,Password1234
74904@user.marketplace.team,Password1234
74911@user.marketplace.team,Password1234
74914@user.marketplace.team,Password1234
74918@user.marketplace.team,Password1234
74925@user.marketplace.team,Password1234
74929@user.marketplace.team,Password1234
74932@user.marketplace.team,Password1234
74933@user.marketplace.team,Password1234
74934@user.marketplace.team,Password1234
74936@user.marketplace.team,Password1234
74937@user.marketplace.team,Password1234
74941@user.marketplace.team,Password1234
74946@user.marketplace.team,Password1234
74951@user.marketplace.team,Password1234
74953@user.marketplace.team,Password1234
74954@user.marketplace.team,Password1234
74959@user.marketplace.team,Password1234
74963@user.marketplace.team,Password1234
74965@user.marketplace.team,Password1234
74970@user.marketplace.team,Password1234
74972@user.marketplace.team,Password1234
74974@user.marketplace.team,Password1234
74980@user.marketplace.team,Password1234
74981@user.marketplace.team,Password1234
74982@user.marketplace.team,Password1234
74983@user.marketplace.team,Password1234
74984@user.marketplace.team,Password1234
74987@user.marketplace.team,Password1234
74997@user.marketplace.team,Password1234
75003@user.marketplace.team,Password1234
75017@user.marketplace.team,Password1234
75018@user.marketplace.team,Password1234
75020@user.marketplace.team,Password1234
75021@user.marketplace.team,Password1234
75023@user.marketplace.team,Password1234
75029@user.marketplace.team,Password1234
75040@user.marketplace.team,Password1234
75047@user.marketplace.team,Password1234
75057@user.marketplace.team,Password1234
75062@user.marketplace.team,Password1234
75067@user.marketplace.team,Password1234
75068@user.marketplace.team,Password1234
75071@user.marketplace.team,Password1234
75092@user.marketplace.team,Password1234
75093@user.marketplace.team,Password1234
75095@user.marketplace.team,Password1234
75100@user.marketplace.team,Password1234
75103@user.marketplace.team,Password1234
75104@user.marketplace.team,Password1234
75106@user.marketplace.team,Password1234
75111@user.marketplace.team,Password1234
75117@user.marketplace.team,Password1234
75119@user.marketplace.team,Password1234
75124@user.marketplace.team,Password1234
75128@user.marketplace.team,Password1234
75131@user.marketplace.team,Password1234
75150@user.marketplace.team,Password1234
75160@user.marketplace.team,Password1234
75165@user.marketplace.team,Password1234
75169@user.marketplace.team,Password1234
75172@user.marketplace.team,Password1234
75175@user.marketplace.team,Password1234
75180@user.marketplace.team,Password1234
75189@user.marketplace.team,Password1234
75190@user.marketplace.team,Password1234
75192@user.marketplace.team,Password1234
75193@user.marketplace.team,Password1234
75198@user.marketplace.team,Password1234
75199@user.marketplace.team,Password1234
75202@user.marketplace.team,Password1234
75208@user.marketplace.team,Password1234
75215@user.marketplace.team,Password1234
75219@user.marketplace.team,Password1234
75220@user.marketplace.team,Password1234
75224@user.marketplace.team,Password1234
75230@user.marketplace.team,Password1234
75246@user.marketplace.team,Password1234
75252@user.marketplace.team,Password1234
75256@user.marketplace.team,Password1234
75265@user.marketplace.team,Password1234
75268@user.marketplace.team,Password1234
75270@user.marketplace.team,Password1234
75278@user.marketplace.team,Password1234
75293@user.marketplace.team,Password1234
75294@user.marketplace.team,Password1234
75312@user.marketplace.team,Password1234
75315@user.marketplace.team,Password1234
75316@user.marketplace.team,Password1234
75319@user.marketplace.team,Password1234
75339@user.marketplace.team,Password1234
75356@user.marketplace.team,Password1234
75372@user.marketplace.team,Password1234
75378@user.marketplace.team,Password1234
75389@user.marketplace.team,Password1234
75401@user.marketplace.team,Password1234
75414@user.marketplace.team,Password1234
75415@user.marketplace.team,Password1234
75419@user.marketplace.team,Password1234
75420@user.marketplace.team,Password1234
75426@user.marketplace.team,Password1234
75434@user.marketplace.team,Password1234
75443@user.marketplace.team,Password1234
75459@user.marketplace.team,Password1234
75464@user.marketplace.team,Password1234
75467@user.marketplace.team,Password1234
75472@user.marketplace.team,Password1234
75480@user.marketplace.team,Password1234
75488@user.marketplace.team,Password1234
75525@user.marketplace.team,Password1234
75533@user.marketplace.team,Password1234
75540@user.marketplace.team,Password1234
75542@user.marketplace.team,Password1234
75545@user.marketplace.team,Password1234
75546@user.marketplace.team,Password1234
75547@user.marketplace.team,Password1234
75557@user.marketplace.team,Password1234
75562@user.marketplace.team,Password1234
75565@user.marketplace.team,Password1234
75572@user.marketplace.team,Password1234
75574@user.marketplace.team,Password1234
75583@user.marketplace.team,Password1234
75586@user.marketplace.team,Password1234
75596@user.marketplace.team,Password1234
75597@user.marketplace.team,Password1234
75600@user.marketplace.team,Password1234
75601@user.marketplace.team,Password1234
75615@user.marketplace.team,Password1234
75648@user.marketplace.team,Password1234
75656@user.marketplace.team,Password1234
75683@user.marketplace.team,Password1234
75689@user.marketplace.team,Password1234
75695@user.marketplace.team,Password1234
75719@user.marketplace.team,Password1234
75735@user.marketplace.team,Password1234
75736@user.marketplace.team,Password1234
75737@user.marketplace.team,Password1234
75743@user.marketplace.team,Password1234
75763@user.marketplace.team,Password1234
75775@user.marketplace.team,Password1234
75778@user.marketplace.team,Password1234
75780@user.marketplace.team,Password1234
75786@user.marketplace.team,Password1234
75801@user.marketplace.team,Password1234
75807@user.marketplace.team,Password1234
75808@user.marketplace.team,Password1234
75811@user.marketplace.team,Password1234
75817@user.marketplace.team,Password1234
75818@user.marketplace.team,Password1234
75828@user.marketplace.team,Password1234
75832@user.marketplace.team,Password1234
75845@user.marketplace.team,Password1234
75848@user.marketplace.team,Password1234
75854@user.marketplace.team,Password1234
75871@user.marketplace.team,Password1234
75882@user.marketplace.team,Password1234
75886@user.marketplace.team,Password1234
75890@user.marketplace.team,Password1234
75899@user.marketplace.team,Password1234
75902@user.marketplace.team,Password1234
75909@user.marketplace.team,Password1234
75911@user.marketplace.team,Password1234
75913@user.marketplace.team,Password1234
75915@user.marketplace.team,Password1234
75921@user.marketplace.team,Password1234
75933@user.marketplace.team,Password1234
75935@user.marketplace.team,Password1234
75960@user.marketplace.team,Password1234
75980@user.marketplace.team,Password1234
75986@user.marketplace.team,Password1234
75989@user.marketplace.team,Password1234
75999@user.marketplace.team,Password1234
76005@user.marketplace.team,Password1234
76011@user.marketplace.team,Password1234
76019@user.marketplace.team,Password1234
76020@user.marketplace.team,Password1234
76025@user.marketplace.team,Password1234
76050@user.marketplace.team,Password1234
76056@user.marketplace.team,Password1234
76057@user.marketplace.team,Password1234
76079@user.marketplace.team,Password1234
76084@user.marketplace.team,Password1234
76097@user.marketplace.team,Password1234
76104@user.marketplace.team,Password1234
76118@user.marketplace.team,Password1234
76120@user.marketplace.team,Password1234
76124@user.marketplace.team,Password1234
76129@user.marketplace.team,Password1234
76131@user.marketplace.team,Password1234
76144@user.marketplace.team,Password1234
76153@user.marketplace.team,Password1234
76159@user.marketplace.team,Password1234
76165@user.marketplace.team,Password1234
76194@user.marketplace.team,Password1234
76208@user.marketplace.team,Password1234
76209@user.marketplace.team,Password1234
76217@user.marketplace.team,Password1234
76236@user.marketplace.team,Password1234
76286@user.marketplace.team,Password1234
76292@user.marketplace.team,Password1234
76293@user.marketplace.team,Password1234
76298@user.marketplace.team,Password1234
76299@user.marketplace.team,Password1234
76317@user.marketplace.team,Password1234
76326@user.marketplace.team,Password1234
76329@user.marketplace.team,Password1234
76376@user.marketplace.team,Password1234
76381@user.marketplace.team,Password1234
76382@user.marketplace.team,Password1234
76393@user.marketplace.team,Password1234
76394@user.marketplace.team,Password1234
76397@user.marketplace.team,Password1234
76405@user.marketplace.team,Password1234
76412@user.marketplace.team,Password1234
76413@user.marketplace.team,Password1234
76415@user.marketplace.team,Password1234
76418@user.marketplace.team,Password1234
76422@user.marketplace.team,Password1234
76441@user.marketplace.team,Password1234
76442@user.marketplace.team,Password1234
76459@user.marketplace.team,Password1234
76462@user.marketplace.team,Password1234
76464@user.marketplace.team,Password1234
76470@user.marketplace.team,Password1234
76473@user.marketplace.team,Password1234
76488@user.marketplace.team,Password1234
76549@user.marketplace.team,Password1234
76554@user.marketplace.team,Password1234
76557@user.marketplace.team,Password1234
76563@user.marketplace.team,Password1234
76564@user.marketplace.team,Password1234
76568@user.marketplace.team,Password1234
76582@user.marketplace.team,Password1234
76584@user.marketplace.team,Password1234
76590@user.marketplace.team,Password1234
76598@user.marketplace.team,Password1234
76613@user.marketplace.team,Password1234
76618@user.marketplace.team,Password1234
76625@user.marketplace.team,Password1234
76633@user.marketplace.team,Password1234
76634@user.marketplace.team,Password1234
76649@user.marketplace.team,Password1234
76653@user.marketplace.team,Password1234
76658@user.marketplace.team,Password1234
76661@user.marketplace.team,Password1234
76675@user.marketplace.team,Password1234
76694@user.marketplace.team,Password1234
76721@user.marketplace.team,Password1234
76761@user.marketplace.team,Password1234
76788@user.marketplace.team,Password1234
76840@user.marketplace.team,Password1234
76842@user.marketplace.team,Password1234
76866@user.marketplace.team,Password1234
76869@user.marketplace.team,Password1234
76877@user.marketplace.team,Password1234
76886@user.marketplace.team,Password1234
76901@user.marketplace.team,Password1234
76915@user.marketplace.team,Password1234
76935@user.marketplace.team,Password1234
76937@user.marketplace.team,Password1234
76947@user.marketplace.team,Password1234
76951@user.marketplace.team,Password1234
76957@user.marketplace.team,Password1234
76963@user.marketplace.team,Password1234
76977@user.marketplace.team,Password1234
76994@user.marketplace.team,Password1234
76997@user.marketplace.team,Password1234
77004@user.marketplace.team,Password1234
77006@user.marketplace.team,Password1234
77028@user.marketplace.team,Password1234
77046@user.marketplace.team,Password1234
77062@user.marketplace.team,Password1234
77072@user.marketplace.team,Password1234
77073@user.marketplace.team,Password1234
77080@user.marketplace.team,Password1234
77081@user.marketplace.team,Password1234
77085@user.marketplace.team,Password1234
77099@user.marketplace.team,Password1234
77103@user.marketplace.team,Password1234
77128@user.marketplace.team,Password1234
77131@user.marketplace.team,Password1234
77153@user.marketplace.team,Password1234
77154@user.marketplace.team,Password1234
77164@user.marketplace.team,Password1234
77168@user.marketplace.team,Password1234
77185@user.marketplace.team,Password1234
77190@user.marketplace.team,Password1234
77225@user.marketplace.team,Password1234
77242@user.marketplace.team,Password1234
77251@user.marketplace.team,Password1234
77257@user.marketplace.team,Password1234
77268@user.marketplace.team,Password1234
77272@user.marketplace.team,Password1234
77277@user.marketplace.team,Password1234
77292@user.marketplace.team,Password1234
77306@user.marketplace.team,Password1234
77312@user.marketplace.team,Password1234
77315@user.marketplace.team,Password1234
77328@user.marketplace.team,Password1234
77337@user.marketplace.team,Password1234
77339@user.marketplace.team,Password1234
77343@user.marketplace.team,Password1234
77348@user.marketplace.team,Password1234
77357@user.marketplace.team,Password1234
77362@user.marketplace.team,Password1234
77368@user.marketplace.team,Password1234
77375@user.marketplace.team,Password1234
77387@user.marketplace.team,Password1234
77390@user.marketplace.team,Password1234
77400@user.marketplace.team,Password1234
77401@user.marketplace.team,Password1234
77432@user.marketplace.team,Password1234
77467@user.marketplace.team,Password1234
77470@user.marketplace.team,Password1234
77478@user.marketplace.team,Password1234
77496@user.marketplace.team,Password1234
77501@user.marketplace.team,Password1234
77511@user.marketplace.team,Password1234
77517@user.marketplace.team,Password1234
77518@user.marketplace.team,Password1234
77531@user.marketplace.team,Password1234
77533@user.marketplace.team,Password1234
77551@user.marketplace.team,Password1234
77582@user.marketplace.team,Password1234
77583@user.marketplace.team,Password1234
77590@user.marketplace.team,Password1234
77591@user.marketplace.team,Password1234
77601@user.marketplace.team,Password1234
77614@user.marketplace.team,Password1234
77615@user.marketplace.team,Password1234
77631@user.marketplace.team,Password1234
77635@user.marketplace.team,Password1234
77666@user.marketplace.team,Password1234
77694@user.marketplace.team,Password1234
77702@user.marketplace.team,Password1234
77719@user.marketplace.team,Password1234
77724@user.marketplace.team,Password1234
77741@user.marketplace.team,Password1234
77751@user.marketplace.team,Password1234
77775@user.marketplace.team,Password1234
77786@user.marketplace.team,Password1234
77793@user.marketplace.team,Password1234
77809@user.marketplace.team,Password1234
77815@user.marketplace.team,Password1234
77816@user.marketplace.team,Password1234
77826@user.marketplace.team,Password1234
77846@user.marketplace.team,Password1234
77852@user.marketplace.team,Password1234
77857@user.marketplace.team,Password1234
77861@user.marketplace.team,Password1234
77867@user.marketplace.team,Password1234
77877@user.marketplace.team,Password1234
77884@user.marketplace.team,Password1234
77905@user.marketplace.team,Password1234
77926@user.marketplace.team,Password1234
77940@user.marketplace.team,Password1234
77943@user.marketplace.team,Password1234
77960@user.marketplace.team,Password1234
77973@user.marketplace.team,Password1234
77979@user.marketplace.team,Password1234
77985@user.marketplace.team,Password1234
77990@user.marketplace.team,Password1234
78001@user.marketplace.team,Password1234
78010@user.marketplace.team,Password1234
78014@user.marketplace.team,Password1234
78024@user.marketplace.team,Password1234
78031@user.marketplace.team,Password1234
78054@user.marketplace.team,Password1234
78060@user.marketplace.team,Password1234
78090@user.marketplace.team,Password1234
78101@user.marketplace.team,Password1234
78114@user.marketplace.team,Password1234
78116@user.marketplace.team,Password1234
78117@user.marketplace.team,Password1234
78133@user.marketplace.team,Password1234
78137@user.marketplace.team,Password1234
78160@user.marketplace.team,Password1234
78193@user.marketplace.team,Password1234
78198@user.marketplace.team,Password1234
78202@user.marketplace.team,Password1234
78205@user.marketplace.team,Password1234
78221@user.marketplace.team,Password1234
78232@user.marketplace.team,Password1234
78243@user.marketplace.team,Password1234
78262@user.marketplace.team,Password1234
78280@user.marketplace.team,Password1234
78291@user.marketplace.team,Password1234
78316@user.marketplace.team,Password1234
78338@user.marketplace.team,Password1234
78343@user.marketplace.team,Password1234
78345@user.marketplace.team,Password1234
78347@user.marketplace.team,Password1234
78356@user.marketplace.team,Password1234
78396@user.marketplace.team,Password1234
78405@user.marketplace.team,Password1234
78417@user.marketplace.team,Password1234
78420@user.marketplace.team,Password1234
78444@user.marketplace.team,Password1234
78447@user.marketplace.team,Password1234
78451@user.marketplace.team,Password1234
78457@user.marketplace.team,Password1234
78458@user.marketplace.team,Password1234
78459@user.marketplace.team,Password1234
78472@user.marketplace.team,Password1234
78474@user.marketplace.team,Password1234
78485@user.marketplace.team,Password1234
78486@user.marketplace.team,Password1234
78489@user.marketplace.team,Password1234
78502@user.marketplace.team,Password1234
78510@user.marketplace.team,Password1234
78520@user.marketplace.team,Password1234
78539@user.marketplace.team,Password1234
78646@user.marketplace.team,Password1234
78682@user.marketplace.team,Password1234
78706@user.marketplace.team,Password1234
78720@user.marketplace.team,Password1234
78830@user.marketplace.team,Password1234
78845@user.marketplace.team,Password1234
78883@user.marketplace.team,Password1234
78933@user.marketplace.team,Password1234
79014@user.marketplace.team,Password1234
79076@user.marketplace.team,Password1234
79085@user.marketplace.team,Password1234
79089@user.marketplace.team,Password1234
79126@user.marketplace.team,Password1234
79156@user.marketplace.team,Password1234
79176@user.marketplace.team,Password1234
79179@user.marketplace.team,Password1234
79248@user.marketplace.team,Password1234
79277@user.marketplace.team,Password1234
79279@user.marketplace.team,Password1234
79280@user.marketplace.team,Password1234
79281@user.marketplace.team,Password1234
79287@user.marketplace.team,Password1234
79506@user.marketplace.team,Password1234
79565@user.marketplace.team,Password1234
79580@user.marketplace.team,Password1234
79600@user.marketplace.team,Password1234
79613@user.marketplace.team,Password1234
79664@user.marketplace.team,Password1234
79715@user.marketplace.team,Password1234
79717@user.marketplace.team,Password1234
79761@user.marketplace.team,Password1234
79772@user.marketplace.team,Password1234
79786@user.marketplace.team,Password1234
79800@user.marketplace.team,Password1234
79804@user.marketplace.team,Password1234
79963@user.marketplace.team,Password1234
79984@user.marketplace.team,Password1234
80038@user.marketplace.team,Password1234
80044@user.marketplace.team,Password1234
80048@user.marketplace.team,Password1234
80119@user.marketplace.team,Password1234
80191@user.marketplace.team,Password1234
80194@user.marketplace.team,Password1234
80205@user.marketplace.team,Password1234
80273@user.marketplace.team,Password1234
80659@user.marketplace.team,Password1234
80691@user.marketplace.team,Password1234